,Cena,Cena za jednotku,Dispozice,DostupnÃ© od,GPS coordinates,Images,Konstrukce budovy,NÃ­zkoenergetickÃ½,PENB,Plocha pozemku,PodlaÅ¾Ã­,Poloha domu,Property Description,Property Name,ProvedenÃ­,Rekonstrukce,Rizika,Stav,StÃ¡Å™Ã­,Typ pozemku,URL,UmÃ­stÄ›nÃ­,UÅ¾itnÃ¡ plocha,VlastnictvÃ­,Vybaveno,VytÃ¡pÄ›nÃ­,id,listing_hash,ÄŒÃ­slo inzerÃ¡tu
Energie,19Â 500Â 000Â KÄ,53Â 571Â KÄ/ m2,7+1,12. 5. 2025,"49.9482743,14.41036",N/A,Cihla,,C - ÃšspornÃ¡,920,,SamostatnÃ½,"PÅ™Ã­mÃ½ majitel nabÃ­zÃ­ k prodeji rodinnÃ½ dÅ¯m 7+1 v klidnÃ© ÄÃ¡sti obce Ohrobec.KomfortnÃ­ bydlenÃ­ s velkou zahradouJednou z hlavnÃ­ch pÅ™ednostÃ­ tohoto domu je jeho velkorysÃ¡ rozloha, kterÃ¡ poskytuje dostatek prostoru pro pohodlnÃ© rodinnÃ© bydlenÃ­ i reprezentativnÃ­ zÃ¡zemÃ­. Dispozice 7+1 s uÅ¾itnou plochou 364 mÂ² nabÃ­zÃ­ prostornÃ© a funkÄnÄ› Å™eÅ¡enÃ© interiÃ©ry, zatÃ­mco zahrada o velikosti 920 mÂ² pÅ™inÃ¡Å¡Ã­ soukromÃ­ a moÅ¾nost relaxace v zeleni.Tento velkorysÃ½ rodinnÃ½ dÅ¯m nabÃ­zÃ­ 7 prostornÃ½ch pokojÅ¯, kterÃ© poskytujÃ­ dostatek mÃ­sta pro komfortnÃ­ bydlenÃ­ celÃ© rodiny. Srdcem domu je svÄ›tlÃ¡ a otevÅ™enÃ¡ kuchynÄ› s jÃ­delnÃ­m koutem, ideÃ¡lnÃ­ pro spoleÄnÃ© chvÃ­le a kulinÃ¡Å™skÃ© zÃ¡Å¾itky.Lokalita v blÃ­zkosti pÅ™Ã­rody i mÄ›staOhrobec-KÃ¡rov je malebnÃ¡ a vyhledÃ¡vanÃ¡ lokalita na jiÅ¾nÃ­m okraji Prahy, kterÃ¡ spojuje klid venkova s vÃ½hodami mÄ›stskÃ© dostupnosti. DÅ¯m se nachÃ¡zÃ­ pouhÃ½ch 100 metrÅ¯ od zastÃ¡vky MHD s pÅ™Ã­mÃ½m spojenÃ­m na metro linky C (Opatov), coÅ¾ zajiÅ¡Å¥uje rychlou a pohodlnou dopravu do centra mÄ›sta. ObÄanskÃ¡ vybavenost je v obci na vysokÃ© Ãºrovni â€“ nachÃ¡zÃ­ se zde mateÅ™skÃ¡ Å¡kola i zÃ¡kladnÃ­ Å¡kola s 1. a 2. stupnÄ›m, coÅ¾ ÄinÃ­ lokalitu ideÃ¡lnÃ­ pro rodinnÃ© bydlenÃ­.DÃ­ky jihovÃ½chodnÃ­ orientaci vÄ›tÅ¡iny mÃ­stnostÃ­ je interiÃ©r zalitÃ½ pÅ™irozenÃ½m svÄ›tlem po celÃ½ den, coÅ¾ vytvÃ¡Å™Ã­ pÅ™Ã­jemnou a harmonickou atmosfÃ©ru. KromÄ› krÃ¡snÃ½ch obytnÃ½ch prostor se v domÄ› nachÃ¡zÃ­ takÃ© praktickÃ¡ Å¡atna, kterÃ¡ je vybavena vestavÄ›nÃ½m nÃ¡bytkem â€“ nenÃ­ jen elegantnÃ­m, ale i funkÄnÃ­m Å™eÅ¡enÃ­m pro uskladnÄ›nÃ­ obleÄenÃ­ a doplÅˆkÅ¯.NavÃ­c, dÃ­ky promyÅ¡lenÃ©mu dispoziÄnÃ­mu Å™eÅ¡enÃ­ dÅ¯m nabÃ­zÃ­ dostatek soukromÃ­ i otevÅ™enÃ©ho prostoru, coÅ¾ jej ÄinÃ­ ideÃ¡lnÃ­m jak pro rodinnÃ½ Å¾ivot, tak pro pohodlnÃ© pracovnÃ­ zÃ¡zemÃ­.TechnickÃ© vybavenÃ­DÅ¯m je vybaven dvÄ›ma tepelnÃ½mi Äerpadly a vyuÅ¾Ã­vÃ¡ kombinovanou otopnou soustavu s teplovodnÃ­m podlahovÃ½m vytÃ¡pÄ›nÃ­m a radiÃ¡tory, coÅ¾ zajiÅ¡Å¥uje optimÃ¡lnÃ­ tepelnÃ½ komfort. Objekt je napojen na vodovodnÃ­ a kanalizaÄnÃ­ Å™Ã¡d a zÃ¡roveÅˆ disponuje vlastnÃ­m zdrojem vody v podobÄ› kopanÃ© studny. NavÃ­c dÅ¯m disponuje nÃ¡dhernÃ½m kachlovÃ½m krbem na dÅ™evo, kterÃ½ se nachÃ¡zÃ­ v obÃ½vacÃ­m pokoji a svÃ½m provedenÃ­m zasahuje i do prostoru jÃ­delny, ÄÃ­mÅ¾ vytvÃ¡Å™Ã­ jedineÄnou atmosfÃ©ru domova.DÃ­ky jihovÃ½chodnÃ­ orientaci vÄ›tÅ¡iny mÃ­stnostÃ­ je interiÃ©r zalitÃ½ pÅ™irozenÃ½m svÄ›tlem po celÃ½ den, coÅ¾ vytvÃ¡Å™Ã­ pÅ™Ã­jemnou a harmonickou atmosfÃ©ru. KromÄ› krÃ¡snÃ½ch obytnÃ½ch prostor se v domÄ› nachÃ¡zÃ­ takÃ© praktickÃ¡ Å¡atna, kterÃ¡ je vybavena vestavÄ›nÃ½m nÃ¡bytkem â€“ nenÃ­ jen elegantnÃ­m, ale i funkÄnÃ­m Å™eÅ¡enÃ­m pro uskladnÄ›nÃ­ obleÄenÃ­ a doplÅˆkÅ¯.NavÃ­c, dÃ­ky promyÅ¡lenÃ©mu dispoziÄnÃ­mu Å™eÅ¡enÃ­ dÅ¯m nabÃ­zÃ­ dostatek soukromÃ­ i otevÅ™enÃ©ho prostoru, coÅ¾ jej ÄinÃ­ ideÃ¡lnÃ­m jak pro rodinnÃ½ Å¾ivot, tak pro pohodlnÃ© pracovnÃ­ zÃ¡zemÃ­.",Prodej domu,,,ProvÄ›Å™it Â»,Velmi dobrÃ½,,,https://www.bezrealitky.cz/nemovitosti-byty-domy/904541-nabidka-prodej-domu-jarovska-ohrobec,,364,OsobnÃ­,ÄŒÃ¡steÄnÄ›,,904541,6355e98ab6a969cede671c8764fcf3e70ca0d06621a6f58768109267385fb92f,904541
Sklep 10 mÂ²,6Â 190Â 000Â KÄ,99Â 839Â KÄ/ m2,2+kk,18. 3. 2025,"50.1142197,14.4757462",N/A,Cihla,,G - MimoÅ™Ã¡dnÄ› nehospodÃ¡rnÃ¡,,1. podlaÅ¾Ã­ z 2,,"ModernÃ­ 2,5+kk s velkÃ½m sklepem, zahradou a potenciÃ¡lem rÅ¯stu hodnoty â€“ Zenklova, Praha 8NabÃ­zÃ­me ke koupi stylovÄ› zrekonstruovanÃ½ druÅ¾stevnÃ­ byt 2,5+kk o rozloze 61 mÂ² v pÅ™Ã­zemÃ­ menÅ¡Ã­ho cihlovÃ©ho domu v oblÃ­benÃ© ÄÃ¡sti Prahy 8 â€“ LibeÅˆ. Tento byt zaujme nejen svÃ½m praktickÃ½m Å™eÅ¡enÃ­m a modernÃ­m provedenÃ­m, ale i zajÃ­mavou investiÄnÃ­ pÅ™Ã­leÅ¾itostÃ­ do budoucna.ğŸ”‘ ProÄ si byt zamilujete:âœ” PraktickÃ© a pohodlnÃ© pÅ™Ã­zemÃ­ â€“ Bez nutnosti schodÅ¯ nebo vÃ½tahu, ideÃ¡lnÃ­ pro rodiny s dÄ›tmi, seniory i aktivnÃ­ Å¾ivot s mazlÃ­Äky. PÅ™estoÅ¾e je dÅ¯m u frekventovanÄ›jÅ¡Ã­ ulice, dÃ­ky novÄ› opravenÃ©mu povrchu a jeÅ¡tÄ› kvalitnÄ› postavÃ©mu cihlovÃ©mu domu je byt klidnÃ½ a pÅ¯sobÃ­ velmi pÅ™Ã­jemnÄ›.âœ” KompletnÄ› zrekonstruovanÃ½ interiÃ©r â€“ NovÃ© rozvody, elektroinstalace, podlahy, koupelna i pÅ™Ã­prava na kuchyÅˆskou linku. Byt je pÅ™ipraven ihned k nastÄ›hovÃ¡nÃ­ â€“ bez nutnosti dalÅ¡Ã­ch investic.âœ” ChytrÃ© Å™eÅ¡enÃ­ a technologie â€“ LED osvÄ›tlenÃ­ ovladatelnÃ© pÅ™es telefon i dÃ¡lkovÃ½ ovladaÄ, rozvody datovÃ© sÃ­tÄ›, skrytÃ¡ kabelÃ¡Å¾, promyÅ¡lenÃ½ ÃºloÅ¾nÃ½ prostor, skrytÃ½ plynovÃ½ kotel a podlahovÃ© vytÃ¡pÄ›nÃ­ v koupelnÄ›.âœ” Dispozice s bonusem navÃ­c, 2,5+kk â€“ ObÃ½vacÃ­ pokoj s kuchyÅˆskÃ½m koutem, loÅ¾nice a menÅ¡Ã­ pokoj jako pracovna, dÄ›tskÃ½ pokoj nebo Å¡atna. SkvÄ›lÃ¡ volba pro pÃ¡ry, mladÃ© rodiny i jednotlivce.âœ” VelkÃ½ sklep 7â€“10 mÂ² â€“ NadstandardnÃ­ ÃºloÅ¾nÃ½ prostor pro kola, sportovnÃ­ vybavenÃ­ nebo sezÃ³nnÃ­ vÄ›ci.âœ” Zahrada se zÃ¡zemÃ­m pro obyvatele + park pro spoleÄnÃ© vychÃ¡zky â€“ SpoleÄnÃ¡ zahrada s bazÃ©nem, grilem a pergolou nabÃ­zÃ­ oÃ¡zu klidu a pÅ™Ã­leÅ¾itost pro letnÃ­ relax nebo posezenÃ­ s pÅ™Ã¡teli. A hned za domem se navÃ­c nachÃ¡zÃ­ park, ideÃ¡lnÃ­ pro prochÃ¡zky, venÄenÃ­ psÅ¯ nebo hranÃ­ s dÄ›tmi.âœ” BezproblÃ©movÃ© parkovÃ¡nÃ­ â€“ Ve dvoÅ™e, pÅ™Ã­mo pÅ™ed domem nebo v postrannÃ­ slepÃ© a klidnÃ© ulici.âœ” StabilnÃ­ prostÅ™edÃ­ s jasnou budoucnostÃ­ â€“ DÅ¯m ÄekÃ¡ plÃ¡novanÃ¡ rekonstrukce spoleÄnÃ½ch prostor i pÅ™Ã­stavba. Po dokonÄenÃ­ bude dÅ¯m pÅ™eveden do osobnÃ­ho vlastnictvÃ­ a dojde k vyplacenÃ­ celÃ© anuity. VÅ¡e je v pÅ™Ã­pravÄ› s dÅ¯razem na komfort stÃ¡vajÃ­cÃ­ch obyvatel â€“ bez nepÅ™Ã­jemnÃ©ho stavebnÃ­ho chaosu.ğŸ“ˆ SkvÄ›lÃ¡ investice â€“ dnes i do budoucnaAktuÃ¡lnÃ­ cena bytu ÄinÃ­ cca 93.000 KÄ/mÂ², pÅ™iÄemÅ¾ po rekonstrukci domu se oÄekÃ¡vÃ¡ nÃ¡rÅ¯st hodnoty na vÃ­ce jak 130.000 KÄ/mÂ².Tento byt je tak nejen ideÃ¡lnÃ­ pro vlastnÃ­ pohodlnÃ© bydlenÃ­, ale i Äistou investicÃ­ s vysokÃ½m potenciÃ¡lem zhodnocenÃ­ bÄ›hem pÃ¡r let.ğŸš‹ Dostupnost do centra bez kompromisÅ¯PÅ™Ã­mÃ¡ tramvajovÃ¡ linka vÃ¡s do centra Prahy dopravÃ­ za mÃ©nÄ› neÅ¾ 20 minut. V dosahu je i metro a veÅ¡kerÃ¡ obÄanskÃ¡ vybavenost â€“ Å¡koly, Å¡kolky, obchody, restaurace i zdravotnÃ­ pÃ©Äe (nemocnice).ğŸ’¡ HledÃ¡te byt, kterÃ½ spojuje modernÃ­ vybavenÃ­, dobrou lokalitu, zahradu i investiÄnÃ­ potenciÃ¡l? PÅ™ijÄte se podÃ­vat â€“ tento byt mÃ¡ opravdovÃ½ smysl.ğŸ“ Zavolejte si o prohlÃ­dku jeÅ¡tÄ› dnes!",Prodej bytu,StandardnÃ­,KompletnÃ­,,Po rekonstrukci,,,https://www.bezrealitky.cz/nemovitosti-byty-domy/881939-nabidka-prodej-bytu-zenklova-praha,Centrum,62,DruÅ¾stevnÃ­,ÄŒÃ¡steÄnÄ›,PlynovÃ©,881939,70e991d8def367086da1e1f70661e60c339d70e4d1055205272b91ae617fb6ef,881939
Energie,7Â 490Â 000Â KÄ,129Â 138Â KÄ/ m2,2+1,14. 5. 2025,"49.2292588,16.58658",N/A,Cihla,,G - MimoÅ™Ã¡dnÄ› nehospodÃ¡rnÃ¡,,2. podlaÅ¾Ã­ z 4,,"NabÃ­zÃ­me k prodeji byt 2+1 v osobnÃ­m vlastnictvÃ­, kterÃ½ se nachÃ¡zÃ­ ve druhÃ©m patÅ™e. Byt je po kompletnÃ­ rekonstrukci vÄ.elektrickÃ½ch rozvodÅ¯,podlah v kuchyni,pÅ™edsÃ­ni a koupelnÄ›,rekonstrukce koupelny vÄ.vodovodnÃ­ch rozvodÅ¯ a odpadÅ¯, novÃ½ch omÃ­tek,obloÅ¾kovÃ½ch zÃ¡rubnÃ­ a dveÅ™Ã­,vstupnÃ­ch bezpeÄnostnÃ­ch dveÅ™Ã­.UÅ¾itnÃ¡ plocha je 58 mÂ².DÃ¡le k bytu nÃ¡leÅ¾Ã­ takÃ© sklep o ploÅ¡e cca 4 mÂ².TakÃ© celÃ½ dÅ¯m je po rekonstrukci - okna, zateplenÃ­ fasÃ¡dy i pÅ¯dy, novÃ¡ stÅ™echa, novÃ½ tepelnÃ½ vÃ½mÄ›nÃ­k, venkovnÃ­ i vnitÅ™nÃ­ kanalizace a dalÅ¡Ã­.EnergetickÃ½ Å¡tÃ­tek nenÃ­ k dispozici, proto jsem zvolila moÅ¾nost nehospodÃ¡rnÃ© ( G)budovy, vzhledem k zateplenÃ­ fasÃ¡dy i pÅ¯dy, ale toto neodpovÃ­dÃ¡ realitÄ› a stavba bude patÅ™it do vyÅ¡Å¡Ã­ kategorie.SouÄÃ¡stÃ­ koupÄ› je bezpodÃ­lovÃ© spoluvlastnictvÃ­ na zahradÄ› ve vnitrobloku o vÃ½mÄ›Å™e pÅ™es 2000m2 s parkovou Ãºpravou.Byt se nachÃ¡zÃ­ v Å¾Ã¡danÃ© lokalitÄ› na ulici SrbskÃ¡ v mÄ›stskÃ© ÄÃ¡sti Kralovo Pole,Brno.V blÃ­zkÃ©m okolÃ­ je supermarket Billa (cca 30m),zastÃ¡vka trolejbusu Ä.132 (cca 80m), ZÅ /MÅ ,restaurace,lÃ©kaÅ™.ProhlÃ­dky jsou moÅ¾nÃ© po pÅ™edchozÃ­ domluvÄ›.RK nevolat.",Prodej bytu,,,ProvÄ›Å™it Â»,Velmi dobrÃ½,,,https://www.bezrealitky.cz/nemovitosti-byty-domy/905316-nabidka-prodej-bytu-srbska-brno,KlidnÃ¡ ÄÃ¡st,58,OsobnÃ­,ÄŒÃ¡steÄnÄ›,,905316,06886dae896491b2f7fc2eb705b7a957f4161761b0b671c190d891ddae944738,905316
Energie,13Â 100Â 000Â KÄ,7Â 511Â KÄ/ m2,,1. 5. 2025,"50.152814,13.894211",N/A,,,,1Â 744,,,"Detaily nemovitosti:Velikost: 1744 mÂ² (RozmÄ›ry - pÅ™ibliÅ¾nÄ›: 19m x 92m)ÄŒÃ­slo pozemku: 224/6UmÃ­stÄ›nÃ­: ul. RudskÃ¡, NovÃ© StraÅ¡ecÃ­Tento mÃ­rnÄ› svaÅ¾itÃ½ pozemek nabÃ­zÃ­ krÃ¡snÃ½ vÃ½hled na okolnÃ­ krajinu a nachÃ¡zÃ­ se v klidnÃ© oblasti, nejednÃ¡ se o vÃ½stavbu satelitnÃ­ho typu. Je ideÃ¡lnÃ­ pro stavbu soukromÃ©ho domu s garÃ¡Å¾Ã­ v pÅ™Ã­zemÃ­ a prvnÃ­m patrem s pÅ™Ã­stupem do zahrady smÄ›rem k lesu. V okolÃ­ se nachÃ¡zÃ­ lesy, pole a dva nedalekÃ© rybnÃ­ky.StavebnÃ­ moÅ¾nosti:StavÄ›t lze na dvou tÅ™etinÃ¡ch pozemku.HornÃ­ tÅ™etina (u lesa) je urÄena pouze pro zeleÅˆ.InÅ¾enÃ½rskÃ© sÃ­tÄ›:Na pozemek je pÅ™ivedena voda a elektÅ™ina.Kanalizace je na hranici pozemku s uzavÅ™enou smlouvou s mÄ›stem o pÅ™ipojenÃ­.UnikÃ¡tnÃ­ prvky:HornÃ­ ÄÃ¡stÃ­ pozemku vede mÄ›lkÃ¡ strouha (asi 15 cm hlubokÃ¡), napÃ¡jenÃ¡ pramenem z nedalekÃ© zahradnÃ­ oblasti. Tato voda mÅ¯Å¾e slouÅ¾it jako zdroj pro zavlaÅ¾ovÃ¡nÃ­ nebo uÅ¾itkovou vodu. PÅ™Ã­padnÄ› lze strouhu vÃ©st pod zemÃ­ (kÅ™iÅ¾uje parcelu).PÅ™Ã­stup:ul. RudskÃ¡ je ÄÃ¡steÄnÄ› asfaltovÃ¡, zbytek je zpevnÄ›nÃ¡ cesta. V budoucnu je plÃ¡novÃ¡no dokonÄenÃ­ asfaltovÃ©ho povrchu.DalÅ¡Ã­ pÅ™Ã­stup po ul. NÃ¡draÅ¾nÃ­ smÄ›rem k RakovnÃ­ku.SnadnÃ½ pÅ™Ã­stup k dÃ¡lnici D6, bez hluku z dÃ¡lnice na pozemku.ObÄanskÃ¡ vybavenost:NovÃ© StraÅ¡ecÃ­ nabÃ­zÃ­ Å¡irokÃ© spektrum obÄanskÃ© vybavenosti, vÄetnÄ› mateÅ™skÃ© Å¡koly, zÃ¡kladnÃ­ Å¡koly a gymnÃ¡zia, pro 5700 obyvatel.Kontakt nahttps://reality.idnes.cz/detail/prodej/pozemek/nove-straseci-rudska/6811d9b6f73f872a7205d253/",Prodej pozemku,,,,,,StavebnÃ­,https://www.bezrealitky.cz/nemovitosti-byty-domy/901391-nabidka-prodej-pozemku-rudska-nove-straseci,,,OsobnÃ­,,,901391,a66354414cbfd6ad2cbc83bc6f99d5e3fd439615d9e28d8b11b55e58e500c011,901391
Energie,3Â 000Â 000Â KÄ,464Â KÄ/ m2,,26. 2. 2025,"49.4672155,13.3236561",N/A,,,,6Â 467,,,"NabÃ­zÃ­me na prodej rybnÃ­k - pÅ™Ã­rodnÃ­ vodnÃ­ nÃ¡drÅ¾ 5315 m2, umÄ›lÃ¡ vodnÃ­ nÃ¡drÅ¾ 619 m2, pÅ™ilehlÃ© pozemky (ornÃ¡ pÅ¯da) 533 m2, celkem 6467 m2, v KÃš KamÃ½k u Å vihova.  RybnÃ­k mÃ¡ zajiÅ¡tÄ›n pÅ™Ã­tok a odtok - potok.  Nutno vyÄistit.",Prodej pozemku,,,,,,RybnÃ­k,https://www.bezrealitky.cz/nemovitosti-byty-domy/868961-nabidka-prodej-pozemku-svihov,KlidnÃ¡ ÄÃ¡st,,,,,868961,eef3383559c97f8c23074386baed4304b47bbf51330a90f47a0ca26191a4a29b,868961
ParkovÃ¡nÃ­,10Â 990Â 000Â KÄ,74Â 762Â KÄ/ m2,5+kk,28. 4. 2025,"49.80924,15.2964275",N/A,Cihla,Ano,B - Velmi ÃºspornÃ¡,1Â 973,,SamostatnÃ½,"NabÃ­zÃ­m k prodeji modernÃ­ novostavbu â€“ prostornÃ½ dÅ¯m postavenÃ½ z kvalitnÃ­ho cihel s dispozicÃ­ 5+kk. Jako pÅ™Ã­mÃ½ vlastnÃ­k jsem do tohoto domu vloÅ¾il pÃ©Äi o kaÅ¾dÃ½ detail a nynÃ­ VÃ¡m pÅ™edstavuji nemovitost, kterÃ¡ splnÃ­ oÄekÃ¡vÃ¡nÃ­ rodiny hledajÃ­cÃ­ kvalitnÃ­ a komfortnÃ­ bydlenÃ­.DÅ¯m o zastavÄ›nÃ© ploÅ¡e 147 mÂ² se nachÃ¡zÃ­ na rozlehlÃ©m pozemku o vÃ½mÄ›Å™e 1973 mÂ², coÅ¾ poskytuje nejen pÅ™Ã­leÅ¾itost pro zahradnÃ­ aktivity, ale i dostatek prostoru pro soukromÃ­ a rekreaci. DÃ­ky ÄÃ¡steÄnÃ© vybavenosti jsou interiÃ©ry pÅ™ipraveny k okamÅ¾itÃ©mu nastÄ›hovÃ¡nÃ­ a praktickÃ© Å™eÅ¡enÃ­ dispozice umoÅ¾Åˆuje pohodlnÃ© vyuÅ¾itÃ­ prostoru. ModernÃ­ Å™eÅ¡enÃ­ domu lze ocenit takÃ© energetickÃ½m Å¡tÃ­tkem tÅ™Ã­dy B, kterÃ½ zaruÄuje nÃ­zkou energetickou nÃ¡roÄnost.V domÄ› je zajiÅ¡tÄ›no komfortnÃ­ parkovÃ¡nÃ­, coÅ¾ ocenÃ­ zejmÃ©na Å™idiÄi. NavÃ­c mÅ¯Å¾e bÃ½t k dispozici slunnÃ¡ terasa o vÃ½mÄ›Å™e 25 mÂ², ideÃ¡lnÃ­ pro letnÃ­ posezenÃ­ a relaxaci na ÄerstvÃ©m vzduchu.Obec Petrovice I se nachÃ¡zÃ­ v okrese KutnÃ¡ Hora ve StÅ™edoÄeskÃ©m kraji, 18 km jiÅ¾nÄ› od KutnÃ© Hory a 13 km jihozÃ¡padnÄ› od ÄŒÃ¡slavi.  MateÅ™skÃ¡ a zÃ¡kladnÃ­ Å¡kola se nachÃ¡zÃ­ v nedalekÃ½ch ÄŒervenÃ½ch JanovicÃ­ch.Pro vÃ­ce informacÃ­ a sjednÃ¡nÃ­ osobnÃ­ prohlÃ­dky mÄ› prosÃ­m kontaktujte skrz zprÃ¡vy na komunikaÄnÃ­ platformÄ›.",Prodej domu,,,ProvÄ›Å™it Â»,Novostavba,,,https://www.bezrealitky.cz/nemovitosti-byty-domy/900513-nabidka-prodej-domu-petrovice-i,,147,OsobnÃ­,ÄŒÃ¡steÄnÄ›,,900513,354d421b56f837db1682225c2e2bc7929d8335998c5e69e1e19b50138c2d6582,900513
ParkovÃ¡nÃ­,2Â 000Â 000Â KÄ,46Â 512Â KÄ/ m2,1+1,1. 6. 2025,"50.0706869,12.3742863",N/A,Cihla,,F - Velmi nehospodÃ¡rnÃ¡,,5. podlaÅ¾Ã­ z 6,,"ProdÃ¡vÃ¡me ÃºtulnÃ½ nÃ­zkonÃ¡kladovÃ½ byt v dobrÃ©m stavu o dispozici 1+1, situovanÃ½ v cihlovÃ©m bytovÃ©m domÄ›, k dispozici je modernÃ­ vÃ½tah umoÅ¾ÅˆujÃ­cÃ­ bezbariÃ©rovÃ½ pÅ™Ã­stup. Byt se nachÃ¡zÃ­ v 5. podlaÅ¾Ã­ a nabÃ­zÃ­ uÅ¾itnou plochu 41 mÂ².SouÄÃ¡stÃ­ bytu je balkÃ³n (2 mÂ²) pÅ™Ã­stupnÃ½ z pokoje, ideÃ¡lnÃ­ pro rannÃ­ kÃ¡vu Äi relaxaci, dÃ¡le prostornÃ¡ pÅ™edsÃ­Åˆ (6,6 mÂ²) s vÃ½klenkem pro vestavÄ›nou skÅ™Ã­Åˆ a komorou (1,6 mÂ²). K bytu nÃ¡leÅ¾Ã­ sklep o ploÅ¡e 2 mÂ², kterÃ½ poskytne dostatek ÃºloÅ¾nÃ©ho prostoru. Pro obyvatele domu je k dispozici takÃ© uzamykatelnÃ¡ pÅ¯da.V bytÄ› jsou plastovÃ¡ okna, pÅ¯vodnÃ­ jÃ¡dro a koupelna oddÄ›lenÃ¡ od WC, souÄÃ¡stÃ­ kuchynÄ› je kuchyÅˆskÃ¡ linka, interiÃ©r je tedy moÅ¾nÃ© zaÅ™Ã­dit podle vlastnÃ­ch pÅ™edstav.KuchynÄ› situovanÃ¡ na sever nabÃ­zÃ­ vÃ½hled do dvora a na historickÃ© centrum mÄ›sta, pokoj s balkÃ³nem jsou situovÃ¡ny na jih.V blÃ­zkosti domu je dostatek parkovacÃ­ch mÃ­st, na dohled Å¡kolka, Å¡kola, zimnÃ­ stadion, do vzdÃ¡lenosti 1 km sportovnÃ­ hala, autobusovÃ¡ zastÃ¡vka, autobusovÃ© i vlakovÃ© nÃ¡draÅ¾Ã­.PÅ™i rychlÃ©m jednÃ¡nÃ­ moÅ¾nost snÃ­Å¾enÃ­ ceny.Pro bliÅ¾Å¡Ã­ informace a sjednÃ¡nÃ­ prohlÃ­dky mÄ› nevÃ¡hejte kontaktovat prostÅ™ednictvÃ­m zprÃ¡v.",Prodej bytu,,,ProvÄ›Å™it Â»,DobrÃ½,,,https://www.bezrealitky.cz/nemovitosti-byty-domy/901399-nabidka-prodej-bytu-valdstejnova-cheb,KlidnÃ¡ ÄÃ¡st,43,OsobnÃ­,ÄŒÃ¡steÄnÄ›,ÃšstÅ™ednÃ­,901399,1e74975e21f96d3cf06e31ae7c760cbc944944d99eb4cdcd7bf60b9156987afa,901399
Energie,6Â 820Â 000Â KÄ,7Â 654Â KÄ/ m2,,6. 3. 2025,"50.1501472,13.896029",N/A,,,,891,,,"NabÃ­zÃ­me k prodeji exkluzivnÃ­ pozemek (891 m2, parc. Ä. 217/63) v NovÃ©m StraÅ¡ecÃ­ v ulici Nad PalouÄkem v rÃ¡mci novÄ› budovanÃ© rezidenÄnÃ­ Ätvrti. JednÃ¡ se o klidnou ÄÃ¡st mÄ›sta poblÃ­Å¾ centra s vynikajÃ­cÃ­ dostupnostÃ­. V blÃ­zkosti je MÅ , ZÅ , gymnÃ¡zium, Å¡irokÃ© spektrum obchodÅ¯ a sluÅ¾eb, zdravotnÃ­ stÅ™edisko, sportoviÅ¡tÄ›, kulturnÃ­ dÅ¯m. PÅ™Ã­mÃ© dopravnÃ­ spojenÃ­ autobusem a vlakem s Prahou, RakovnÃ­kem,Â Kladnem (cesta autobusem na Praha-ZliÄÃ­n 30min, autem na okraj Prahy 20min po dÃ¡lnici D6). V okolÃ­ se nachÃ¡zÃ­ rozlehlÃ© lesy a CHKO KÅ™ivoklÃ¡tsko, cesta do KruÅ¡nÃ½ch hor 1h 15min.V tÃ©to oblasti je a pravdÄ›podobnÄ› i bude k dispozici minimum pozemkÅ¯ ke koupi.Pozemek je kompletnÄ› zasÃ­Å¥ovÃ¡n a je pÅ™ipraven na realizaci VaÅ¡eho vysnÄ›nÃ©ho projektu.Pro vÃ­ce informacÃ­ nÃ¡s prosÃ­m kontaktujte nebo vyplÅˆte nÃ­Å¾e uvedenÃ½ formulÃ¡Å™.",Prodej pozemku,,,,,,StavebnÃ­,https://www.bezrealitky.cz/nemovitosti-byty-domy/883696-nabidka-prodej-pozemku-nad-palouckem-nove-straseci,KlidnÃ¡ ÄÃ¡st,,OsobnÃ­,,,883696,49bb3a44f0bd5210b91a158c2345e900883f747168b6c8f7bfaf3520ac0099a6,883696
VÃ½tah,4Â 800Â 000Â KÄ,129Â 730Â KÄ/ m2,1+kk,26. 5. 2025,"50.0304331,14.5957592",N/A,Cihla,,C - ÃšspornÃ¡,,1. podlaÅ¾Ã­ z 7,,"NabÃ­zÃ­m ke koupi modernÃ­ a prostornÃ½ 1+kk, Å™eÅ¡enÃ½ jako 2+kk byt v novostavbÄ›, kterÃ½ se nachÃ¡zÃ­ v cihlovÃ© budovÄ› s celkovÃ½m poÄtem sedmi podlaÅ¾Ã­. Byt o celkovÃ© ploÅ¡e 37 mÂ² se nachÃ¡zÃ­ v pÅ™Ã­zemÃ­ budovy s vÃ½tahem a je zpÅ™Ã­stupnÄ›n i osobÃ¡m se snÃ­Å¾enou pohyblivostÃ­ dÃ­ky bezbariÃ©rovÃ©mu pÅ™Ã­stupu.Nemovitost je ÄÃ¡steÄnÄ› vybavenÃ¡, coÅ¾ umoÅ¾Åˆuje okamÅ¾itÃ© nastÄ›hovÃ¡nÃ­, pÅ™iÄemÅ¾ si novÃ½ majitel mÅ¯Å¾e zaÅ™Ã­dit interiÃ©r dle vlastnÃ­ch pÅ™edstav a potÅ™eb. VÃ½bornÃ½ energetickÃ½ Å¡tÃ­tek tÅ™Ã­dy C spolu s modernÃ­mi technologiemi zajiÅ¡Å¥uje komfortnÃ­ a ÃºspornÃ© bydlenÃ­. SouÄÃ¡stÃ­ bytovÃ©ho prostoru je takÃ© sklep o rozloze 2 mÂ², kterÃ½ nabÃ­zÃ­ praktickÃ© ÃºloÅ¾nÃ© prostory.K bytu nÃ¡leÅ¾Ã­ moÅ¾nost parkovÃ¡nÃ­ (cena 300.000 KÄ), coÅ¾ vÃ½raznÄ› usnadÅˆuje kaÅ¾dodennÃ­ dopravnÃ­ situaci. Budova je situovÃ¡na v atraktivnÃ­ lokalitÄ›, kterÃ¡ kombinuje klidnÃ© okolÃ­ s veÅ¡kerou obÄanskou vybavenostÃ­ v dosahu.Pokud VÃ¡s tato nabÃ­dka zaujala, nevÃ¡hejte mÄ› kontaktovat skrz zprÃ¡vy na komunikaÄnÃ­ platformÄ› a dohodnout si prohlÃ­dku tÃ©to nemovitosti.",Prodej bytu,,,ProvÄ›Å™it Â»,Novostavba,,,https://www.bezrealitky.cz/nemovitosti-byty-domy/909161-nabidka-prodej-bytu-jindricha-bubenicka-praha,KlidnÃ¡ ÄÃ¡st,37,OsobnÃ­,ÄŒÃ¡steÄnÄ›,,909161,92cb41b15aece142386ee1c5c18288de492c52fb27a241bee5857cf1073a7710,909161
Sklep 2 mÂ²,4Â 994Â 000Â KÄ,161Â 097Â KÄ/ m2,1+kk,1. 7. 2025,"50.14028235,14.517633751099",N/A,Cihla,,C - ÃšspornÃ¡,,2. podlaÅ¾Ã­ z 4,,"Jako vlastnÃ­k nabÃ­zÃ­m k prodeji ÃºtulnÃ½ 1+kk byt s balkonem a sklepem . Byt byl navrÅ¾en s ohledem na maximÃ¡lnÃ­ vyuÅ¾itÃ­ prostoru. Byt je ve velmi dobrÃ©m stavu a nachÃ¡zÃ­ se ve druhÃ©m podlaÅ¾Ã­ ze ÄtyÅ™ celkovÃ½ch. S vlastnÃ­ plochou 30,88 mÂ² je tento byt ideÃ¡lnÃ­ volbou pro jednotlivce Äi pÃ¡r hledajÃ­cÃ­ praktickÃ© a ÃºtulnÃ© bydlenÃ­ .Byt je ÄÃ¡steÄnÄ› vybaven, coÅ¾ umoÅ¾Åˆuje novÃ©mu majiteli pÅ™izpÅ¯sobit interiÃ©r dle vlastnÃ­ch pÅ™edstav. V pÅ™edsÃ­ni je vestavÄ›nÃ¡ skÅ™Ã­Åˆ, kterÃ¡ poskytuje dostatek ÃºloÅ¾nÃ­ho prostoru. SouÄÃ¡stÃ­ bytu je prostornÃ½ balkÃ³n o vÃ½mÄ›Å™e 6,32 mÂ², kde lze relaxovat po nÃ¡roÄnÃ©m dni, a takÃ© sklep o ploÅ¡e 1,61 mÂ² poskytujÃ­cÃ­ dostateÄnÃ½ ÃºloÅ¾nÃ½ prostor. EnergetickÃ¡ nÃ¡roÄnost budovy je oznaÄena Å¡tÃ­tkem C, coÅ¾ potvrzuje jejÃ­ efektivitu a dodrÅ¾ovÃ¡nÃ­ modernÃ­ch standardÅ¯.V bezprostÅ™ednÃ­ blÃ­zkosti nemovitosti je moÅ¾nÃ© vyuÅ¾Ã­t parkovacÃ­ mÃ­sto.Velkou vÃ½hodou bydlenÃ­ v tÃ©to lokalitÄ› je skvÄ›lÃ¡ dopravnÃ­ dostupnost. Za pÃ¡r minut chÅ¯ze se z bytu dostanete na autobusovou zastÃ¡vku, kterÃ¡ vÃ¡s doveze na stanici metra C â€“ LetÅˆany.V blÃ­zkÃ©m okolÃ­ najdete kompletnÃ­ nÃ¡kupnÃ­ moÅ¾nosti v OC LetÅˆany. V lokalitÄ› nechybÃ­ ani Å¡irokÃ¡ nabÃ­dka sluÅ¾eb, restauracÃ­ a kavÃ¡ren nebo lÃ©kaÅ™skÃ¡ pÃ©Äe. V LetÅˆanech najdete takÃ© nÄ›kolik dÄ›tskÃ½ch hÅ™iÅ¡Å¥, krytÃ½ch i venkovnÃ­ch sportoviÅ¡Å¥ a zÃ¡bavnÃ­ch atrakcÃ­ pro dÄ›ti i dospÄ›lÃ© nebo oblÃ­benÃ½ plaveckÃ½ bazÃ©n a wellness Lagoon.V pÅ™Ã­padÄ› zÃ¡jmu mÄ› kontaktujte prostÅ™ednictvÃ­m zprÃ¡v , pokud mÃ¡te zÃ¡jem o bliÅ¾Å¡Ã­ informace Äi osobnÃ­ prohlÃ­dku tÃ©to zajÃ­mavÃ© nabÃ­dky. RealitnÃ­ kancelÃ¡Å™e prosÃ­m nekontaktovat - nebudu reagovat , dÄ›kuju !",Prodej bytu,StandardnÃ­,,ProvÄ›Å™it Â»,Velmi dobrÃ½,10 - 30 let,,https://www.bezrealitky.cz/nemovitosti-byty-domy/901413-nabidka-prodej-bytu-beranovych-praha,KlidnÃ¡ ÄÃ¡st,31,OsobnÃ­,ÄŒÃ¡steÄnÄ›,ÃšstÅ™ednÃ­,901413,f228b52a81cbc57090e5ef7f933ff8fedc4d34aa734d3f4ffa16c0cb386b4149,901413
PÅ™edzahrÃ¡dka 42 mÂ²,6Â 990Â 000Â KÄ,80Â 345Â KÄ/ m2,4+kk,1. 3. 2026,"50.00312255,14.96860935317",N/A,Cihla,,B - Velmi ÃºspornÃ¡,,1. podlaÅ¾Ã­ z 2,,"V rÃ¡mci II. etapy vÃ½stavby projektu v ulici NovÃ¡ v KouÅ™imi VÃ¡m nabÃ­zÃ­me byt A01.11, 4+kk v 1. a 2.NP, s plochou bytu 87 m2 a zahradou o vÃ½mÄ›Å™e 42 m2. VÅ¡echny nabÃ­zenÃ© byty jsou cihlovÃ©, energetickÃ¡ tÅ™Ã­da B, velmi ÃºspornÃ©. PÅ™i vÃ½stavbÄ› je kladen dÅ¯raz na kvalitnÃ­ provedenÃ­. Byty jsou v rozmezÃ­ 48 m2 aÅ¾ 98 m2. Ke kaÅ¾dÃ©mu bytu je v cenÄ› parkovacÃ­ stÃ¡nÃ­ na vlastnÃ­m pozemku, zahrada nebo terasa. KaÅ¾dÃ½ byt mÃ¡ vlastnÃ­ vodomÄ›r  a elektromÄ›r. Standardy zahrnujÃ­ plastovÃ¡ okna s trojskly, v obÃ½vacÃ­m pokoji je otevÃ­rÃ¡nÃ­ na posun, veÅ¡kerÃ© mÃ­stnosti majÃ­ podlahovÃ© vytÃ¡pÄ›nÃ­, nÄ›kterÃ© vnitÅ™nÃ­ dveÅ™e jsou takÃ© na posun do pouzdra. Na koneÄnÃ© podobÄ› bytÅ¯ se mÅ¯Å¾ete v prÅ¯bÄ›hu vÃ½stavby sami podÃ­let a byt tak bude dokonÄen VÃ¡m pÅ™Ã­mo na mÃ­ru. Je moÅ¾nÃ© k bytu pÅ™istavÄ›t zimnÃ­ zahradu a z parkovacÃ­ho stÃ¡nÃ­ postavit garÃ¡Å¾. V KouÅ™imi je plnohodnotnÃ¡ obÄanskÃ¡ vybavenost - MÅ , ZÅ , LÅ U, mÄ›stskÃ½ ÃºÅ™ad, stavebnÃ­ ÃºÅ™ad, praktiÄtÃ­ lÃ©kaÅ™i, gynekolog, veterinÃ¡Å™. Je zde moÅ¾nost nakoupit v rÅ¯znÃ½ch obchodech na nÃ¡mÄ›stÃ­ a v pÅ™ilehlÃ½ch ulicÃ­ch. Ke sportovÃ¡nÃ­ je moÅ¾nÃ© vyuÅ¾Ã­t jak rozmanitÃ©ho terÃ©nu v okolÃ­ KouÅ™imi, tak je k dispozici sportovnÃ­ hala, lehkoatletickÃ½ stadion, fotbalovÃ© hÅ™iÅ¡tÄ›, tenisovÃ© kurty a 18ti jamkovÃ© golfovÃ© hÅ™iÅ¡tÄ›. VÅ¡e v dochÃ¡zkovÃ© vzdÃ¡lenosti od bytu. Praha, KolÃ­n, ÄŒeskÃ½ Brod, ÄŒÃ¡slav, KutnÃ¡ Hora, SÃ¡zava, Å˜Ã­Äany jsou obsluÅ¾nÃ© prostÅ™ednictvÃ­m PID. VzdÃ¡lenost do Prahy ÄŒernÃ½ most - 32 km. V rÃ¡mci sluÅ¾eb nabÃ­zÃ­me vyÅ™Ã­zenÃ­ hypotÃ©ky.",Prodej bytu,,,ProvÄ›Å™it Â»,Novostavba,,,https://www.bezrealitky.cz/nemovitosti-byty-domy/881936-nabidka-prodej-bytu-nova-kourim,KlidnÃ¡ ÄÃ¡st,87,OsobnÃ­,Nevybaveno,,881936,eedadb7699fe6d2754947766a90a3e222a3a851aa4d825eee93ee49230dab01a,881936
ParkovÃ¡nÃ­,4Â 690Â 000Â KÄ,90Â 192Â KÄ/ m2,2+kk,1. 3. 2026,"50.0035082,14.9683466",N/A,Cihla,,B - Velmi ÃºspornÃ¡,,2. podlaÅ¾Ã­ z 2,,"V rÃ¡mci II. etapy vÃ½stavby projektu v ulici NovÃ¡ v KouÅ™imi VÃ¡m nabÃ­zÃ­me byt A01.12, 2+kk v 1. a 2.NP, s plochou bytu 52 m2 a terasou o vÃ½mÄ›Å™e 18 m2. VÅ¡echny nabÃ­zenÃ© byty jsou cihlovÃ©, energetickÃ¡ tÅ™Ã­da B, velmi ÃºspornÃ©. PÅ™i vÃ½stavbÄ› je kladen dÅ¯raz na kvalitnÃ­ provedenÃ­. Byty jsou v rozmezÃ­ 48 m2 aÅ¾ 98 m2. Ke kaÅ¾dÃ©mu bytu je v cenÄ› parkovacÃ­ stÃ¡nÃ­ na vlastnÃ­m pozemku, zahrada nebo terasa. KaÅ¾dÃ½ byt mÃ¡ vlastnÃ­ vodomÄ›r  a elektromÄ›r. Standardy zahrnujÃ­ plastovÃ¡ okna s trojskly, v obÃ½vacÃ­m pokoji je otevÃ­rÃ¡nÃ­ na posun, veÅ¡kerÃ© mÃ­stnosti majÃ­ podlahovÃ© vytÃ¡pÄ›nÃ­, nÄ›kterÃ© vnitÅ™nÃ­ dveÅ™e jsou takÃ© na posun do pouzdra. Na koneÄnÃ© podobÄ› bytÅ¯ se mÅ¯Å¾ete v prÅ¯bÄ›hu vÃ½stavby sami podÃ­let a byt tak bude dokonÄen VÃ¡m pÅ™Ã­mo na mÃ­ru. Je moÅ¾nÃ© k bytu pÅ™istavÄ›t zimnÃ­ zahradu a z parkovacÃ­ho stÃ¡nÃ­ postavit garÃ¡Å¾. V KouÅ™imi je plnohodnotnÃ¡ obÄanskÃ¡ vybavenost - MÅ , ZÅ , LÅ U, mÄ›stskÃ½ ÃºÅ™ad, stavebnÃ­ ÃºÅ™ad, praktiÄtÃ­ lÃ©kaÅ™i, gynekolog, veterinÃ¡Å™. Je zde moÅ¾nost nakoupit v rÅ¯znÃ½ch obchodech na nÃ¡mÄ›stÃ­ a v pÅ™ilehlÃ½ch ulicÃ­ch. Ke sportovÃ¡nÃ­ je moÅ¾nÃ© vyuÅ¾Ã­t jak rozmanitÃ©ho terÃ©nu v okolÃ­ KouÅ™imi, tak je k dispozici sportovnÃ­ hala, lehkoatletickÃ½ stadion, fotbalovÃ© hÅ™iÅ¡tÄ›, tenisovÃ© kurty a 18ti jamkovÃ© golfovÃ© hÅ™iÅ¡tÄ›. VÅ¡e v dochÃ¡zkovÃ© vzdÃ¡lenosti od bytu. Praha, KolÃ­n, ÄŒeskÃ½ Brod, ÄŒÃ¡slav, KutnÃ¡ Hora, SÃ¡zava, Å˜Ã­Äany jsou obsluÅ¾nÃ© prostÅ™ednictvÃ­m PID. VzdÃ¡lenost do Prahy ÄŒernÃ½ most - 32 km. V rÃ¡mci sluÅ¾eb nabÃ­zÃ­me vyÅ™Ã­zenÃ­ hypotÃ©ky.",Prodej bytu,StandardnÃ­,,ProvÄ›Å™it Â»,Ve vÃ½stavbÄ›,,,https://www.bezrealitky.cz/nemovitosti-byty-domy/899444-nabidka-prodej-bytu-nova-kourim,KlidnÃ¡ ÄÃ¡st,52,OsobnÃ­,Nevybaveno,ElektrickÃ©,899444,feb95541ce8fa18956f04f4e377ddaac65088cb757a6e2357057b4696c240d8f,899444
MHD 2 minuty pÄ›Å¡ky,9Â 350Â 000Â KÄ,153Â 279Â KÄ/ m2,2+1,31. 5. 2025,"50.1019352,14.4482933",N/A,Cihla,,D - MÃ©nÄ› ÃºspornÃ¡,,2. podlaÅ¾Ã­ z 5,,"PozornÄ› ÄÃ­stTEL: sedum73 sedum11 usum18ProhlÃ­dka probÄ›hne 2. 5. 2025 ve 18:00Dle aktuÃ¡lnÃ­ho prÅ¯zkumu se jednÃ¡ pravdÄ›podobnÄ› o nejlevnÄ›jÅ¡Ã­ byt v tÃ©to lokalitÄ› na trhu.RychlÃ© jednÃ¡nÃ­ = SLEVAAdresa: Tusarova 1384/25NabÃ­zÃ­me prostornÃ½ slunnÃ½ byt s balkonem, kterÃ½ se nachÃ¡zÃ­ v 1. patÅ™e (2NP) cihlovÃ©ho domu v jednÃ© z nejoblÃ­benÄ›jÅ¡Ã­ch a nejÅ¾Ã¡danÄ›jÅ¡Ã­ch ÄÃ¡stÃ­ Prahy. Byt mÃ¡ dvÄ› neprÅ¯chozÃ­ loÅ¾nice a samostatnou kuchyÅˆ, koupelnu se sprchovÃ½m koutem a oddÄ›lenÃ© WC. Orientace oken je na vÃ½chod, balkon je smÄ›rovÃ¡n na sever, coÅ¾ zajiÅ¡Å¥uje dostatek svÄ›tla i pÅ™Ã­jemnÃ½ stÃ­n bÄ›hem dne.SouÄÃ¡stÃ­ prodeje je sklep v suterÃ©nu. Byt je ÄÃ¡steÄnÄ› zaÅ™Ã­zenÃ½, vÄetnÄ› vÅ¡ech domÃ¡cÃ­ch spotÅ™ebiÄÅ¯  lednice s mrazÃ¡kem, sporÃ¡k s troubou, praÄka i televize. NechybÃ­ vestavÄ›nÃ¡ zrcadlovÃ¡ skÅ™Ã­Åˆ pÅ™es celou stÄ›nu a dalÅ¡Ã­ ÃºloÅ¾nÃ© prostory.Cena: 9 350 000 KÄVelkou vÃ½hodou jsou velmi nÃ­zkÃ© mÄ›sÃ­ÄnÃ­ poplatky.SkvÄ›lÃ¡ dopravnÃ­ dostupnost  tramvajÃ­ Ä. 14 za 10 minut na Masarykovo nÃ¡draÅ¾Ã­, pÅ™Ã­padnÄ› 5 minut od Palmovky. Metro C  VltavskÃ¡ je 10 minut pÄ›Å¡ky nebo 5 minut tramvajÃ­. V okolÃ­ je kompletnÃ­ obÄanskÃ¡ vybavenost.",Prodej bytu,StandardnÃ­,,ProvÄ›Å™it Â»,DobrÃ½,Nad 50Â let,,https://www.bezrealitky.cz/nemovitosti-byty-domy/898578-nabidka-prodej-bytu-tusarova-praha,Centrum,61,OsobnÃ­,ÄŒÃ¡steÄnÄ›,PlynovÃ©,898578,c01db489db49b5f4e68e669e8d38c19a475fd9869155502f70752a9bee947121,898578
Energie,7Â 800Â 000Â KÄ,7Â 558Â KÄ/ m2,,2. 11. 2024,"50.08000375154,14.76893468583",N/A,,,,1Â 032,,,"Prodej stavebnÃ­ho pozemku s rozlohou 1032 m2, kterÃ½ se nachÃ¡zÃ­ v obci Tuklaty â€“ Tlustovousy, okres KolÃ­n. Tato nabÃ­dka je urÄena pro ty, kteÅ™Ã­ hledajÃ­ ideÃ¡lnÃ­ mÃ­sto pro vÃ½stavbu svÃ©ho vysnÄ›nÃ©ho domu Äi investiÄnÃ­ projekt. Pozemek se nachÃ¡zÃ­ v klidnÃ© lokalitÄ›, daleko od ruÅ¡nÃ©ho mÄ›stskÃ©ho shonu, ale zÃ¡roveÅˆ s dobrou dostupnostÃ­ do centra mÄ›sta.JednÃ¡ se o rovinatou stavebnÃ­ parcelu se zavedenÃ½mi inÅ¾enÃ½rskÃ½mi sÃ­tÄ›mi (elektro pÅ™Ã­pojka â€“ â€antonÃ­Äekâ€œ), pÅ™iÄemÅ¾ voda a kanalizace jsou pÅ™ipraveny ve formÄ› pÅ™ivedenÃ½ch potrubÃ­. PÅ™Ã­pojky a Å¡achty zatÃ­m nejsou zÅ™Ã­zeny, coÅ¾ umoÅ¾Åˆuje novÃ©mu majiteli naplÃ¡novat jejich umÃ­stÄ›nÃ­ podle konkrÃ©tnÃ­ho stavebnÃ­ho zÃ¡mÄ›ru a pÅ™esnÃ©ho umÃ­stÄ›nÃ­ budoucÃ­ stavby. Tato flexibilita je vÃ½hodou pro ty, kteÅ™Ã­ chtÄ›jÃ­ mÃ­t plnou kontrolu nad rozvrÅ¾enÃ­m infrastruktury na pozemku.MateÅ™skÃ¡ a zÃ¡kladnÃ­ Å¡kola je pÅ™Ã­mo v obci. Obchody v Ãšvalech jsou Billa, Penny, Albert, Pepco a dalÅ¡Ã­. DopravnÃ­ obsluÅ¾nost autobusy a vlakovÃ© spojenÃ­ do centra Prahy (30 min) ze stanice Tuklaty.ParcelnÃ­ ÄÃ­sla jsou 437/57 a 437/180Pokud hledÃ¡te mÃ­sto, kde si mÅ¯Å¾ete postavit svÅ¯j vlastnÃ­ domov podle svÃ½ch pÅ™edstav a pÅ™Ã¡nÃ­, nevÃ¡hejte a kontaktujte mÄ› skrz zprÃ¡vy. Tento stavebnÃ­ pozemek mÅ¯Å¾e bÃ½t vaÅ¡Ã­m novÃ½m zaÄÃ¡tkem a mÃ­stem, kde se vaÅ¡e sny stanou skuteÄnostÃ­.",Prodej pozemku,,,,,,StavebnÃ­,https://www.bezrealitky.cz/nemovitosti-byty-domy/870442-nabidka-prodej-pozemku,KlidnÃ¡ ÄÃ¡st,,,,,870442,28cc45528dfbe62982f8277a83d6d2bd009fc2ccbaaa197810c6e6560f87f3cd,870442
MHD 3 minuty pÄ›Å¡ky,19Â 500Â 000Â KÄ,165Â 254Â KÄ/ m2,3+kk,1. 6. 2025,"50.0210071,14.4658773",N/A,Cihla,,C - ÃšspornÃ¡,,5. podlaÅ¾Ã­ z 5,,"NabÃ­dka prodeje atypickÃ©ho designovÃ©ho mezonetovÃ©ho bytu 3+kk+b, 3x koupelna/wc, celkovÃ¡ uÅ¾itnÃ¡ plocha 118 m2, ve vyhledÃ¡vanÃ© lokalitÄ› v Praze 4 - ZelenÃ© ÃºdolÃ­, sousedÃ­cÃ­ s rozsÃ¡hlou rekreaÄnÃ­ oblastÃ­ KrÄskÃ©ho lesa a KunratickÃ©ho lesoparku.LuxusnÃ­ a ÄÃ¡steÄnÄ› vybavenÃ¡ bytovÃ¡ jednotka v poslednÃ­ch 2 patrech (5+6np) cihlovÃ©ho domu. ZaÅ™Ã­zenÃ­ wifi chytrÃ© domÃ¡cnosti. NÃ­zkÃ© provoznÃ­ nÃ¡klady. RozlehlÃ¡ parkovÃ¡ zahrada ve vnitrobloku pro obyvatele domu, s pÅ™Ã­mÃ½m vstupem do vÃ½tahu.PÅ™Ã­zemÃ­: vstupnÃ­ hala s ÃºloÅ¾nÃ½mi prostory, koupelna se sprchovÃ½m koutem, WC, prostornÃ½ obÃ½vacÃ­ pokoj, velkorysÃ¡ ostrÅ¯vkovÃ¡ kuchynÄ› vÄetnÄ› jÃ­delny se vstupem na balkon. MinimalistickÃ© schodiÅ¡tÄ› z matnÃ© ÄernÃ© oceli, dubovÃ½ch schodÅ¯ a sklenÄ›nÃ©ho zÃ¡bradlÃ­.Patro: 2x loÅ¾nice s velkÃ½mi ÃºloÅ¾nÃ½mi prostory, svÄ›tlÃ¡ koupelna s vanou, samostatnÃ© WC s bidetem a technickÃ½m zÃ¡zemÃ­m (praÄka, suÅ¡iÄka), galerie s pracovnou + praktickÃ© ÃºloÅ¾nÃ© prostory. StÅ™eÅ¡nÃ­ okna Velux se solÃ¡rnÃ­mi dÃ¡lkovÄ› ovlÃ¡danÃ½mi roletami v hornÃ­m patÅ™e zajiÅ¡Å¥ujÃ­cÃ­ dostatek svÄ›tla po celÃ½ den i plnÃ© zatemnÄ›nÃ­ v noci.NadstandardnÃ­ kuchyÅˆskÃ¡ sestava HanÃ¡k se Å¾ulovou deskou, hi-tech spotÅ™ebiÄe Electrolux s wi-fi propojenÃ­m chytrÃ© domÃ¡cnosti: kombinovanÃ¡ multifunkÄnÃ­ horkovzduÅ¡nÃ¡ trouba s recepty, dalÅ¡Ã­ kombinovanÃ¡ horkovzduÅ¡nÃ¡ trouba s MW, ohÅ™evnÃ¡ multi-zÃ¡suvka, indukÄnÃ­ varnÃ¡ deska, myÄka, vestavnÃ¡ lednice, vestavnÃ½ samostatnÃ½ mrazÃ¡k, stropnÃ­ digestoÅ™ Airforce, vestavnÃ¡ vinotÃ©ka Hoover s wi-fi archivem 75 lahvÃ­, elektrickÃ© pojezdy Å¡uplÃ­kÅ¯ s dotykovÃ½m ovlÃ¡dÃ¡nÃ­m a LED podsvÃ­cenÃ½ keramickÃ½ dÅ™ez Schock.Koupelny vÅ¡e z prÃ©miovÃ© Å™ady Laufen: vana 180x80cm, sprchovÃ½ kout 140x100cm, umyvadla, umÃ½vÃ¡tko, 2x wc, bidet, velkoformÃ¡tovÃ© obklady. BezprahovÃ¡ vinylovÃ¡ podlaha, velkoploÅ¡nÃ© zÃ¡clony, vliesovÃ© tapety a designovÃ¡ LED svÃ­tidla. DigitÃ¡lnÃ­ intercom s LED obrazovkou a wifi propojenÃ­m.ModernÃ­ ÃºspornÃ­ budova ÃºspÄ›Å¡nÃ©ho a Å¾Ã¡danÃ©ho projektu ZelenÃ© ÃºdolÃ­. V domÄ› je k vyuÅ¾itÃ­ suÅ¡Ã¡rna, kolÃ¡rna a koÄÃ¡rkÃ¡rna. OptickÃ½ internet rychlost aÅ¾ 2GB/s a aÅ¾ 500 TV programÅ¯.Za domem je rozsÃ¡hlÃ¡ rekreaÄnÃ­ oblast KrÄskÃ©ho lesa a KunratickÃ©ho lesoparku. PohodlnÃ© bezplatnÃ© parkovÃ¡nÃ­ u domu bez modrÃ© zÃ³ny, nebo dlouhodobÃ½ pronÃ¡jem parkovacÃ­ho stÃ¡nÃ­ v domÄ› (-1pp) za cca 2.000 KÄ/m.IdeÃ¡lnÃ­ dostupnost MHD â€“ Metro C - 5 min, bus za rohem. VeÅ¡kerÃ¡ infrastruktura je v dochÃ¡zkovÃ© vzdÃ¡lenosti, 2x ZÅ , 4x MÅ , poliklinika, poÅ¡ta, mnoÅ¾stvÃ­ obchodÅ¯ a restauracÃ­. NovÃ© Metro D v r. 2028, stanice pÅ™es ulici!Pokud hledÃ¡te byt s vÃ½bornou dostupnostÃ­ do centra mÄ›sta a zÃ¡roveÅˆ s moÅ¾nostÃ­ relaxace v pÅ™Ã­rodÄ›, tato nemovitost je pro vÃ¡s to pravÃ©. Byt je k dispozici od 1/6/25. Na RK nereagujeme.",Prodej bytu,LuxusnÃ­,KompletnÃ­,ProvÄ›Å™it Â»,Novostavba,,,https://www.bezrealitky.cz/nemovitosti-byty-domy/907816-nabidka-prodej-bytu-v-zelenem-udoli-praha,Centrum,118,OsobnÃ­,ÄŒÃ¡steÄnÄ›,ÃšstÅ™ednÃ­,907816,f20bba1dd40ed22360a66da5b50df5e78444e95b13c9a9d2adc6dffa67c1da6a,907816
Energie,3Â 900Â 000Â KÄ,45Â 882Â KÄ/ m2,2+1,1. 6. 2025,"49.9138397,15.3934242",N/A,Cihla,,G - MimoÅ™Ã¡dnÄ› nehospodÃ¡rnÃ¡,,2. podlaÅ¾Ã­ z 6,,"NabÃ­zÃ­me k prodeji prostornÃ½ a svÄ›tlÃ½ byt 2+1 o velikosti 85 m2 v 1. patÅ™e ÄinÅ¾ovnÃ­ho domu. Rekonstrukce probÄ›hla pÅ™ed nÄ›kolika lety vÄetnÄ› kompletnÃ­ vÃ½mÄ›ny elektrickÃ½ch rozvodÅ¯. Byt se nachÃ¡zÃ­ v tÄ›snÃ© blÃ­zkosti centra, vlakovÃ©ho i autobusovÃ©ho nÃ¡draÅ¾Ã­. V dochÃ¡zkovÃ© vzdÃ¡lenosti jsou i supermarkety a kompletnÃ­ obÄanskÃ¡ vybavenost.Byt mÃ¡ vlastnÃ­ etÃ¡Å¾ovÃ© topenÃ­ â€“ kotel Protherm, k ohÅ™evu vody v koupelnÄ› slouÅ¾Ã­ bojler. Byt je oznaÄen jako kategorie G, neboÅ¥ nenÃ­ k dispozici energetickÃ½ prÅ¯kaz, pÅ™esto mÃ¡ kvalitnÃ­ plastovÃ¡ okna a je tepelnÄ› ÃºspornÃ½. K bytu patÅ™Ã­ lodÅ¾ie situovanÃ¡ do dvornÃ­ ÄÃ¡sti a takÃ© sklepnÃ­ kÃ³je.Byt prodÃ¡vÃ¡me jako pÅ™Ã­mÃ­ majitelÃ©, v pÅ™Ã­padÄ› zÃ¡jmu si prosÃ­m domluvte prohlÃ­dku. PÅ™i rychlÃ©m jednÃ¡nÃ­ a platbÄ› z vlastnÃ­ch zdrojÅ¯ bez ÃºvÄ›ru je moÅ¾nÃ¡ sleva.",Prodej bytu,,,ProvÄ›Å™it Â»,DobrÃ½,,,https://www.bezrealitky.cz/nemovitosti-byty-domy/910784-nabidka-prodej-bytu-husova-caslav,Centrum,85,OsobnÃ­,ÄŒÃ¡steÄnÄ›,,910784,0c79a0823b4c99a8827fb5d9e865ae846d441ea5e84355b360a45e72249321b0,910784
Energie,7Â 290Â 000Â KÄ,8Â 783Â KÄ/ m2,,1. 5. 2025,"49.9076035,14.4914442",N/A,,,,830,,,"Prodej stavebnÃ­ho pozemku 830Â mÂ²â€¨Jana HanuÅ¡e, JÃ­lovÃ© u Prahy - RadlÃ­kNabÃ­zÃ­m stavebnÃ­ pozemek o rozloze 830 m2 v atraktivnÃ­ lokalitÄ› JÃ­lovÃ©ho u Prahy. Tento pozemek je pÅ™ipravenÃ½ k okamÅ¾itÃ© vÃ½stavbÄ›, a to dÃ­ky jiÅ¾ vydanÃ©mu a stÃ¡le platnÃ©mu stavebnÃ­mu povolenÃ­. Stavba pÅ¯vodnÃ­ho projektu, kterÃ½ mÅ¯Å¾ete, ale nemusÃ­te vyuÅ¾Ã­t, zapoÄala zaloÅ¾enÃ­m Å¾elezobetonovÃ© zÃ¡kladovÃ© desky o ploÅ¡e 109 m2, kterÃ¡ je na pozemku jiÅ¾ realizovÃ¡na.Pozemek je plnÄ› vybaven vÅ¡emi potÅ™ebnÃ½mi inÅ¾enÃ½rskÃ½mi sÃ­tÄ›mi â€“ kanalizace, voda, internet, elektÅ™ina a plyn jsou jiÅ¾ na pozemku, coÅ¾ zajiÅ¡Å¥uje bezproblÃ©movÃ½ pÅ™Ã­stup k infrastrukturÃ¡m. V prÅ¯bÄ›hu byly odstranÄ›ny vÅ¡echny nÃ¡letovÃ© dÅ™eviny, coÅ¾ vÃ¡m umoÅ¾nÃ­ snadnÃ© a ÄistÃ© zahÃ¡jenÃ­ stavby.Na pozemku je moÅ¾nÃ© postavit dle platnÃ©ho ÃšP i dvojdomek o zastavÄ›nÃ© ploÅ¡e 240 m2, jedno podlaÅ¾Ã­ + podkrovÃ­.JÃ­lovÃ© u Prahy je vyhledÃ¡vanou lokalitou s vÃ½bornou obÄanskou vybavenostÃ­ a dostupnostÃ­ do centra Prahy a krÃ¡snÃ½m okolÃ­m, kterÃ© nabÃ­zÃ­ klidnÃ© bydlenÃ­ s moÅ¾nostÃ­ vyuÅ¾itÃ­ okolnÃ­ch pÅ™Ã­rodnÃ­ch krÃ¡s.NezmeÅ¡kejte tuto skvÄ›lou pÅ™Ã­leÅ¾itost a postavÄ› si svÅ¯j novÃ½ domov na pozemku, kterÃ½ je pÅ™ipraven k okamÅ¾itÃ©mu pokraÄovÃ¡nÃ­ vÃ½stavby bez nutnosti vydat se napospas novÄ› zdigitalizovanÃ©mu procesu stavebnÃ­ Å™Ã­zenÃ­.",Prodej pozemku,,,,,,StavebnÃ­,https://www.bezrealitky.cz/nemovitosti-byty-domy/901378-nabidka-prodej-pozemku-jilove-u-prahy,,,OsobnÃ­,,,901378,f711dd81fb3e3663fb089667b0c2a5780b150f8bb7ea0c6fc187161e0f8152ca,901378
VÃ½tah,6Â 890Â 000Â KÄ,130Â 000Â KÄ/ m2,2+kk,1. 7. 2025,"50.0600729,14.2469327",N/A,Cihla,,B - Velmi ÃºspornÃ¡,,2. podlaÅ¾Ã­ z 5,,"NabÃ­zÃ­m k prodeji v novostavbÄ› bytovÃ©ho domu byt v osobnÃ­m vlastnictvÃ­ v Hostivici u Prahy, ulice JeÄnÃ¡.Byt se nachÃ¡zÃ­ ve 2. podlaÅ¾Ã­ a  je dispoziÄnÄ› Å™eÅ¡en jako 2+kk+balkon, k bytu nÃ¡leÅ¾Ã­ venkovnÃ­ parkovacÃ­ stÃ¡nÃ­. Bytovou jednotku tvoÅ™Ã­ pÅ™edsÃ­Åˆ s ÃºloÅ¾nÃ½mi prostory (vestavÄ›nÃ¡ skÅ™Ã­Åˆ), koupelna s toaletou a vanou, loÅ¾nice (vestavÄ›nÃ¡ skÅ™Ã­Åˆ) a obÃ½vacÃ­ pokoj s kuchyÅˆskÃ½m koutem a vstupem na balkon.Byt bude volnÃ½ po domluvÄ› s majitelem - mÃ¡m v bytÄ› nÃ¡jemnÃ­ky s tÅ™Ã­mÄ›sÃ­ÄnÃ­ vÃ½povÄ›dnÃ­ lhÅ¯tou. Byt je takÃ© vhodnÃ½ jako investiÄnÃ­, kde mÅ¯Å¾e zÅ¯stat i nÃ¡jemnÃ­k v bytÄ›.V mÃ­stÄ› zÃ¡kladnÃ­ a mateÅ™skÃ¡ Å¡kola, Policie ÄŒR, obchody, masÃ¡Å¾e, kosmetika, sluÅ¾by. VÃ½bornÃ¡ dostupnost na LetiÅ¡tÄ› VÃ¡clava Havla, do centra mÄ›sta Prahy, PlznÄ› aj. Pro vÃ­ce informacÃ­ napiÅ¡te zprÃ¡vu a domluvÃ­me se. RK NEKONTAKTOVAT!!!",Prodej bytu,,,ProvÄ›Å™it Â»,Novostavba,,,https://www.bezrealitky.cz/nemovitosti-byty-domy/885520-nabidka-prodej-bytu-jecna-hostivice,KlidnÃ¡ ÄÃ¡st,53,OsobnÃ­,ÄŒÃ¡steÄnÄ›,,885520,85ffa3d9d36b00204efd707ca93c308792f7faec472a510067ff2e6f01877715,885520
Terasa 36 mÂ²,12Â 789Â 000Â KÄ,35Â 329Â KÄ/ m2,3+kk,26. 3. 2025,"49.3962067,13.2921556",N/A,Cihla,,G - MimoÅ™Ã¡dnÄ› nehospodÃ¡rnÃ¡,261,,V bloku,"Jako vlastnÃ­k prodÃ¡vÃ¡m ÄinÅ¾ovnÃ­ dÅ¯m v atraktivnÃ­ lokalitÄ› v srdci Klatov pouhÃ½ch pÃ¡r minut od nÃ¡mÄ›stÃ­! Tento prostornÃ½ objekt nabÃ­zÃ­ skvÄ›lou investiÄnÃ­ pÅ™Ã­leÅ¾itost, ideÃ¡lnÃ­ pro ty, kteÅ™Ã­ hledajÃ­ bydlenÃ­ nebo stabilnÃ­ vÃ½nos z pronÃ¡jmu.Popis nemovitosti:- CelkovÃ¡ plocha: 362,76 m2- PoÄet bytovÃ½ch jednotek: 4- PoÄet nebytovÃ½ch prostor: 2- 2 kk - 41,8 m2- 2 kk - 36,1 m2- 2+1 (nebo 3 kk po pÅ™idÃ¡nÃ­ pÅ™Ã­Äky) - 81 m2- 3 kk (nebo 4 kk po pÅ™idÃ¡nÃ­ pÅ™Ã­Äky) - 87,01 m2- NebytovÃ½ prostor Ä.1 - 15,8 m2- NebytovÃ½ prostor Ä.2 - 14,8 m2- K nebytovÃ½m prostorÅ¯m nÃ¡leÅ¾Ã­ i samostatnÃ© WC a sprcha - 5,2 m2- 2 x balkon - 15 m2- DvÅ¯r - 36 m2- SpoleÄnÃ© prostory - 2 chodby - 25 m2- Kotelna - 4,81 m2- CelkovÃ¡ plocha 362,76 m2Plus podkrovÃ­ cca 150 m2 kde lze vybudovat dalÅ¡Ã­ 3 byty, tudÃ­Å¾ celkem 7 bytu a 2 komerÄnÃ­ prostory!- Stav: Byty pÅ™ed rekonstrukcÃ­, ale ve velmi dobrÃ©m stavu. K pÅ™Ã­zemnÃ­mu bytu naleÅ¾Ã­ nÃ¡dvoÅ™Ã­. Ke dvÄ›ma patrovÃ½m bytÅ¯m naleÅ¾Ã­ balkÃ³n.DÅ¯m se nachÃ¡zÃ­ v klidnÃ© ÄÃ¡sti mÄ›sta, v blÃ­zkosti veÅ¡kerÃ© obÄanskÃ© vybavenosti, jako jsou obchody, Å¡koly, zastÃ¡vky MHD a parky. Byty jsou prostornÃ© a svÄ›tlÃ©, ideÃ¡lnÃ­ pro jednotlivce, pÃ¡ry nebo malÃ© rodiny. NebytovÃ© prostory nabÃ­zejÃ­ moÅ¾nost podnikÃ¡nÃ­ nebo dalÅ¡Ã­ho pronÃ¡jmu.VÃ½hody nemovitosti:- Byty i nebytovÃ© prostory jsou vhodnÃ© ihned k nastÄ›hovanÃ­- TÅ™i byty obsahuji jiÅ¾ i kuchyÅˆskou linku se spotÅ™ebiÄi.- SkvÄ›lÃ¡ lokalita s vysokou poptÃ¡vkou po pronÃ¡jmu- StabilnÃ­ pÅ™Ã­jem z pronÃ¡jmu bytovÃ½ch i nebytovÃ½ch prostor- MoÅ¾nost Ãºprav a modernizace podle vlastnÃ­ch pÅ™edstav a potÃ© napÅ™Ã­klad nÃ¡slednÃ½ prodej po bytovÃ½ch jednotkÃ¡ch.- V katastru je stÃ¡le vedenÃ½ jako rodinnÃ½ dÅ¯m, tudÃ­Å¾ na nÄ›j zle zÃ­skat i hypotÃ©ka.VÃ­ce informacÃ­:Pro vÃ­ce informacÃ­ a domluvenÃ­ prohlÃ­dky nÃ¡s nevÃ¡hejte kontaktovat.NevÃ¡hejte, tato nabÃ­dka se rychle prodÃ¡vÃ¡! Investujte do nemovitosti s velkÃ½m potenciÃ¡lem v srdci Klatov!",Prodej domu,,,ProvÄ›Å™it Â»,Velmi dobrÃ½,,,https://www.bezrealitky.cz/nemovitosti-byty-domy/885917-nabidka-prodej-domu-denisova-klatovy,KlidnÃ¡ ÄÃ¡st,362,OsobnÃ­,ÄŒÃ¡steÄnÄ›,,885917,d0129b54c2cda0c6edc22e10f9bb0acaf2382d4506584029ed7be1bb93c645f9,885917
MHD 2 minuty pÄ›Å¡ky,4Â 200Â 000Â KÄ,135Â 484Â KÄ/ m2,1+kk,14. 2. 2025,"50.038618,15.7644096",N/A,Cihla,,C - ÃšspornÃ¡,,3. podlaÅ¾Ã­ z 11,,"Prodej krÃ¡snÃ©ho a modernÄ› zaÅ™Ã­zenÃ©ho bytu 1+kk v cihlovÃ© budovÄ› s vÃ½tahem. Tato velmi dobÅ™e udrÅ¾ovanÃ¡ nemovitost se nachÃ¡zÃ­ na 3. podlaÅ¾Ã­ z celkovÃ½ch 11, v budovÄ› s bezbariÃ©rovÃ½m pÅ™Ã­stupem. Byt mÃ¡ uÅ¾itnou plochu 31 mÂ² a nabÃ­zÃ­ veÅ¡kerÃ½ komfort pro pohodlnÃ© bydlenÃ­.Byt je plnÄ› vybavenÃ½ a pÅ™ipravenÃ½ k okamÅ¾itÃ©mu nastÄ›hovÃ¡nÃ­. SouÄÃ¡stÃ­ prodeje je veÅ¡kerÃ½ nÃ¡bytek a spotÅ™ebiÄe. Na podzim roku 2024 byla v celÃ© budovÄ› vymÄ›nÄ›na okna, tudÃ­Å¾ jsou zcela novÃ¡. EnergetickÃ¡ nÃ¡roÄnost budovy odpovÃ­dÃ¡ tÅ™Ã­dÄ› C, coÅ¾ zaruÄuje efektivnÃ­ provoz a nÃ­zkÃ© nÃ¡klady na energie (2400 - voda, teplo, fond oprav)K bytu nÃ¡leÅ¾Ã­ takÃ© sklep o velikosti 2 mÂ², ideÃ¡lnÃ­ pro uloÅ¾enÃ­ osobnÃ­ch vÄ›cÃ­. ParkovÃ¡nÃ­ a garÃ¡Å¾ovÃ© stÃ¡nÃ­ nejsou souÄÃ¡stÃ­ nabÃ­dky, avÅ¡ak v okolÃ­ je dostatek veÅ™ejnÃ½ch parkovacÃ­ch mÃ­st.VlastnictvÃ­ je moÅ¾nÃ© jak osobnÃ­, tak druÅ¾stevnÃ­, coÅ¾ nabÃ­zÃ­ flexibilnÃ­ moÅ¾nosti financovÃ¡nÃ­ podle vaÅ¡ich preferencÃ­.Tato nemovitost je ideÃ¡lnÃ­ pro jednotlivce nebo pÃ¡ry, kteÅ™Ã­ hledajÃ­ modernÃ­ bydlenÃ­ v klidnÃ© lokalitÄ› s dobrou dostupnostÃ­ veÅ¡kerÃ© obÄanskÃ© vybavenosti. Pro bliÅ¾Å¡Ã­ informace a domluvenÃ­ prohlÃ­dky mÄ› nevÃ¡hejte kontaktovat prostÅ™ednictvÃ­m zprÃ¡v.",Prodej bytu,LuxusnÃ­,KompletnÃ­,ProvÄ›Å™it Â»,Velmi dobrÃ½,10 - 30 let,,https://www.bezrealitky.cz/nemovitosti-byty-domy/881510-nabidka-prodej-bytu-nabrezi-zavodu-miru-pardubice,Centrum,31,OsobnÃ­,Vybaveno,,881510,32ba6443c26d52d3ccde2b1025155c3273052aa2ccb0caa5a1ec94f3010933a8,881510
Energie,4Â 300Â 000Â KÄ,215Â 000Â KÄ/ m2,1+kk,9. 4. 2025,"50.0703862,14.4060197",N/A,Cihla,,D - MÃ©nÄ› ÃºspornÃ¡,,5. podlaÅ¾Ã­ z 6,,"NabÃ­zÃ­me k prodeji osobnÃ­ byt s dispozicÃ­ 1+kk o celkovÃ© ploÅ¡e 20 mÂ², umÃ­stÄ›nÃ½ v cihlovÃ©m domÄ› s celkovÃ½m poÄtem Å¡esti podlaÅ¾Ã­. Byt se nachÃ¡zÃ­ v pÃ¡tÃ©m patÅ™e a vyznaÄuje se velmi dobrÃ½m stavem, kterÃ½ byl pravidelnÄ› udrÅ¾ovÃ¡n. Do bytu je ÄÃ¡steÄnÄ› vybaven, coÅ¾ pÅ™edstavuje ideÃ¡lnÃ­ vÃ½chozÃ­ bod pro ty, kteÅ™Ã­ hledajÃ­ kompaktnÃ­ a praktickÃ© Å™eÅ¡enÃ­ pro bydlenÃ­ nebo investici.DÃ­ky osobnÃ­mu vlastnictvÃ­ si mohu zaruÄit transparentnÃ­ a bezproblÃ©movÃ½ prÅ¯bÄ›h prodeje. Nemovitost disponuje energetickÃ½m Å¡tÃ­tkem tÅ™Ã­dy D, coÅ¾ svÄ›dÄÃ­ o jejÃ­ energetickÃ© nÃ¡roÄnosti a umoÅ¾Åˆuje tak cÃ­lenÄ›jÅ¡Ã­ plÃ¡novÃ¡nÃ­ budoucÃ­ch Ãºprav. SouÄÃ¡stÃ­ nabÃ­dky je takÃ© parkovÃ¡nÃ­, coÅ¾ vÃ½raznÄ› zvyÅ¡uje komfort bydlenÃ­, zejmÃ©na v ruÅ¡nÄ›jÅ¡Ã­ch lokalitÃ¡ch mÄ›sta.V pÅ™Ã­padÄ› zÃ¡jmu o bliÅ¾Å¡Ã­ informace Äi sjednÃ¡nÃ­ prohlÃ­dky mne nevÃ¡hejte kontaktovat skrze zprÃ¡vy na komunikaÄnÃ­ platformÄ›. RÃ¡d poskytnu dalÅ¡Ã­ detaily a domluvÃ­m si osobnÃ­ setkÃ¡nÃ­ k prohlÃ­dce tÃ©to zajÃ­mavÃ© pÅ™Ã­leÅ¾itosti.",Prodej bytu,,,ProvÄ›Å™it Â»,Velmi dobrÃ½,,,https://www.bezrealitky.cz/nemovitosti-byty-domy/895486-nabidka-prodej-bytu-jindricha-plachty-hlavni-mesto-praha,Centrum,20,OsobnÃ­,ÄŒÃ¡steÄnÄ›,,895486,110948930b1db8cc3c1ab4a362b88acb8d25942a8f1c5ee3ffc1cde0286d7580,895486
Energie,6Â 900Â 000Â KÄ,156Â 818Â KÄ/ m2,2+kk,9. 4. 2025,"50.0703862,14.4060197",N/A,Cihla,,D - MÃ©nÄ› ÃºspornÃ¡,,4. podlaÅ¾Ã­ z 6,,"HledÃ¡te ideÃ¡lnÃ­ pÅ™Ã­leÅ¾itost pro bydlenÃ­ nebo zhodnocenÃ­ svÃ© investice? PÅ™edstavujeme VÃ¡m jedineÄnou nabÃ­dku ÃºtulnÃ©ho bytu 2+kk na exkluzivnÃ­ adrese JindÅ™icha Plachty 25, SmÃ­chov. Tento byt 2+kk o velikosti 43,5 mÂ² se nachÃ¡zÃ­ ve 4. patÅ™e dobÅ™e udrÅ¾ovanÃ©ho ÄinÅ¾ovnÃ­ho domu, kterÃ½ je situovÃ¡n v bezprostÅ™ednÃ­ blÃ­zkosti obchodnÃ­ho centra AndÄ›l â€“ jednÃ© z nejÅ¾Ã¡danÄ›jÅ¡Ã­ch lokalit Prahy.SmÃ­chov, jakoÅ¾to srdce modernÃ­ metropole, v souÄasnosti zaÅ¾Ã­vÃ¡ dynamickÃ½ rozvoj. V blÃ­zkÃ© budoucnosti se mÅ¯Å¾ete tÄ›Å¡it na velkolepÃ© urbanistickÃ© promÄ›ny, vÄetnÄ› vÃ½stavby modernÃ­ch rezidenÄnÃ­ch a komerÄnÃ­ch projektÅ¯, kterÃ© pÅ™itahujÃ­ nejen novÃ© rezidenty, ale takÃ© Å¡piÄkovÃ© firmy a investory z celÃ©ho svÄ›ta. Tato oblast se stÃ¡vÃ¡ centrem modernÃ­ho mÄ›stskÃ©ho Å¾ivota, kde se prolÃ­nÃ¡ historie, kultura a souÄasnÃ¡ architektura.Lokalita SmÃ­chova nabÃ­zÃ­ nevyÄerpatelnÃ½ zdroj vÃ½hod pro kaÅ¾dÃ©ho, kdo touÅ¾Ã­ po komfortnÃ­m a aktivnÃ­m Å¾ivotnÃ­m stylu. V dochÃ¡zkovÃ© vzdÃ¡lenosti od domu naleznete nejen obchodnÃ­ centrum AndÄ›l s nepÅ™ebernou nabÃ­dkou obchodÅ¯, restauracÃ­ a kavÃ¡ren, ale takÃ© vÃ½bornÃ© dopravnÃ­ spojenÃ­ â€“ stanice metra B AndÄ›l a tramvajovÃ¡ kÅ™iÅ¾ovatka, kterÃ¡ VÃ¡s rychle spojÃ­ s jakoukoli ÄÃ¡stÃ­ Prahy. V okolÃ­ se navÃ­c nachÃ¡zÃ­ mnoÅ¾stvÃ­ parkÅ¯, cyklostezek a sportoviÅ¡Å¥, coÅ¾ poskytuje perfektnÃ­ podmÃ­nky pro relaxaci a aktivnÃ­ odpoÄinek.SamotnÃ½ byt je ideÃ¡lnÃ­ volbou pro jednotlivce nebo jako investiÄnÃ­ pÅ™Ã­leÅ¾itost. Byt o dispozici 2+kk je prakticky Å™eÅ¡en, nabÃ­zÃ­ svÄ›tlÃ½ obytnÃ½ prostor s dostatkem pÅ™irozenÃ©ho svÄ›tla a pÅ™Ã­jemnou atmosfÃ©rou. KuchyÅˆskÃ¡ linka je ÃºÄelnÄ› navrÅ¾ena pro maximÃ¡lnÃ­ vyuÅ¾itÃ­ prostoru. DÅ¯m je ve velmi dobrÃ©m technickÃ©m stavu, coÅ¾ zajiÅ¡Å¥uje nÃ­zkÃ© provoznÃ­ nÃ¡klady a bezproblÃ©movÃ© bydlenÃ­.Pro investory pÅ™edstavuje tato nemovitost mimoÅ™Ã¡dnou pÅ™Ã­leÅ¾itost. Byty 1+kk a 2+kk jsou na praÅ¾skÃ©m trhu stÃ¡le velmi Å¾Ã¡danÃ©, a dÃ­ky strategickÃ© poloze na SmÃ­chovÄ› je tento byt zÃ¡rukou dlouhodobÃ©ho zhodnocenÃ­. NavÃ­c blÃ­zkost obchodnÃ­ho centra AndÄ›l a plÃ¡novanÃ© rozÅ¡Ã­Å™enÃ­ celÃ© Ätvrti zvyÅ¡ujÃ­ atraktivitu a zajiÅ¡Å¥ujÃ­ stabilnÃ­ vÃ½nosy z pÅ™Ã­padnÃ©ho pronÃ¡jmu.Tento byt spojuje ideÃ¡lnÃ­ polohu, pohodlÃ­ a investiÄnÃ­ potenciÃ¡l. AÅ¥ uÅ¾ hledÃ¡te novÃ© bydlenÃ­ v srdci Prahy, nebo chcete bezpeÄnÄ› uloÅ¾it svÃ© finance do nemovitosti s jistotou rÅ¯stu hodnoty, JindÅ™icha Plachty 25 je adresa, kterÃ¡ splnÃ­ VaÅ¡e oÄekÃ¡vÃ¡nÃ­.NevÃ¡hejte a kontaktujte nÃ¡s pro vÃ­ce informacÃ­ nebo prohlÃ­dku tÃ©to jedineÄnÃ© nemovitosti. VaÅ¡e novÃ© bydlenÃ­ nebo investice ÄekÃ¡ prÃ¡vÄ› zde, v prestiÅ¾nÃ­ lokalitÄ› SmÃ­chova, kterÃ¡ nikdy nezklame.Tento byt aktuÃ¡lnÄ› nabÃ­zÃ­me v pÅ™edprodeji prvnÃ­m zÃ¡jemcÅ¯m, kteÅ™Ã­ majÃ­ unikÃ¡tnÃ­ moÅ¾nost si jej prohlÃ©dnout jako prvnÃ­ v rÃ¡mci pÅ™Ã­pravy pro prodej a pÅ™edÃ¡nÃ­ novÃ½m majitelÅ¯m.",Prodej bytu,,,ProvÄ›Å™it Â»,Velmi dobrÃ½,,,https://www.bezrealitky.cz/nemovitosti-byty-domy/895484-nabidka-prodej-bytu-jindricha-plachty-hlavni-mesto-praha,Centrum,44,OsobnÃ­,ÄŒÃ¡steÄnÄ›,,895484,1c8260d54bafb83c0c5cc3d23360469f02cdbdf8ff995b54fc2740ae1142059f,895484
VÃ½tah,6Â 290Â 000Â KÄ,179Â 714Â KÄ/ m2,2+kk,18. 3. 2025,"50.0834534,14.4463961",N/A,Cihla,,D - MÃ©nÄ› ÃºspornÃ¡,,4. podlaÅ¾Ã­ z 5,,"HledÃ¡te jedineÄnÃ© bydlenÃ­ v prestiÅ¾nÃ­ lokalitÄ› s nÃ¡dhernÃ½m vÃ½hledem na Prahu? NabÃ­zÃ­me luxusnÃ­ byt o dispozici 2+kk a velikosti 35,2 mÂ², kterÃ½ se nachÃ¡zÃ­ v srdci Å½iÅ¾kova, jednÃ© z nejcharismatiÄtÄ›jÅ¡Ã­ch ÄÃ¡stÃ­ Prahy. Tento byt pÅ™edstavuje dokonalÃ© spojenÃ­ modernÃ­ho bydlenÃ­ s historickÃ½m geniem loci, kterÃ½ dÄ›lÃ¡ Å½iÅ¾kov tak jedineÄnÃ½m.Byt je vzduÅ¡nÃ½, prostornÃ½ a dÃ­ky svÃ©mu uspoÅ™Ã¡dÃ¡nÃ­ je ideÃ¡lnÃ­ jak pro jednotlivce Äi pÃ¡ry hledajÃ­cÃ­ komfortnÃ­ bydlenÃ­, tak pro rodiny, kterÃ© ocenÃ­ dostatek prostoru a promyÅ¡lenÃ© dispoziÄnÃ­ Å™eÅ¡enÃ­. VelkÃ¡ okna v obou podlaÅ¾Ã­ch propouÅ¡tÄ›jÃ­ mnoÅ¾stvÃ­ pÅ™irozenÃ©ho svÄ›tla a zÃ¡roveÅˆ poskytujÃ­ exkluzivnÃ­ vÃ½hled na panorama hlavnÃ­ho mÄ›sta. Tento byt je skuteÄnÃ½m architektonickÃ½m skvostem, kterÃ½ uspokojÃ­ i ty nejnÃ¡roÄnÄ›jÅ¡Ã­ zÃ¡jemce.Lokalita je jednÃ­m z hlavnÃ­ch benefitÅ¯ tÃ©to nemovitosti. Å½iÅ¾kov, proslulÃ½ svou jedineÄnou atmosfÃ©rou, kombinuje tradiÄnÃ­ mÄ›stskÃ½ Å¾ivot s modernÃ­mi trendy. V blÃ­zkosti naleznete vÅ¡e potÅ™ebnÃ© â€“ od kavÃ¡ren, restauracÃ­ a obchodÅ¯ aÅ¾ po Å¡koly, parky a sportovnÃ­ zaÅ™Ã­zenÃ­. Jen pÃ¡r minut chÅ¯ze VÃ¡s dÄ›lÃ­ od centra Prahy i VysokÃ© Å¡koly ekonomickÃ©, coÅ¾ ÄinÃ­ tento byt ideÃ¡lnÃ­ takÃ© pro studenty nebo akademiky.Nemovitost nabÃ­zÃ­ nejen luxusnÃ­ bydlenÃ­, ale takÃ© zajÃ­mavÃ½ investiÄnÃ­ potenciÃ¡l. DÃ­ky svÃ© poloze a charakteru mÅ¯Å¾e bÃ½t tento byt vysoce atraktivnÃ­ pro dlouhodobÃ© i krÃ¡tkodobÃ© pronÃ¡jmy. Å½iÅ¾kov patÅ™Ã­ mezi lokality s vysokou poptÃ¡vkou, a proto je tato nemovitost jistou volbou pro investory, kteÅ™Ã­ hledajÃ­ nemovitost s vysokou nÃ¡vratnostÃ­.VÃ½jimeÄnÃ¡ architektura bytu navÃ­c umoÅ¾Åˆuje dokonalÃ© vyuÅ¾itÃ­ prostoru. ModernÃ­ kuchyÅˆskÃ½ kout plynule pÅ™echÃ¡zÃ­ do obÃ½vacÃ­ ÄÃ¡sti, kterÃ¡ je ideÃ¡lnÃ­m mÃ­stem pro setkÃ¡vÃ¡nÃ­ s rodinou Äi pÅ™Ã¡teli. LoÅ¾nice jsou situovÃ¡ny tak, aby zajiÅ¡Å¥ovaly maximÃ¡lnÃ­ klid a soukromÃ­. Byt je pÅ™ipraven k okamÅ¾itÃ©mu nastÄ›hovÃ¡nÃ­ a jeho vybavenÃ­ odpovÃ­dÃ¡ nejvyÅ¡Å¡Ã­m standardÅ¯m souÄasnÃ©ho bydlenÃ­.Pokud hledÃ¡te domov, kterÃ½ kombinuje pohodlÃ­, styl a vÃ½jimeÄnou polohu, tento byt je pÅ™esnÄ› pro VÃ¡s.Kontaktujte nÃ¡s jeÅ¡tÄ› dnes a domluvte si prohlÃ­dku tohoto jedineÄnÃ©ho mezonetu na Å½iÅ¾kovÄ›. TakovÃ¡ pÅ™Ã­leÅ¾itost se objevuje jen zÅ™Ã­dka â€“ nenechte si ji ujÃ­t!",Prodej bytu,,,ProvÄ›Å™it Â»,Velmi dobrÃ½,,,https://www.bezrealitky.cz/nemovitosti-byty-domy/885020-nabidka-prodej-bytu-vlkova-hlavni-mesto-praha,KlidnÃ¡ ÄÃ¡st,35,OsobnÃ­,ÄŒÃ¡steÄnÄ›,,885020,fcac007a3f0ddb517e850614fd4136d6fe1efc8c8aee1dcbb7e7869b6755bbd5,885020
VÃ½tah,10Â 490Â 000Â KÄ,120Â 575Â KÄ/ m2,3+kk,1. 5. 2025,"50.0834534,14.4463961",N/A,Cihla,,D - MÃ©nÄ› ÃºspornÃ¡,,5. podlaÅ¾Ã­ z 5,,"HledÃ¡te jedineÄnÃ© bydlenÃ­ v prestiÅ¾nÃ­ lokalitÄ› s nÃ¡dhernÃ½m vÃ½hledem na Prahu? NabÃ­zÃ­me luxusnÃ­ mezonetovÃ½ byt o dispozici 3+kk a velikosti 86,8 mÂ², kterÃ½ se nachÃ¡zÃ­ v srdci Å½iÅ¾kova, jednÃ© z nejcharismatiÄtÄ›jÅ¡Ã­ch ÄÃ¡stÃ­ Prahy. Tento byt pÅ™edstavuje dokonalÃ© spojenÃ­ modernÃ­ho bydlenÃ­ s historickÃ½m geniem loci, kterÃ½ dÄ›lÃ¡ Å½iÅ¾kov tak jedineÄnÃ½m.Byt je vzduÅ¡nÃ½, prostornÃ½ a dÃ­ky svÃ©mu mezonetovÃ©mu uspoÅ™Ã¡dÃ¡nÃ­ nabÃ­zÃ­ zajÃ­mavÃ© ÄlenÄ›nÃ­ prostoru. Je ideÃ¡lnÃ­ jak pro jednotlivce Äi pÃ¡ry hledajÃ­cÃ­ komfortnÃ­ bydlenÃ­, tak pro rodiny, kterÃ© ocenÃ­ dostatek prostoru a promyÅ¡lenÃ© dispoziÄnÃ­ Å™eÅ¡enÃ­. VelkÃ¡ okna v obou podlaÅ¾Ã­ch propouÅ¡tÄ›jÃ­ mnoÅ¾stvÃ­ pÅ™irozenÃ©ho svÄ›tla a zÃ¡roveÅˆ poskytujÃ­ exkluzivnÃ­ vÃ½hled na panorama hlavnÃ­ho mÄ›sta. Tento byt je skuteÄnÃ½m architektonickÃ½m skvostem, kterÃ½ uspokojÃ­ i ty nejnÃ¡roÄnÄ›jÅ¡Ã­ zÃ¡jemce.Lokalita je jednÃ­m z hlavnÃ­ch benefitÅ¯ tÃ©to nemovitosti. Å½iÅ¾kov, proslulÃ½ svou jedineÄnou atmosfÃ©rou, kombinuje tradiÄnÃ­ mÄ›stskÃ½ Å¾ivot s modernÃ­mi trendy. V blÃ­zkosti naleznete vÅ¡e potÅ™ebnÃ© â€“ od kavÃ¡ren, restauracÃ­ a obchodÅ¯ aÅ¾ po Å¡koly, parky a sportovnÃ­ zaÅ™Ã­zenÃ­. Jen pÃ¡r minut chÅ¯ze VÃ¡s dÄ›lÃ­ od centra Prahy i VysokÃ© Å¡koly ekonomickÃ©, coÅ¾ ÄinÃ­ tento byt ideÃ¡lnÃ­ takÃ© pro studenty nebo akademiky.Nemovitost nabÃ­zÃ­ nejen luxusnÃ­ bydlenÃ­, ale takÃ© zajÃ­mavÃ½ investiÄnÃ­ potenciÃ¡l. DÃ­ky svÃ© poloze a charakteru mÅ¯Å¾e bÃ½t tento byt vysoce atraktivnÃ­ pro dlouhodobÃ© i krÃ¡tkodobÃ© pronÃ¡jmy. Å½iÅ¾kov patÅ™Ã­ mezi lokality s vysokou poptÃ¡vkou, a proto je tato nemovitost jistou volbou pro investory, kteÅ™Ã­ hledajÃ­ nemovitost s vysokou nÃ¡vratnostÃ­.VÃ½jimeÄnÃ¡ architektura bytu navÃ­c umoÅ¾Åˆuje dokonalÃ© vyuÅ¾itÃ­ prostoru. ModernÃ­ kuchyÅˆskÃ½ kout plynule pÅ™echÃ¡zÃ­ do obÃ½vacÃ­ ÄÃ¡sti, kterÃ¡ je ideÃ¡lnÃ­m mÃ­stem pro setkÃ¡vÃ¡nÃ­ s rodinou Äi pÅ™Ã¡teli. LoÅ¾nice jsou situovÃ¡ny tak, aby zajiÅ¡Å¥ovaly maximÃ¡lnÃ­ klid a soukromÃ­. Byt je pÅ™ipraven k okamÅ¾itÃ©mu nastÄ›hovÃ¡nÃ­ a jeho vybavenÃ­ odpovÃ­dÃ¡ nejvyÅ¡Å¡Ã­m standardÅ¯m souÄasnÃ©ho bydlenÃ­.Pokud hledÃ¡te domov, kterÃ½ kombinuje pohodlÃ­, styl a vÃ½jimeÄnou polohu, tento byt je pÅ™esnÄ› pro VÃ¡s. Kontaktujte nÃ¡s jeÅ¡tÄ› dnes a domluvte si prohlÃ­dku tohoto jedineÄnÃ©ho mezonetu na Å½iÅ¾kovÄ›. TakovÃ¡ pÅ™Ã­leÅ¾itost se objevuje jen zÅ™Ã­dka â€“ nenechte si ji ujÃ­t!",Prodej bytu,,,ProvÄ›Å™it Â»,Velmi dobrÃ½,,,https://www.bezrealitky.cz/nemovitosti-byty-domy/901376-nabidka-prodej-bytu-vlkova-hlavni-mesto-praha,KlidnÃ¡ ÄÃ¡st,87,OsobnÃ­,ÄŒÃ¡steÄnÄ›,,901376,9a4d4c691c163411cc2cd180c41f564c6c4cd57446a269264de4f90f28cf30b6,901376
Energie,7Â 490Â 000Â KÄ,146Â 863Â KÄ/ m2,2+kk,1. 5. 2025,"50.0703862,14.4060197",N/A,Cihla,,D - MÃ©nÄ› ÃºspornÃ¡,,6. podlaÅ¾Ã­ z 6,,"HledÃ¡te ideÃ¡lnÃ­ pÅ™Ã­leÅ¾itost pro bydlenÃ­ nebo zhodnocenÃ­ svÃ© investice? PÅ™edstavujeme VÃ¡m jedineÄnou nabÃ­dku ÃºtulnÃ©ho bytu 2+kk na exkluzivnÃ­ adrese JindÅ™icha Plachty 25, SmÃ­chov. Tento byt 2+kk o velikosti 51,2 mÂ², s jedineÄnou terasou 8.6 m2 s panoramatickÃ½m vÃ½hledem na Prahu, se nachÃ¡zÃ­ v 6. patÅ™e dobÅ™e udrÅ¾ovanÃ©ho ÄinÅ¾ovnÃ­ho domu, kterÃ½ je situovÃ¡n v bezprostÅ™ednÃ­ blÃ­zkosti obchodnÃ­ho centra AndÄ›l â€“ jednÃ© z nejÅ¾Ã¡danÄ›jÅ¡Ã­ch lokalit Prahy.SmÃ­chov, jakoÅ¾to srdce modernÃ­ metropole, v souÄasnosti zaÅ¾Ã­vÃ¡ dynamickÃ½ rozvoj. V blÃ­zkÃ© budoucnosti se mÅ¯Å¾ete tÄ›Å¡it na velkolepÃ© urbanistickÃ© promÄ›ny, vÄetnÄ› vÃ½stavby modernÃ­ch rezidenÄnÃ­ch a komerÄnÃ­ch projektÅ¯, kterÃ© pÅ™itahujÃ­ nejen novÃ© rezidenty, ale takÃ© Å¡piÄkovÃ© firmy a investory z celÃ©ho svÄ›ta. Tato oblast se stÃ¡vÃ¡ centrem modernÃ­ho mÄ›stskÃ©ho Å¾ivota, kde se prolÃ­nÃ¡ historie, kultura a souÄasnÃ¡ architektura.Lokalita SmÃ­chova nabÃ­zÃ­ nevyÄerpatelnÃ½ zdroj vÃ½hod pro kaÅ¾dÃ©ho, kdo touÅ¾Ã­ po komfortnÃ­m a aktivnÃ­m Å¾ivotnÃ­m stylu. V dochÃ¡zkovÃ© vzdÃ¡lenosti od domu naleznete nejen obchodnÃ­ centrum AndÄ›l s nepÅ™ebernou nabÃ­dkou obchodÅ¯, restauracÃ­ a kavÃ¡ren, ale takÃ© vÃ½bornÃ© dopravnÃ­ spojenÃ­ â€“ stanice metra B AndÄ›l a tramvajovÃ¡ kÅ™iÅ¾ovatka, kterÃ¡ VÃ¡s rychle spojÃ­ s jakoukoli ÄÃ¡stÃ­ Prahy. V okolÃ­ se navÃ­c nachÃ¡zÃ­ mnoÅ¾stvÃ­ parkÅ¯, cyklostezek a sportoviÅ¡Å¥, coÅ¾ poskytuje perfektnÃ­ podmÃ­nky pro relaxaci a aktivnÃ­ odpoÄinek.SamotnÃ½ byt je ideÃ¡lnÃ­ volbou pro jednotlivce nebo jako investiÄnÃ­ pÅ™Ã­leÅ¾itost. Byt o dispozici 2+kk je prakticky Å™eÅ¡en, nabÃ­zÃ­ svÄ›tlÃ½ obytnÃ½ prostor s dostatkem pÅ™irozenÃ©ho svÄ›tla a pÅ™Ã­jemnou atmosfÃ©rou. KuchyÅˆskÃ¡ linka je ÃºÄelnÄ› navrÅ¾ena pro maximÃ¡lnÃ­ vyuÅ¾itÃ­ prostoru. DÅ¯m je ve velmi dobrÃ©m technickÃ©m stavu, coÅ¾ zajiÅ¡Å¥uje nÃ­zkÃ© provoznÃ­ nÃ¡klady a bezproblÃ©movÃ© bydlenÃ­.Pro investory pÅ™edstavuje tato nemovitost mimoÅ™Ã¡dnou pÅ™Ã­leÅ¾itost. Byty 1+kk a 2+kk jsou na praÅ¾skÃ©m trhu stÃ¡le velmi Å¾Ã¡danÃ©, a dÃ­ky strategickÃ© poloze na SmÃ­chovÄ› je tento byt zÃ¡rukou dlouhodobÃ©ho zhodnocenÃ­. NavÃ­c blÃ­zkost obchodnÃ­ho centra AndÄ›l a plÃ¡novanÃ© rozÅ¡Ã­Å™enÃ­ celÃ© Ätvrti zvyÅ¡ujÃ­ atraktivitu a zajiÅ¡Å¥ujÃ­ stabilnÃ­ vÃ½nosy z pÅ™Ã­padnÃ©ho pronÃ¡jmu.Tento byt spojuje ideÃ¡lnÃ­ polohu, pohodlÃ­ a investiÄnÃ­ potenciÃ¡l. AÅ¥ uÅ¾ hledÃ¡te novÃ© bydlenÃ­ v srdci Prahy, nebo chcete bezpeÄnÄ› uloÅ¾it svÃ© finance do nemovitosti s jistotou rÅ¯stu hodnoty, JindÅ™icha Plachty 25 je adresa, kterÃ¡ splnÃ­ VaÅ¡e oÄekÃ¡vÃ¡nÃ­.NevÃ¡hejte a kontaktujte nÃ¡s pro vÃ­ce informacÃ­ nebo prohlÃ­dku tÃ©to jedineÄnÃ© nemovitosti. VaÅ¡e novÃ© bydlenÃ­ nebo investice ÄekÃ¡ prÃ¡vÄ› zde, v prestiÅ¾nÃ­ lokalitÄ› SmÃ­chova, kterÃ¡ nikdy nezklame.",Prodej bytu,,,ProvÄ›Å™it Â»,Velmi dobrÃ½,,,https://www.bezrealitky.cz/nemovitosti-byty-domy/901371-nabidka-prodej-bytu-jindricha-plachty-hlavni-mesto-praha,Centrum,51,OsobnÃ­,ÄŒÃ¡steÄnÄ›,,901371,5c7dafefdbd8abd77ba1933b471af9279c9779a2f7aca5727a34d6e824114ce3,901371
Energie,6Â 900Â 000Â KÄ,140Â 816Â KÄ/ m2,1+1,1. 5. 2025,"50.0656121,14.4283468",N/A,Cihla,,D - MÃ©nÄ› ÃºspornÃ¡,,2. podlaÅ¾Ã­ z 5,,"JedineÄnÃ¡ pÅ™Ã­leÅ¾itost: ProstornÃ½ byt 1+1 v Å¾Ã¡danÃ½ch NuslÃ­chHledÃ¡te nadstandardnÄ› prostornÃ© bydlenÃ­ v Praze, kterÃ© kombinuje skvÄ›lou lokalitu, flexibilnÃ­ dispozici a vÃ½hodnou cenu? PÅ™edstavujeme vÃ¡m byt o dispozici 1+1 s celkovou plochou 48,7 mÂ², kterÃ½ se nachÃ¡zÃ­ ve 2. patÅ™e udrÅ¾ovanÃ©ho cihlovÃ©ho domu na klidnÃ© OldÅ™ichovÄ› ulici v NuslÃ­ch.Byt nabÃ­zÃ­ prostornÃ½ obÃ½vacÃ­ pokoj s dostatkem svÄ›tla, samostatnou kuchyÅˆ s moÅ¾nostÃ­ rozÅ¡Ã­Å™enÃ­ a koupelnu, kterÃ¡ poskytuje veÅ¡kerÃ½ komfort. Vzhledem k velkorysÃ© rozloze lze prostor upravit podle vlastnÃ­ch pÅ™edstav a potÅ™eb.OldÅ™ichova ulice v NuslÃ­ch je vyhlÃ¡Å¡enÃ¡ svou strategickou polohou. V okolÃ­ najdete veÅ¡kerou obÄanskou vybavenost â€“ od obchodÅ¯ a kavÃ¡ren po Å¡koly, zdravotnickÃ¡ zaÅ™Ã­zenÃ­ a parky ideÃ¡lnÃ­ pro relaxaci. SkvÄ›lÃ© dopravnÃ­ spojeni zajiÅ¡Å¥ujÃ­ tramvajovÃ© zastÃ¡vky a stanice metra VyÅ¡ehrad (linka C), odkud se do centra Prahy dostanete bÄ›hem nÄ›kolika minut.Tento byt pÅ™edstavuje jedineÄnou pÅ™Ã­leÅ¾itost pro ty, kteÅ™Ã­ hledajÃ­ prostornÃ© bydlenÃ­ s moÅ¾nostÃ­ variabilnÃ­ho uspoÅ™Ã¡dÃ¡nÃ­ interiÃ©ru. MoÅ¾nost ÃºzpÅ¯sobenÃ­ dispozice, vÃ½bornÃ¡ lokalita a atraktivnÃ­ cena dÄ›lajÃ­ z tÃ©to nabÃ­dky skvÄ›lou volbu.NevÃ¡hejte a domluvte si prohlÃ­dku jeÅ¡tÄ› dnes. Tento prostornÃ½ byt v NuslÃ­ch na vÃ¡s ÄekÃ¡!",Prodej bytu,,,ProvÄ›Å™it Â»,Velmi dobrÃ½,,,https://www.bezrealitky.cz/nemovitosti-byty-domy/901369-nabidka-prodej-bytu-oldrichova-hlavni-mesto-praha,KlidnÃ¡ ÄÃ¡st,49,OsobnÃ­,ÄŒÃ¡steÄnÄ›,,901369,a23091106283b0e75de6d6ccbf91a7bbb840a2d3ae0eef100003d99d4793779c,901369
Energie,4Â 650Â 000Â KÄ,136Â 765Â KÄ/ m2,1+kk,1. 5. 2025,"50.0703862,14.4060197",N/A,Cihla,,D - MÃ©nÄ› ÃºspornÃ¡,,6. podlaÅ¾Ã­ z 6,,"HledÃ¡te ideÃ¡lnÃ­ pÅ™Ã­leÅ¾itost pro bydlenÃ­ nebo zhodnocenÃ­ svÃ© investice? PÅ™edstavujeme VÃ¡m jedineÄnou nabÃ­dku ÃºtulnÃ©ho bytu na exkluzivnÃ­ adrese JindÅ™icha Plachty 25, SmÃ­chov. Tento malometrÃ¡Å¾nÃ­ byt 1+kk o velikosti 33,6 mÂ² se nachÃ¡zÃ­ ve 6. patÅ™e dobÅ™e udrÅ¾ovanÃ©ho ÄinÅ¾ovnÃ­ho domu, kterÃ½ je situovÃ¡n v bezprostÅ™ednÃ­ blÃ­zkosti obchodnÃ­ho centra AndÄ›l â€“ jednÃ© z nejÅ¾Ã¡danÄ›jÅ¡Ã­ch lokalit Prahy.SmÃ­chov, jakoÅ¾to srdce modernÃ­ metropole, v souÄasnosti zaÅ¾Ã­vÃ¡ dynamickÃ½ rozvoj. V blÃ­zkÃ© budoucnosti se mÅ¯Å¾ete tÄ›Å¡it na velkolepÃ© urbanistickÃ© promÄ›ny, vÄetnÄ› vÃ½stavby modernÃ­ch rezidenÄnÃ­ch a komerÄnÃ­ch projektÅ¯, kterÃ© pÅ™itahujÃ­ nejen novÃ© rezidenty, ale takÃ© Å¡piÄkovÃ© firmy a investory z celÃ©ho svÄ›ta. Tato oblast se stÃ¡vÃ¡ centrem modernÃ­ho mÄ›stskÃ©ho Å¾ivota, kde se prolÃ­nÃ¡ historie, kultura a souÄasnÃ¡ architektura.Lokalita SmÃ­chova nabÃ­zÃ­ nevyÄerpatelnÃ½ zdroj vÃ½hod pro kaÅ¾dÃ©ho, kdo touÅ¾Ã­ po komfortnÃ­m a aktivnÃ­m Å¾ivotnÃ­m stylu. V dochÃ¡zkovÃ© vzdÃ¡lenosti od domu naleznete nejen obchodnÃ­ centrum AndÄ›l s nepÅ™ebernou nabÃ­dkou obchodÅ¯, restauracÃ­ a kavÃ¡ren, ale takÃ© vÃ½bornÃ© dopravnÃ­ spojenÃ­ â€“ stanice metra B AndÄ›l a tramvajovÃ¡ kÅ™iÅ¾ovatka, kterÃ¡ VÃ¡s rychle spojÃ­ s jakoukoli ÄÃ¡stÃ­ Prahy. V okolÃ­ se navÃ­c nachÃ¡zÃ­ mnoÅ¾stvÃ­ parkÅ¯, cyklostezek a sportoviÅ¡Å¥, coÅ¾ poskytuje perfektnÃ­ podmÃ­nky pro relaxaci a aktivnÃ­ odpoÄinek.SamotnÃ½ byt je ideÃ¡lnÃ­ volbou pro jednotlivce nebo jako investiÄnÃ­ pÅ™Ã­leÅ¾itost. Byt o dispozici 1+kk je prakticky Å™eÅ¡en, nabÃ­zÃ­ svÄ›tlÃ½ obytnÃ½ prostor s dostatkem pÅ™irozenÃ©ho svÄ›tla a pÅ™Ã­jemnou atmosfÃ©rou. KuchyÅˆskÃ¡ linka je ÃºÄelnÄ› navrÅ¾ena pro maximÃ¡lnÃ­ vyuÅ¾itÃ­ prostoru. DÅ¯m je ve velmi dobrÃ©m technickÃ©m stavu, coÅ¾ zajiÅ¡Å¥uje nÃ­zkÃ© provoznÃ­ nÃ¡klady a bezproblÃ©movÃ© bydlenÃ­.Pro investory pÅ™edstavuje tato nemovitost mimoÅ™Ã¡dnou pÅ™Ã­leÅ¾itost. MalometrÃ¡Å¾nÃ­ byty jsou na praÅ¾skÃ©m trhu stÃ¡le velmi Å¾Ã¡danÃ©, a dÃ­ky strategickÃ© poloze na SmÃ­chovÄ› je tento byt zÃ¡rukou dlouhodobÃ©ho zhodnocenÃ­. NavÃ­c blÃ­zkost obchodnÃ­ho centra AndÄ›l a plÃ¡novanÃ© rozÅ¡Ã­Å™enÃ­ celÃ© Ätvrti zvyÅ¡ujÃ­ atraktivitu a zajiÅ¡Å¥ujÃ­ stabilnÃ­ vÃ½nosy z pÅ™Ã­padnÃ©ho pronÃ¡jmu.Tento byt spojuje ideÃ¡lnÃ­ polohu, pohodlÃ­ a investiÄnÃ­ potenciÃ¡l. AÅ¥ uÅ¾ hledÃ¡te novÃ© bydlenÃ­ v srdci Prahy, nebo chcete bezpeÄnÄ› uloÅ¾it svÃ© finance do nemovitosti s jistotou rÅ¯stu hodnoty, JindÅ™icha Plachty 25 je adresa, kterÃ¡ splnÃ­ VaÅ¡e oÄekÃ¡vÃ¡nÃ­.NevÃ¡hejte a kontaktujte nÃ¡s pro vÃ­ce informacÃ­ nebo prohlÃ­dku tÃ©to jedineÄnÃ© nemovitosti. VaÅ¡e novÃ© bydlenÃ­ nebo investice ÄekÃ¡ prÃ¡vÄ› zde, v prestiÅ¾nÃ­ lokalitÄ› SmÃ­chova, kterÃ¡ nikdy nezklame.",Prodej bytu,,,ProvÄ›Å™it Â»,Velmi dobrÃ½,,,https://www.bezrealitky.cz/nemovitosti-byty-domy/901366-nabidka-prodej-bytu-jindricha-plachty-hlavni-mesto-praha,Centrum,34,OsobnÃ­,ÄŒÃ¡steÄnÄ›,,901366,62d7b1f6a947f5a2babfca72c2742b6ccbbb04a331da715405612c90a33d9aec,901366
Energie,12Â 190Â 000Â KÄ,125Â 670Â KÄ/ m2,3+1,15. 5. 2025,"50.0656121,14.4283468",N/A,Cihla,,D - MÃ©nÄ› ÃºspornÃ¡,,5. podlaÅ¾Ã­ z 5,,"JedineÄnÃ¡ pÅ™Ã­leÅ¾itost: ProstornÃ½ mezonet 3+1 v Å¾Ã¡danÃ½ch NuslÃ­chHledÃ¡te exkluzivnÃ­ a nadstandardnÄ› prostornÃ© bydlenÃ­ v Praze? PÅ™edstavujeme vÃ¡m mezonetovÃ½ byt o dispozici 3+1 s celkovou plochou 97 mÂ², kterÃ½ se nachÃ¡zÃ­ v 5. a 6. nadzemnÃ­m patÅ™e udrÅ¾ovanÃ©ho cihlovÃ©ho domu na klidnÃ© OldÅ™ichovÄ› ulici v NuslÃ­ch.Tento unikÃ¡tnÃ­ mezonet nabÃ­zÃ­ velkorysÃ½ obytnÃ½ prostor s moÅ¾nostÃ­ variabilnÃ­ho uspoÅ™Ã¡dÃ¡nÃ­ interiÃ©ru. Ve spodnÃ­ ÄÃ¡sti bytu se nachÃ¡zÃ­ prostornÃ½ obÃ½vacÃ­ pokoj, samostatnÃ¡ kuchyÅˆ a koupelna. HornÃ­ patro poskytuje dostatek soukromÃ­ s loÅ¾nicemi vhodnÃ½mi pro rodinu i prÃ¡ci z domova.OldÅ™ichova ulice v NuslÃ­ch je vyhlÃ¡Å¡enÃ¡ svou strategickou polohou. V okolÃ­ najdete veÅ¡kerou obÄanskou vybavenost â€“ od obchodÅ¯ a kavÃ¡ren po Å¡koly, zdravotnickÃ¡ zaÅ™Ã­zenÃ­ a parky ideÃ¡lnÃ­ pro relaxaci. SkvÄ›lÃ© dopravnÃ­ spojeni zajiÅ¡Å¥ujÃ­ tramvajovÃ© zastÃ¡vky a stanice metra VyÅ¡ehrad (linka C), odkud se do centra Prahy dostanete bÄ›hem nÄ›kolika minut.Tento mezonetovÃ½ byt je ideÃ¡lnÃ­ volbou pro ty, kteÅ™Ã­ hledajÃ­ komfortnÃ­ a prostornÃ© bydlenÃ­ s modernÃ­ atmosfÃ©rou.NevÃ¡hejte a domluvte si prohlÃ­dku jeÅ¡tÄ› dnes. Tento exkluzivnÃ­ mezonet v NuslÃ­ch na vÃ¡s ÄekÃ¡!",Prodej bytu,,,ProvÄ›Å™it Â»,Velmi dobrÃ½,,,https://www.bezrealitky.cz/nemovitosti-byty-domy/905599-nabidka-prodej-bytu-oldrichova-hlavni-mesto-praha,KlidnÃ¡ ÄÃ¡st,97,OsobnÃ­,ÄŒÃ¡steÄnÄ›,,905599,af7481202d79b721c2f77317df1a1d257194a88bd4514e9714a3f3b6025927ca,905599
ParkovÃ¡nÃ­,10Â 450Â 000Â KÄ,177Â 119Â KÄ/ m2,3+kk,15. 5. 2025,"50.0834534,14.4463961",N/A,Cihla,,D - MÃ©nÄ› ÃºspornÃ¡,,5. podlaÅ¾Ã­ z 5,,"HledÃ¡te jedineÄnÃ© bydlenÃ­ v prestiÅ¾nÃ­ lokalitÄ› s nÃ¡dhernÃ½m vÃ½hledem na Prahu? NabÃ­zÃ­me luxusnÃ­ mezonetovÃ½ byt o dispozici 3+kk a velikosti 59,2 mÂ², kterÃ½ se nachÃ¡zÃ­ v srdci Å½iÅ¾kova, jednÃ© z nejcharismatiÄtÄ›jÅ¡Ã­ch ÄÃ¡stÃ­ Prahy. Co dÄ›lÃ¡ tento byt unikÃ¡tnÃ­m je terasa o velikosti 12,6 mÂ², kterÃ¡ nabÃ­zÃ­ vÃ½hled na centrum Prahy. Tento byt pÅ™edstavuje dokonalÃ© spojenÃ­ modernÃ­ho bydlenÃ­ s historickÃ½m geniem loci, kterÃ½ dÄ›lÃ¡ Å½iÅ¾kov tak jedineÄnÃ½m.Byt je vzduÅ¡nÃ½, prostornÃ½ a dÃ­ky svÃ©mu uspoÅ™Ã¡dÃ¡nÃ­ je ideÃ¡lnÃ­ jak pro jednotlivce Äi pÃ¡ry hledajÃ­cÃ­ komfortnÃ­ bydlenÃ­, tak pro rodiny, kterÃ© ocenÃ­ dostatek prostoru a promyÅ¡lenÃ© dispoziÄnÃ­ Å™eÅ¡enÃ­. VelkÃ¡ okna v obou podlaÅ¾Ã­ch propouÅ¡tÄ›jÃ­ mnoÅ¾stvÃ­ pÅ™irozenÃ©ho svÄ›tla a zÃ¡roveÅˆ poskytujÃ­ exkluzivnÃ­ vÃ½hled na panorama hlavnÃ­ho mÄ›sta. Tento byt je skuteÄnÃ½m architektonickÃ½m skvostem, kterÃ½ uspokojÃ­ i ty nejnÃ¡roÄnÄ›jÅ¡Ã­ zÃ¡jemce.Lokalita je jednÃ­m z hlavnÃ­ch benefitÅ¯ tÃ©to nemovitosti. Å½iÅ¾kov, proslulÃ½ svou jedineÄnou atmosfÃ©rou, kombinuje tradiÄnÃ­ mÄ›stskÃ½ Å¾ivot s modernÃ­mi trendy. V blÃ­zkosti naleznete vÅ¡e potÅ™ebnÃ© â€“ od kavÃ¡ren, restauracÃ­ a obchodÅ¯ aÅ¾ po Å¡koly, parky a sportovnÃ­ zaÅ™Ã­zenÃ­. Jen pÃ¡r minut chÅ¯ze VÃ¡s dÄ›lÃ­ od centra Prahy i VysokÃ© Å¡koly ekonomickÃ©, coÅ¾ ÄinÃ­ tento byt ideÃ¡lnÃ­ takÃ© pro studenty nebo akademiky.Nemovitost nabÃ­zÃ­ nejen luxusnÃ­ bydlenÃ­, ale takÃ© zajÃ­mavÃ½ investiÄnÃ­ potenciÃ¡l. DÃ­ky svÃ© poloze a charakteru mÅ¯Å¾e bÃ½t tento byt vysoce atraktivnÃ­ pro dlouhodobÃ© i krÃ¡tkodobÃ© pronÃ¡jmy. Å½iÅ¾kov patÅ™Ã­ mezi lokality s vysokou poptÃ¡vkou, a proto je tato nemovitost jistou volbou pro investory, kteÅ™Ã­ hledajÃ­ nemovitost s vysokou nÃ¡vratnostÃ­.VÃ½jimeÄnÃ¡ architektura bytu navÃ­c umoÅ¾Åˆuje dokonalÃ© vyuÅ¾itÃ­ prostoru. ModernÃ­ kuchyÅˆskÃ½ kout plynule pÅ™echÃ¡zÃ­ do obÃ½vacÃ­ ÄÃ¡sti, kterÃ¡ je ideÃ¡lnÃ­m mÃ­stem pro setkÃ¡vÃ¡nÃ­ s rodinou Äi pÅ™Ã¡teli. LoÅ¾nice jsou situovÃ¡ny tak, aby zajiÅ¡Å¥ovaly maximÃ¡lnÃ­ klid a soukromÃ­. Byt je pÅ™ipraven k okamÅ¾itÃ©mu nastÄ›hovÃ¡nÃ­ a jeho vybavenÃ­ odpovÃ­dÃ¡ nejvyÅ¡Å¡Ã­m standardÅ¯m souÄasnÃ©ho bydlenÃ­.Pokud hledÃ¡te domov, kterÃ½ kombinuje pohodlÃ­, styl a vÃ½jimeÄnou polohu, tento byt je pÅ™esnÄ› pro VÃ¡s. Kontaktujte nÃ¡s jeÅ¡tÄ› dnes a domluvte si prohlÃ­dku tohoto jedineÄnÃ©ho mezonetu na Å½iÅ¾kovÄ›. TakovÃ¡ pÅ™Ã­leÅ¾itost se objevuje jen zÅ™Ã­dka â€“ nenechte si ji ujÃ­t!",Prodej bytu,,,ProvÄ›Å™it Â»,Velmi dobrÃ½,,,https://www.bezrealitky.cz/nemovitosti-byty-domy/905603-nabidka-prodej-bytu-vlkova-hlavni-mesto-praha,KlidnÃ¡ ÄÃ¡st,59,OsobnÃ­,ÄŒÃ¡steÄnÄ›,,905603,3c6c1f56dbf61be049dba21f528c03c4b01fb38c5c92b840ba4ce9d2e560de15,905603
Energie,5Â 950Â 000Â KÄ,170Â 000Â KÄ/ m2,1+kk,29. 5. 2025,"50.0703862,14.4060197",N/A,Cihla,,D - MÃ©nÄ› ÃºspornÃ¡,,3. podlaÅ¾Ã­ z 6,,"HledÃ¡te ideÃ¡lnÃ­ pÅ™Ã­leÅ¾itost pro bydlenÃ­ nebo zhodnocenÃ­ svÃ© investice? PÅ™edstavujeme VÃ¡m jedineÄnou nabÃ­dku ÃºtulnÃ©ho bytu na exkluzivnÃ­ adrese JindÅ™icha Plachty 25, SmÃ­chov. Tento malometrÃ¡Å¾nÃ­ byt 1+kk o velikosti 34,7 mÂ² se nachÃ¡zÃ­ ve 3. patÅ™e dobÅ™e udrÅ¾ovanÃ©ho ÄinÅ¾ovnÃ­ho domu, kterÃ½ je situovÃ¡n v bezprostÅ™ednÃ­ blÃ­zkosti obchodnÃ­ho centra AndÄ›l â€“ jednÃ© z nejÅ¾Ã¡danÄ›jÅ¡Ã­ch lokalit Prahy.SmÃ­chov, jakoÅ¾to srdce modernÃ­ metropole, v souÄasnosti zaÅ¾Ã­vÃ¡ dynamickÃ½ rozvoj. V blÃ­zkÃ© budoucnosti se mÅ¯Å¾ete tÄ›Å¡it na velkolepÃ© urbanistickÃ© promÄ›ny, vÄetnÄ› vÃ½stavby modernÃ­ch rezidenÄnÃ­ch a komerÄnÃ­ch projektÅ¯, kterÃ© pÅ™itahujÃ­ nejen novÃ© rezidenty, ale takÃ© Å¡piÄkovÃ© firmy a investory z celÃ©ho svÄ›ta. Tato oblast se stÃ¡vÃ¡ centrem modernÃ­ho mÄ›stskÃ©ho Å¾ivota, kde se prolÃ­nÃ¡ historie, kultura a souÄasnÃ¡ architektura.Lokalita SmÃ­chova nabÃ­zÃ­ nevyÄerpatelnÃ½ zdroj vÃ½hod pro kaÅ¾dÃ©ho, kdo touÅ¾Ã­ po komfortnÃ­m a aktivnÃ­m Å¾ivotnÃ­m stylu. V dochÃ¡zkovÃ© vzdÃ¡lenosti od domu naleznete nejen obchodnÃ­ centrum AndÄ›l s nepÅ™ebernou nabÃ­dkou obchodÅ¯, restauracÃ­ a kavÃ¡ren, ale takÃ© vÃ½bornÃ© dopravnÃ­ spojenÃ­ â€“ stanice metra B AndÄ›l a tramvajovÃ¡ kÅ™iÅ¾ovatka, kterÃ¡ VÃ¡s rychle spojÃ­ s jakoukoli ÄÃ¡stÃ­ Prahy. V okolÃ­ se navÃ­c nachÃ¡zÃ­ mnoÅ¾stvÃ­ parkÅ¯, cyklostezek a sportoviÅ¡Å¥, coÅ¾ poskytuje perfektnÃ­ podmÃ­nky pro relaxaci a aktivnÃ­ odpoÄinek.SamotnÃ½ byt je ideÃ¡lnÃ­ volbou pro jednotlivce nebo jako investiÄnÃ­ pÅ™Ã­leÅ¾itost. Byt o dispozici 1+kk je prakticky Å™eÅ¡en, nabÃ­zÃ­ svÄ›tlÃ½ obytnÃ½ prostor s dostatkem pÅ™irozenÃ©ho svÄ›tla a pÅ™Ã­jemnou atmosfÃ©rou. KuchyÅˆskÃ¡ linka je ÃºÄelnÄ› navrÅ¾ena pro maximÃ¡lnÃ­ vyuÅ¾itÃ­ prostoru. DÅ¯m je ve velmi dobrÃ©m technickÃ©m stavu, coÅ¾ zajiÅ¡Å¥uje nÃ­zkÃ© provoznÃ­ nÃ¡klady a bezproblÃ©movÃ© bydlenÃ­.Pro investory pÅ™edstavuje tato nemovitost mimoÅ™Ã¡dnou pÅ™Ã­leÅ¾itost. MalometrÃ¡Å¾nÃ­ byty jsou na praÅ¾skÃ©m trhu stÃ¡le velmi Å¾Ã¡danÃ©, a dÃ­ky strategickÃ© poloze na SmÃ­chovÄ› je tento byt zÃ¡rukou dlouhodobÃ©ho zhodnocenÃ­. NavÃ­c blÃ­zkost obchodnÃ­ho centra AndÄ›l a plÃ¡novanÃ© rozÅ¡Ã­Å™enÃ­ celÃ© Ätvrti zvyÅ¡ujÃ­ atraktivitu a zajiÅ¡Å¥ujÃ­ stabilnÃ­ vÃ½nosy z pÅ™Ã­padnÃ©ho pronÃ¡jmu.Tento byt spojuje ideÃ¡lnÃ­ polohu, pohodlÃ­ a investiÄnÃ­ potenciÃ¡l. AÅ¥ uÅ¾ hledÃ¡te novÃ© bydlenÃ­ v srdci Prahy, nebo chcete bezpeÄnÄ› uloÅ¾it svÃ© finance do nemovitosti s jistotou rÅ¯stu hodnoty, JindÅ™icha Plachty 25 je adresa, kterÃ¡ splnÃ­ VaÅ¡e oÄekÃ¡vÃ¡nÃ­.NevÃ¡hejte a kontaktujte nÃ¡s pro vÃ­ce informacÃ­ nebo prohlÃ­dku tÃ©to jedineÄnÃ© nemovitosti. VaÅ¡e novÃ© bydlenÃ­ nebo investice ÄekÃ¡ prÃ¡vÄ› zde, v prestiÅ¾nÃ­ lokalitÄ› SmÃ­chova, kterÃ¡ nikdy nezklame.",Prodej bytu,,,ProvÄ›Å™it Â»,Velmi dobrÃ½,,,https://www.bezrealitky.cz/nemovitosti-byty-domy/910160-nabidka-prodej-bytu-jindricha-plachty-hlavni-mesto-praha,KlidnÃ¡ ÄÃ¡st,35,OsobnÃ­,ÄŒÃ¡steÄnÄ›,,910160,977384bf44a388142b0293a8f0117abafffe7bc8ba718fe346a21f6cac77109e,910160
