Bezbariérový byt:,Celková plocha:,Cena:,Charakter okolní zástavby:,Dispozice:,Doprava:,Druh objektu:,Druh pozemku:,Druh prostor:,Elektřina:,Energetická náročnost budovy:,GPS coordinates,Garáž:,Images,Inženýrské sítě:,K nastěhování:,Měrná vypočtená roční spotřeba energie v kWh/m²/rok:,Občanská vybavenost:,Odpad:,Ostatní rozvody:,Plocha kanceláří:,Plocha parcely:,Plocha zahrady:,Plyn:,Podlahová plocha:,Poloha objektu:,Poznámka k ceně:,Počet parkovacích míst:,Počet podlaží pod zemí:,Počet podlaží v objektu:,Property Description,Property Name,Rok rekonstrukce:,Rok výstavby:,Stav objektu:,Telekomunikace:,Topení:,Typ domu:,Typ nemovitosti:,URL,Umístění objektu:,Upozornění:,Užitná plocha:,Vlastnictví:,Voda:,Vybaveno:,Vybavení kanceláří:,Výtah:,Výška stropu:,Zastavěná plocha:,id,listing_hash,Číslo podlaží:,Číslo zakázky:
,21 819 m²,"10 999 000
																		CZK/ za nemovitost",,,,,Pro bydlení,,,,"49°37'12.7""N,18°13'07.2""E",,N/A,Vodovod,,,,,,,,,,,,,,,,"Nabízíme k prodeji atraktivní pozemek o rozloze 21 819 m², nacházející se v části obce Sklenov, v malebné obci Hukvaldy, okres Frýdek-Místek.Tyto pozemky se nachází z části v návrhové zastavitelné ploše SO (smíšené obytné), zčásti v plochách SN (smíšené nezastavěné, vzrostlé zeleně), zčásti MK (místní komunikace) a zbylá část pozemků v plochách Z (zemědělských).Díky platnému územnímu plánu je možné na pozemku vytvořit více stavebních parcel, což umožňuje realizaci výstavby rodinných domů, a tím nabídnout atraktivní možnosti pro budoucí obyvatele.Sjezd na předmětné parcely je dle mapových podkladů částečně vybudovaný.V dosahu se nacházejí sítě, což značně urychlí proces výstavby a sníží náklady na inženýrské sítě.Dále je k dispozici vypracovaný kompletní rozbor pozemku, který zahrnuje všechny důležité parametry a informace potřebné k efektivnímu využití pozemku.Pozemek se nachází v krásném okolí, které je obklopeno přírodou a malebnými místy. V nedaleké oblasti se nachází Hrad Hukvaldy, historická památka, která přitahuje návštěvníky a dodává této lokalitě jedinečný charakter. Je to také rodiště významného skladatele Leoše Janáčka, což přidává na kulturní hodnotě regionu. Navíc v blízkosti se nachází golfové hřiště, které přispívá ke kvalitnímu životnímu stylu a rekreačním aktivitám, a tímto činí tuto lokalitu atraktivní pro investory zaměřené na rezidenční výstavbu.Lokalita se pyšní výbornou dostupností. V okolí se nacházejí školy a školky, což je ideální pro rodiny s dětmi. Tímto způsobem můžete oslovit i široké spektrum potenciálních nájemníků či budoucích majitelů domů, což zajišťuje dlouhodobou návratnost investice.Tato nabízená nemovitost je tedy skvělou příležitostí pro všechny investory, kteří hledají pozemek s vysokým potenciálem a možností zhodnocení svých investic.Srdce obce Hukvaldy, jejíž přírodní krása a historické památky představují lákavou kombinaci pro život i rekreaci, dává této lokalitě jedinečné postavení na trhu.V případě zájmu o prohlídku nás neváhejte kontaktovat.","Prodej pozemku 21819 m², Hukvaldy(ID 133-NP02377)",,,,,,,Pozemky,https://www.remax-czech.cz/reality/detail/409347/prodej-pozemku-21819-m2-hukvaldy,Klidná část obce,Prodávající si vyhrazuje právo vybrat kupujícího na základě jím zvolených kritérií.,,,,,,,,,409347,afe2c20daeb155afeb6bbbb39e0f5925d37c5a38b36338e004eaa2921fdf6d5a,,ID 133-NP02377
,1 472 m²,"990 000
																		CZK/ za nemovitost",,,,,Pro bydlení,,,,"49°05'56.2""N,15°49'18.9""E",,N/A,"Vodovod, Plyn, Elektřina",2. 6. 2025,,,,,,,,,,,,,,,"Nabízíme k prodeji rovinatý pozemek o výměře 1 472 m² v obci Dolní Lažany (okres Třebíč), který je dle územního plánu veden jako BV – plochy pro bydlení v rodinných domech venkovského typu. Pozemek je ideální pro výstavbu jednoho nebo dvou rodinných domů a zároveň představuje zajímavou investiční příležitost.Přístup je z obecní komunikace, inženýrské sítě (voda, elektřina, plyn) se nacházejí cca 20 metrů od hranice pozemku. Kanalizaci je nutné řešit individuálně na pozemku (např. jímkou nebo ČOV).Základní informace:Výměra: 1 472 m²Územní plán: BV – bydlení v rodinných domech venkovského typuTerén: rovinatýInženýrské sítě: voda, plyn, elektřina cca 20 m od hraniceKanalizace: nutno řešit na pozemkuPřístup: z obecní komunikaceMožnosti a výhody:Možnost rozdělení na dva stavební pozemky. Ideální pro výstavbu RD nebo investici.Možnost koupě pouze poloviny pozemku – nebo využít celý a prodejem části vydělat.Občanská vybavenost v Dolních Lažanech:TruhlářstvíFirma zabývající se zemědělskou výrobouVíceúčelové hřiště a dětské hřištěKulturní sál v Obecním doměDopravní dostupnost:Obec Dolní Lažany se nachází přibližně 5 km severně od Moravských Budějovic a je dobře dostupná po silnici III/36068. Obcí projíždí autobusová linka spojující Moravské Budějovice a Čáslavice.Tento pozemek je skvělou volbou jak pro jednotlivce hledající klidné místo pro výstavbu.","Prodej pozemku 1472 m², Dolní Lažany(ID 144-NP02938)",,,,,,,Pozemky,https://www.remax-czech.cz/reality/detail/415719/prodej-pozemku-1472-m2-dolni-lazany,Klidná část obce,Prodávající si vyhrazuje právo vybrat kupujícího na základě jím zvolených kritérií.,,,,,,,,,415719,26ab9bea2e5672c28a02d4866f341b2d662c538946ae94b7fd13e466ace7d0b8,,ID 144-NP02938
,,"4 900 000
																		CZK/ za nemovitost",Obytná,,,Smíšená,,,,G,"49°50'02.8""N,18°11'41.2""E",,N/A,,,,,Kanalizace,,,230 m²,230 m²,Plynovod,,Řadový,,5,,2,"Exkluzivně nabízíme k prodeji prostorný  dům ve vyhledávané lokalitě Ostrava - Třebovice. Dům se skládá ze dvou nadzemních a jednoho podzemního podlaží. Celková zastavěná plocha domu činí 107m², ostatní je plocha pozemku 230m², kterou je možné využít jako zahradu nebo parkovací stání. K zahradě lze dlouhodobě pronajmout i větší část pozemku (záleží na domluvě s majiteli).Pozemek je celooplocený. Poloha domu v centru obce  zaručuje skvělou dostupnost MHD či služeb. Tento objekt je ideální   pro komerční využití - ať už jako kanceláře, obchodní prostory, ordinace nebo služby nebo rodinný dům. Nemovitost je napojena na elektřinu, veřejný vodovod včetně kanalizace a plynu. Dům je zcela vyklizený a připravený k rekonstrukci, což vám umožní přizpůsobit ho přesně podle vašich potřeb.Pro investory je v takto vyhledávané lokalitě ideální příležitost pro své podnikání.Nezmeškejte příležitost stát se majitelem tohoto klenotu v oblíbené lokalitě Ostravy.Více informací rádi poskytneme na vyžádání.Doporučuji Vám prohlídku. Ráda Vám také případně pomohu s nabídkou financování nemovitosti.","Prodej domu 160 m², Ostrava(ID 306-NP83340)",,,Dobrý,,,Patrový,Domy a vily,https://www.remax-czech.cz/reality/detail/415761/prodej-domu-160-m2-ostrava,Centrum obce,Prodávající si vyhrazuje právo vybrat kupujícího na základě jím zvolených kritérií.,160 m²,,Dálkový rozvod,,,,,107 m²,415761,1138351dc1c2e6d3fa68d2703f786c60dfdc9015b54d5c8098a08b0641c75d52,,ID 306-NP83340
,,"7 400 000
																		CZK/ za nemovitost",Obytná,2+1,"Vlak, Dálnice, Silnice, MHD, Autobus",Cihlová,,,230 V,G,"50°02'54.6""N,14°29'16.4""E",,N/A,,,,,Kanalizace,Kabelová televize,,,,Plynovod,55 m²,,Cena je včetně provize realitní kanceláře.,,,7,"Bydlení v jedné z nejklidnějších a zároveň velmi oblíbených částí Prahy? Právě jste ho našli! Nabízíme byt v osobním vlastnictví s užitnou plochou 54,5 m² a balkonem, v oblíbené lokalitě Spořilov. Nachází se na 2. patře (3. podlaží) v cihlovém domě se skeletovou konstrukcí z roku 1965. Dům má výtah, vchody z obou stran a v přízemí k dispozici vytápěnou sušárnu na prádlo s oknem. K bytu patří i praktický sklep.Dispozice je ideální: obývací pokoj s balkonem orientovaný na jih, ložnice a kuchyň na sever s výhledem do zeleně. Byt prošel rekonstrukcí – nové jádro vyzděné z ytongu, nové rozvody vody a odpadů, plastová okna, renovované původní parkety (2024) a zcela nová kuchyňská linka z IKEA se spotřebiči (duben 2025). Koupelna má sprchový kout s vaničkou, termostatickou baterii a přípojku na pračku, přičemž nad ní je prostor i na sušičku. WC je samostatné a disponuje vestavěnou skříňkou. Okénko v koupelně pouští denní světlo z kuchyně.Byt je světlý, útulný a tichý. Díky cihlovým příčkám je možná i změna dispozice. Elektřina je v bytě dimenzovaná (jistič 3×25 A), vaří se na indukci, ale lze znovu zavést i plyn. Internet a kabelová televize dostupné.V ložnici je dostatek prostoru pro velkou postel i skříň, v obývacím pokoji kromě sedačky pohodlně umístíte jídelní stůl i pracovní koutek. Kuchyň nabízí dostatek místa pro snídaňový stolek a samostatně stojící lednici, s možností zvětšení linky. Nad vstupem do kuchyně lze vytvořit úložný prostor.Dům je dobře udržovaný, proběhla rekonstrukce elektroinstalace, stoupaček i plynu. Aktuálně se plánuje rozsáhlá revitalizace obsahující zateplení fasády, rekonstrukci střechy, výměnu výtahu za bezbariérový, rozšíření balkonů, nové vstupy, sklepní dveře a mnoho dalšího – projektová dokumentace je v přípravě, realizace má proběhnout 2026–2027 a je počítáno s cca 40% dotací.Okolí nabízí kompletní občanskou vybavenost. Najdete zde školy, školky, hřiště, nákupní centra, restaurace, poštu, lékárnu, sportoviště (Hamr) a fitnes centra. Výborné spojení do centra – tramvaje č. 11 a 14 (na Václavské náměstí do 25 minut), nebo bus na metro Roztyly. Parkovací zóny zde zatím nejsou.Takový byt v této lokalitě se neobjevuje často. Až se rozšíří balkon a proběhne revitalizace, jeho hodnota dále poroste. Nečekejte, než ho objeví někdo jiný.","Prodej bytu 2+1 v osobním vlastnictví 55 m², Praha 4 - Záběhlice(ID 201-NP03100)",2025,,Po rekonstrukci,Internet,,,Byty,https://www.remax-czech.cz/reality/detail/415759/prodej-bytu-2-1-v-osobnim-vlastnictvi-55-m2-praha-4-zabehlice,Klidná část obce,Prodávající si vyhrazuje právo vybrat kupujícího na základě jím zvolených kritérií.,55 m²,Osobní,Dálkový rozvod,,,Ano,,,415759,7c4e2202671846be709e47a16821f0125090ae6e720915ecf170d5c1f12406fd,3,ID 201-NP03100
,107 m²,"3 300 000
																		CZK/ za nemovitost",Venkovská,,"Dálnice, Silnice, Autobus",Smíšená,,,230 V,G,"49°14'42.4""N,14°48'54.7""E",Ano,N/A,,,,,,,,9 696 m²,9 264 m²,,,Samostatný,,,,1,"Hledáte ke koupi chalupu nacházející se na kraji malebné obce uprostřed krásné přírody? Pak mám přesně pro Vás tuto původní chalupu s uzavřeným dvorem, který zaručí maximální soukromí. Nachází se na opravdu jedinečném místě a je obklopena pozemky o celkové výměře 9.696 m².Dům poskytuje příjemné zákoutí v turisticky vyhledávané lokalitě. Pokud chcete zažít ničím nerušený klid, tohle je to pravé místo pro Vás. Ráj pro houbaře, turisty i cyklisty. Zároveň jej lze při vhodné úpravě využívat jak celoročně, tak k rekreaci.Chalupa se nachází na pozemcích o celkové výměře 9.696 m² (viz foto), a je složena z obytné části (zastavěná plocha cca 176 m²) a původní hospodářské části (ZP cca 100 m²). Výměra obytné plochy činí 107 m². Naproti chalupě se nachází původní stodola (ZP cca 136 m²) a vpravo za vstupními vraty praktická garáž (20 m²).Dům je částečně podsklepený; dispoziční řešení je 2+1 (viz též plánek domu). Do domu se vstupuje přes verandu (13,6 m²), ze které lze vstoupit do chodby (8,9 m²), na kterou navazuje prostorný obývací pokoj (43,9 m²), ze kterého lze dále vstoupit do dalšího pokoje (10,4 m²). Na druhé straně chodby se nachází vstup do kuchyně (15,5 m²), a odsud pomocí další chodby (5,1 m²) do koupelny (2,6 m²), WC (1,4 m²) a komory (5,5 m²). V koupelně se nachází elektrický bojler na ohřev vody.Cca před deseti lety byla nad obytnou částí domu vybudována úplně nová střecha včetně krovů, dále byl vyštukován obývací pokoj, kam byly současně umístěny stylové stropní trámy a nainstalována dvě nová dřevěná okna. V té době byly též postavena krásná kachlová kamna s pecí a pec na chleba, která je přístupná z chodby.Dům je napojen na studnu s pitnou vodou, odpady jsou svedeny do žumpy. Ohřev vody je řešen el. bojlerem. Dům je vytápěn kachlovými kamny v obývacím pokoji, v kuchyni se dále nacházejí kamna Petry. Tyto dva zdroje úspěšně zvládnou vytopit celou obytnou část.Zahrada je velmi rozlehlá, mírně svažitá, v její spodní části se nachází malý rybníček.Třebějice jsou malá, velmi malebná obec, nacházející se cca 12 km od Soběslavi (14 minut jízdy). Tábor je vzdálen 35 km (cca 30 min. jízdy), Jindřichův Hradec 19 km (cca 20 min. jízdy) a Veselí nad Lužnicí 15 km (cca 15 min. jízdy).Zaujala Vás tato nabídka? Vychutnejte si jedinečnou atmosféru osobně.Pro více informací volejte makléřce.Rádi a zdarma Vám pomůžeme vyřídit financování na koupi této nemovitosti.Těším se na Vás na prohlídce!","Prodej chaty / chalupy 107 m², Třebějice(ID 029-NP03150)",,,Dobrý,,,Přízemní,Chaty a rekreační objekty,https://www.remax-czech.cz/reality/detail/415728/prodej-chaty-chalupy-107-m2-trebejice,Klidná část obce,Prodávající si vyhrazuje právo vybrat kupujícího na základě jím zvolených kritérií.,107 m²,,,Ano,,,,276 m²,415728,ce7f2412e756efd7b26339592d149c55a7e331a143d9e317e608b1432e8521f9,,ID 029-NP03150
,,"12 500 000
																		CZK/ za nemovitost",Obchodní a obytná,3+kk,"Silnice, MHD",Cihlová,,,230 V,D,"50°03'53""N,14°26'19""E",,N/A,,,,,Kanalizace,Kabelové rozvody,,,,Plynovod,115 m²,,Včetně právních služeb a provize RK.,,,5,"Hledáte originální prostor, který není jen „další byt“? Tenhle moderní mezonetový byt s dispozicí  3+kk s velikostí 115 m² má všechno, co potřebujete – a ještě něco navíc. Nachází se v oblíbené čtvrti Praha 4 – Nusle, jen pár kroků od tramvaje a doslova pár minut od centra města. Ideální místo, pokud chcete mít vše na dosah.Nabízíme ke koupi stylový mezonetový byt, který se nachází ve 4. nadzemním podlaží udržovaného cihlového domu bez výtahu v ulici Křesomyslova.Byt je rozdělen do dvou podlaží. Ve spodní části se nachází prostorný obývací pokoj s odhaleným trámovím a kuchyňským koutem, ložnice (možno využít jako dětský pokoj či pracovnu), koupelna s vanou, samostatná toaleta, menší chodba a komora.Horní patro nabízí otevřený obytný prostor s výhledem do obývacího pokoje a praktickou šatnu. Obě patra propojuje elegantní točité schodiště.Interiér je vybaven plovoucími podlahami, v koupelně a na toaletě je moderní keramická dlažba. Vytápění a ohřev vody zajišťuje vlastní plynový kotel. Součástí bytu je velký zděný sklep (10 m2).Byt se nachází v atraktivní části města s veškerou infrastrukturou v docházkové vzdálenosti – náměstí Bratří Synků, obchody, restaurace, kavárny, školy i sportoviště.Zaujala vás tato nabídka? Kontaktujte makléře a domluvte si prohlídku.","Prodej bytu 3+kk v osobním vlastnictví 115 m², Praha 4 - Nusle(ID 253-NP02161)",,,Velmi dobrý,,,,Byty,https://www.remax-czech.cz/reality/detail/415737/prodej-bytu-3-kk-v-osobnim-vlastnictvi-115-m2-praha-4-nusle,Centrum obce,Prodávající si vyhrazuje právo vybrat kupujícího na základě jím zvolených kritérií.,115 m²,Osobní,,Ano,,,,,415737,943265605f97e59980d76d803c6e62bca35a0f755788a6e026e75f47b5c8aecd,4,ID 253-NP02161
,,"3 886 000
																		CZK/ za nemovitost",,2+kk,,Cihlová,,,,D,"49°54'46.6""N,15°23'13.4""E",,N/A,,28. 4. 2025,,,,,,,,,58 m²,,,,,3,"V historickém jádru Čáslavi, v lokalitě Koželuhy, vzniká jedinečný rezidenční projekt, který proměňuje bývalou historickou budovu v moderní a zároveň citlivě rekonstruované bydlení s důrazem na původní architekturu.V rámci projektu zbývá celkem deset bytových jednotek s dispozicemi od 1+kk až po prostorné 4+kk, neleznete zde i výjimečný mezonetový byt o výměře téměř 200 m².Každý byt je navržen s ohledem na komfort současného bydlení, nabízí promyšlené dispozice a příjemné standardy provedení.  Součástí projektu jsou také společné klidové zóny, parkovací místa a možnost úpravy vybavení dle individuálních přání klientů. Vybrané jednotky v přízemí jsou řešeny bezbariérově. V ceně bytu je i možnost instalace naší standardizované kuchyně.Projekt v Koželuzích je ideální volbou pro ty, kteří hledají stylové, kvalitní a pohodlné bydlení s duší a s akcentem na komunitní bydlení.Fotky jsou pouze informačního charakteru, byty jsou ve stejných standardech. Prodávaná bytová jednotka je přízemní s klenbou, byt na fotkách je ve stejném projektu, ale o patro výše.V případě zájmu o konkrétní bytovou jednotku nebo pro více informací nás neváhejte kontaktovat.Těšíme se na vás v Koželuzích!!!BYT 77/3","Prodej bytu 2+kk v osobním vlastnictví 58 m², Čáslav(ID 061-NP02918)",,,Velmi dobrý,,,,Byty,https://www.remax-czech.cz/reality/detail/415720/prodej-bytu-2-kk-v-osobnim-vlastnictvi-58-m2-caslav,Okraj obce,Prodávající si vyhrazuje právo vybrat kupujícího na základě jím zvolených kritérií.,58 m²,Osobní,,,,,,58 m²,415720,a6bfd14f113b4c0ffd8dcfde903b5d7643e72ed8d2a45d845c1e8e2d350902fb,1,ID 061-NP02918
,,"7 500 000
																		CZK/ za nemovitost",Obytná,,"Silnice, Autobus",Cihlová,,,,G,"49°52'53""N,14°40'38.1""E",,N/A,,,,,Kanalizace,,,288 m²,,,,Samostatný,včetně provize RK a právního servisu,,,2,"Nabízíme k prodeji útulný rodinný dům s menší zahradou v klidné obci Pyšely u Benešova. V přízemí domu se nachází kuchyně s jídelnou, prostorný pokoj, koupelna a předsíň. V patře je otevřený prostor, který lze snadno přetvořit na další pokoje podle vašich představ. Dům je napojen na obecní vodovod a topení zajišťuje plynový kotel.Na pozemku je také stodola, kterou můžete využít k parkování auta, jako dílnu nebo ji přestavět na další obytný prostor.Skvělá dostupnost do Prahy: Pyšely leží jen 30 minut autem od Prahy, vlakem dojedete z nedalekého Mirošova za cca 40 minut na pražské Hlavní nádraží. Autobusová zastávka je kousek od domu.Občanská vybavenost: V obci najdete mateřskou a základní školu, obchody s potravinami, restaurace a poštu. V okolí je několik dětských hřišť a sportovišť.Volnočasové aktivity pro rodiny: Blízké okolí nabízí spoustu možností pro aktivní odpočinek – přírodní rezervace Voděradské bučiny, zámecký park v Pyšelích, cyklostezky a turistické trasy. Nedaleko je také golfové hřiště Loreta Pyšely, které ocení nejen milovníci golfu.Pokud hledáte dům, který si můžete přizpůsobit svým potřebám, a zároveň bydlení v klidné lokalitě s výbornou dostupností do Prahy, je tato nabídka právě pro vás. Pro více informací mě neváhejte kontaktovat – ráda vám poskytnu podrobnosti a domluvím prohlídku!","Prodej domu 134 m², Pyšely(ID 218-NP06495)",,,Velmi dobrý,,,Patrový,Domy a vily,https://www.remax-czech.cz/reality/detail/415731/prodej-domu-134-m2-pysely,Klidná část obce,Prodávající si vyhrazuje právo vybrat kupujícího na základě jím zvolených kritérií.,134 m²,,Dálkový rozvod,Ano,,,,121 m²,415731,fdc61996596da48c8d521ad22622a568bc764040c0cbf16f148499046e541c75,,ID 218-NP06495
,160 m²,"4 900 000
																		CZK/ za nemovitost",Obytná,,,Smíšená,,Jiné,,G,"49°50'02.8""N,18°11'41.2""E",,N/A,,,,,Kanalizace,,160 m²,,230 m²,Plynovod,,,,5,,2,"Exkluzivně nabízíme k prodeji prostorný  dům ve vyhledávané lokalitě Ostrava - Třebovice. Dům se skládá ze dvou nadzemních a jednoho podzemního podlaží. Celková zastavěná plocha domu činí 107m², ostatní je plocha pozemku 230m², kterou je možné využít jako zahradu nebo až  pro 5 parkovacích stání.Pozemek je celooplocený. Poloha domu v centru obce  zaručuje skvělou dostupnost MHD či služeb. Tento objekt je ideální  pro komerční využití - ať už jako kanceláře, obchodní prostory, ordinace nebo služby. Nemovitost je napojena na elektřinu, veřejný vodovod včetně kanalizace a plynu. Dům je zcela vyklizený a připravený k rekonstrukci, což vám umožní přizpůsobit ho přesně podle vašich potřeb.Pro investory je v takto vyhledávané lokalitě ideální příležitost pro své podnikání.Nezmeškejte příležitost stát se majitelem tohoto klenotu v oblíbené lokalitě Ostravy.Více informací rádi poskytneme na vyžádání.Doporučuji Vám prohlídku. Ráda Vám také případně pomohu s nabídkou financování nemovitosti.","Prodej jiných prostor 160 m², Ostrava(ID 306-NP83339)",,,Dobrý,,,Patrový,Komerční prostory,https://www.remax-czech.cz/reality/detail/415688/prodej-jinych-prostor-160-m2-ostrava,Centrum obce,Prodávající si vyhrazuje právo vybrat kupujícího na základě jím zvolených kritérií.,,,Dálkový rozvod,,,,,107 m²,415688,9ae6db6edfacb5dd997b895827e2493753e06b0df893eb2c6852b8f8ed99510a,,ID 306-NP83339
,900 m²,Cena na vyžádání v kanceláři,Venkovská,,,Smíšená,,Jiné,230 V,G,"49°27'09.2""N,16°36'21.5""E",,N/A,,,,,"Čistička odpadních vod pro celý objekt, Septik",,900 m²,,2 300 m²,,,,"včetně provize, právního servisu a vyřízení hypotéky",2,1,3,"Exkluzivně si Vám dovolujeme nabídnout výjimečnou nemovitost s velkým potenciálem a mnoha možnostmi využití. Nemovitost se skládá z několika staveb o užitné ploše více než 900 m2, které vytváří uzavřený areál, a patří k němu pozemky o celkové rozloze 3.801 m2.Nemovitost se nachází v obci Obora u Boskovic, která je klidnou oázou v srdci Moravského krasu. Tato lokalita je ideální volbou pro všechny, kdo hledají klidné bydlení nebo rekreační zázemí v harmonii s přírodou, a přitom chtějí mít město na dosah ruky, centrum Brna je na dosah za necelých 35 minut.Hlavní budova s výměrou více než 400 m2 je využita jako rodinný dům. Nachází se zde celkem 9 pokojů, 4 koupelny, kuchyň s kachlovými kamny, zimní skleník se vstupem na terasu a také průchod do vedlejší budovy. Zde jsou další 2 místnosti, které byly využívány jako učebny. V přízemí pod touto vedlejší budovou je vjezd na pozemek a dále pak místnost přístupná z venku, která je koncipována jako keramická dílna a je plně vybavena.Další částí nemovitosti je vedlejší stavba, kterou v přízemí tvoří pokoj, dílna a v patře vybudovaný zimní skleník s vlastním přístupem z venku. Poslední částí je rekonstruovaná stodola, kde v přízemí nalezneme kuchyň, jídelnu, vanu s toaletou a další zimní zahradu, kde je umístěna sauna, malý bazének a samostatná toaleta. V patře jsou potom další dva pokoje. V druhé části bývalé stodoly se nachází pokoj s vyvýšeným patrem na spaní nebo pro uskladnění věcí.Ve stodole je vybudován průchod do zastřešeného otevřeného prostoru, kde je technická místnost a dílna a dále pak průchod na rozlehlou zahradu, která má čistou výměru cca 2.300 m2. Zahrada je velmi udržovaná, nachází se v ní několik jezírek a mnoho ovocných stromů, keřů a i vzácných dřevin, stejně tak jako na zbytku pozemku (Araucaria, Ginkgo biloba, Wolemie). Všechny stromy a keře jsou nově vysázení a mají stáří od 3 do 20 let.V uzavřeném dvoře je umístěn krytý bazén, a dále pak pompejská pec a pec pro pečení chleba.  Mnoho míst v celém areálu zdobí mozaiky, které najdeme i v koupelnách, což dodává celému areálu středomořský nádech.Dům je napojen na veřejný vodovod, ale jsou v něm dvě studny, které jsou využívány pro zalévání zahrady. Elektřina, voda i odpady jsou v domě nové, hlavní stavba je napojena na ČOV, ostatní stavby mají septik. Vytápění je řešeno kamny, krby a případně el. přímotopy.Obora je obklopena lesy, loukami a přírodními krásami Moravského krasu, díky čemuž nabízí bohaté možnosti pro turistiku, cyklistiku i houbaření. V těsné blízkosti se nachází známý boskovický zámek a romantické zříceniny hradu Boskovice, které lákají k výletům po celý rok. Lokalita je zároveň mimo hlavní dopravní trasy, což zaručuje ticho a čisté ovzduší.Vzhledem k velké užitné ploše a koncepci má nemovitost obrovský potenciál pro využití, např. jako penzion, školící středisko, komunitní centrum apod.Srdečně Vás zvu na prohlídku, protože tuto nemovitost je potřeba nejen vidět, ale hlavně i zažít!","Prodej jiných prostor 900 m², Obora(ID 023-NP08477)",,,Velmi dobrý,,,Patrový,Komerční prostory,https://www.remax-czech.cz/reality/detail/415709/prodej-jinych-prostor-900-m2-obora,Klidná část obce,Prodávající si vyhrazuje právo vybrat kupujícího na základě jím zvolených kritérií.,,,Zdroj pro celý objekt,Ano,Ano,,,700 m²,415709,13b0592262da8a458b6aa5f34d718cd5e3d019cf499204a1a41e389b6cc24cb0,,ID 023-NP08477
,2 635 m²,"4 700 000
																		CZK/ za nemovitost",,,,,Pro bydlení,,,,"49°19'33.7""N,13°14'52.7""E",,N/A,"Vodovod, Kanalizace, Elektřina",,,,Kanalizace,,,,,,,,K jednání,,,,"Exkluzivně nabízíme k prodeji stavební pozemek o výměře 2 635 m² v obci Javor. Pozemek má široké čelní napojení na obecní komunikaci, což umožňuje pohodlný přístup a dává prostor pro výstavbu až dvou rodinných domů.Hlavní přednosti:•	Územní plán umožňuje výstavbu RD•	Forma pozemku ideální pro rozdělení nebo dvojdům•	Rovinatý terén, snadno využitelný•	Přístup z obecní komunikace•	Klidné a čisté venkovské prostředí•	Obec má vybudovaný veřejný vodovod. Zásobování vodou je zajištěno z vodojemu, který je napojen na prameniště.•	Obec má vybudovanou jednotnou kanalizaci. Dešťové vody jsou odváděny z celé obce.Lokalita:Obec Javor se nachází cca 10 minut od Klatov, s výbornou dostupností do města a přitom v krásné a tiché přírodě. V okolí se nachází rodinné domy, zeleň, pole, lesy i základní občanská vybavenost.Cena k jednání.","Prodej pozemku 2635 m², Javor(ID 218-NP06494)",,,,,,,Pozemky,https://www.remax-czech.cz/reality/detail/415695/prodej-pozemku-2635-m2-javor,Klidná část obce,Prodávající si vyhrazuje právo vybrat kupujícího na základě jím zvolených kritérií.,,,,,,,,,415695,eac11134e343ace5b341a97db53f2063dc1f0727e4b8b1c58c67eab9bd462766,,ID 218-NP06494
,,"1 490 000
																		CZK/ za nemovitost",,,,Cihlová,,,,G,"50°39'44.4""N,14°43'27.8""E",,N/A,,2. 6. 2025,,,,,,208 m²,,,,Řadový,,,,2,"V zastoupení majitelů nabízím k prodeji rodinný dům s podkrovím v původním stavu, nacházející se na adrese Pertoltická 124, Mimoň.Celková užitná plocha domu činí cca 110 m², členěná do tří podlaží s praktickým dispozičním řešením.Dispozice:•	1. NP – cca 34,4 m²: dvě místnosti, vstupní chodba•	2. NP – cca 44,2 m²: dvě místnosti a schodišťový prostor•	Podkroví – cca 38,6 m²: prostor vhodný k vestavbě další obytné částiDům je určen k celkové rekonstrukci, což nabízí ideální příležitost pro realizaci vlastního bydlení nebo investičního záměru (např. pronájem bytových jednotek, ateliér či kombinace bydlení a podnikání).Stav a technické informace:•	Dům je v původním stavu, určen ke kompletní rekonstrukci•	Napojen vodovod a kanalizaci•	Vytápění a další technické rozvody nejsou funkční – nutná modernizaceMožnosti využití pro rodinné bydleníDíky své velikosti a třípodlažnímu uspořádání je dům ideální také pro rodinné bydlení, a to jak pro jednu větší rodinu, tak i pro vícegenerační soužití.Každé patro může fungovat částečně samostatně, což umožňuje vytvořit komfortní bydlení pro rodiče s dětmi.Dům nabízí možnost kompletní modernizace dle vlastních představ, které si nový majitel přizpůsobí potřebám své rodiny. Menší pozemek u domu poskytuje prostor pro odpočinek, posezení nebo drobnou zahrádku.Mimoň je město v okrese Česká Lípa, zasazené v malebné krajině Ralské pahorkatiny, nedaleko chráněné krajinné oblasti Kokořínsko – Máchův kraj.Město disponuje kompletní občanskou vybaveností – školky, školy, zdravotní středisko, pošta, obchody, restaurace a sportoviště.Výhodou je dobrá dopravní dostupnost – vlakové i autobusové spojení do České Lípy nebo Liberce.V blízkosti se nachází oblíbené rekreační oblasti, jako je Máchovo jezero, Průrva Ploučnice, zámek Vartenberk, hrad Bezděz či vrch Ralsko, což činí z lokality atraktivní místo pro klidné bydlení i rekreaci.Město Mimoň se v posledních letech rozvíjí nejen jako místo pro klidné bydlení, ale také jako zajímavá příležitost pro podnikání a investice.Možnosti využití pro podnikáníDům díky své dispozici nabízí široké možnosti využití nejen pro bydlení, ale také pro podnikatelské účely.Každé patro může fungovat nezávisle, což umožňuje snadné oddělení provozní a obytné části.Využití může zahrnovat například:•	Kanceláře nebo zázemí pro malou firmu•	Sídlo společnosti s možností bydlení v horním patře•	Salon, ateliér nebo poradenské služby•	Kamennou prodejnu či e-shop s výdejním místem•	Malé ubytovací zařízení•	Nájemní bydlení pro zaměstnance firem v okolíObjekt lze navíc postupně upravovat dle vlastních potřeb, a díky tomu, že technický stav vyžaduje kompletní rekonstrukci, je ideální pro přizpůsobení konkrétnímu podnikatelskému záměru.Pro více informací nebo domluvení prohlídky mě neváhejte kontaktovat.Rád vám nemovitost osobně představím a zodpovím veškeré dotazy.","Prodej domu 110 m², Mimoň(ID 273-NP03975)",,,Před rekonstrukcí,,,Patrový,Domy a vily,https://www.remax-czech.cz/reality/detail/415689/prodej-domu-110-m2-mimon,Rušná část obce,Prodávající si vyhrazuje právo vybrat kupujícího na základě jím zvolených kritérií.,110 m²,,,,,,,60 m²,415689,d8e0e7ce89a712186f79367553fb84d44c078dd0da4b177e10bae60d248e38ab,,ID 273-NP03975
,480 m²,"20 500 000
																		CZK/ za nemovitost",,,,Skeletová,,Skladovací,230 V,G,"50°13'03.4""N,14°32'42.8""E",,N/A,,16. 6. 2025,,,,,480 m²,,,,,,,6,,,"Nabízíme k prodeji zcela novou skladovou halu situovanou v okrajové části obce Nová Ves, vzdálené pouze 5 kilometrů od severní hranice Prahy. Hala o půdorysu 11,6x40m a výškou 4,5m je z ocelové konstrukce a opláštěna sendvičovými panely tl. 10cm. Pozemek o celkové výměře 1.533m2 disponuje dostatečně velkou parkovací plochou pro několik automobilů. Nemovitost se nachází v zadní části menšího skladového areálu, je tedy možné ji využít i např. na nějakou výrobní činnost.Výhodná poloha v bezprostřední blízkosti hlavních silničních tahů zaručuje výbornou dopravní dostupnost a snadné spojení s okolními městy. Tato lokalita je ideální pro investice do skladových a komerčních prostor s možností pronájmu, což zvyšuje atraktivitu nemovitosti i jako investice.Hala je připojena  na vodovod a elektřinu, odpad je řešen pomocí jímky.V případě zájmu o další informace či sjednání prohlídky na místě mě neváhejte kontaktovat.","Prodej skladovacích prostor 480 m², Nová Ves(ID 279-NP00735)",,,Novostavba,,,Přízemní,Komerční prostory,https://www.remax-czech.cz/reality/detail/415692/prodej-skladovacich-prostor-480-m2-nova-ves,Okraj obce,Prodávající si vyhrazuje právo vybrat kupujícího na základě jím zvolených kritérií.,,,Dálkový rozvod,,,,,,415692,5f6143bd9fe5396f0f61628a3fe272e2e9189814a01dc728c3aaa767f4fb207d,,ID 279-NP00735
,,"2 950 000
																		CZK/ za nemovitost",Obytná,,,Cihlová,,,230 V,G,"50°28'50.3""N,13°49'05.7""E",,N/A,,,,,Kanalizace,,,289 m²,236 m²,,,Samostatný,Včetně právního a realitního servisu,,,1,"Nabízíme k prodeji rodinný dům v obci Měrunice, Č. p. 88, nacházející se v okrese Teplice. Tento cihlový objekt je samostatně stojící a poskytuje příležitost k realizaci vlastních představ o bydlení. Dům je přízemní s jedním podlažím a jeho celková zastavěná plocha činí 282 m², zatímco užitná plocha dosahuje 94 m². Celková plocha parcely je 289 m², což nabízí dostatek prostoru pro různá využití.Nemovitost se nachází v aktuálně potřebném stavu před rekonstrukcí, což je ideální příležitost pro ty, kteří chtějí přetvořit dům dle svých představ a vkusu. Dům disponuje třemi pokoji, které lze snadno upravit podle potřeb budoucích vlastníků.V oblasti je zajištěn přívod vody z vodovodu a odpad je připojen na kanalizaci. Dům je vybaven elektrickou přípojkou s napětím 230 V, což poskytuje základní pohodlí pro bydlení. Co se týče plynu, aktuálně není k dispozici. Příjezdová cesta k objektu je asfaltová, což zaručuje snadný přístup po celý rok.Díky svojí poloze v klidné obci Měrunice je tento dům ideálním místem pro rodinné bydlení v příjemném prostředí. Poblíž se nachází veškerá občanská vybavenost, která usnadňuje každodenní život.V případě zájmu o prohlídku nás neváhejte kontaktovat.","Prodej domu 94 m², Měrunice(ID 094-NP06103)",,,Před rekonstrukcí,,,Přízemní,Domy a vily,https://www.remax-czech.cz/reality/detail/415712/prodej-domu-94-m2-merunice,Centrum obce,Prodávající si vyhrazuje právo vybrat kupujícího na základě jím zvolených kritérií.,94 m²,,Dálkový rozvod,,,,,282 m²,415712,edb0ddf12eabb1dabf4fae768cb167a741c9f768577981a413d3054b8693bd42,,ID 094-NP06103
,,"4 150 000
																		CZK/ za nemovitost",Obytná,2+1,"Vlak, Silnice, MHD, Autobus",Cihlová,,,230 V,G,,,N/A,,,,"Škola, Školka, Zdravotnická zařízení, Pošta, Supermarket, Kompletní síť obchodů a služeb",Kanalizace,,,,,Plynovod,72 m²,,,,2,5,"Nabízíme vám ke koupi světlý, slunný a velice prostorný byt 2+1 v osobním vlastnictví, s okny orientovanými na jih, umístěný ve čtvrtém NP v jednom z nejzajímavějších domů v centru Jablonce.  Ačkoli se dům nachází na hlavní ulici, byt je, i díky kvalitním oknům, tichý. Uvádím, že byt má dispozici 2+1, ale ve skutečnosti se za kuchyní nachází ještě jedna malá, atypická místnost, která může být jak pracovnou, tak třeba i malou ložnicí pro jednu osobu, tedy můžeme mluvit i o dispozici 3+1. Ze vstupní chodby se vstupuje do kuchyně, obývacího pokoje s balkonem, na toaletu a do prostorné koupelny. Z obývacího pokoje potom do ložnice. Rozvody elektřiny, plynu, vody, kanalizace i sociální zařízení jsou po nedávné rekonstrukci. Ve všech místnostech jsou kvalitní povrchy podlah - zrenovované parkety anebo vinylové. Vytápění a ohřev teplé vody je zajištěno vlastním kombinovaným plynovým kotlem. K bytu rovněž náleží i v podkroví umístěná kóje. O patro výš je k dispozici společná zatravněná terasa k posezení nebo grilování s otevřeným výhledem na Jablonec. Druhá, rovněž společná střešní terasa je vydlážděná. Byt je v současné době pronajat smlouvou na dobu určitou spolehlivému nájemníkovi. Pokud hledáte světlý, prostorný byt v centru města, doporučuji prohlídku.","Prodej bytu 2+1 v osobním vlastnictví 72 m², Jablonec nad Nisou(ID 265-NP00662)",,1 932,Velmi dobrý,"Telefon, Internet",,,Byty,https://www.remax-czech.cz/reality/detail/415718/prodej-bytu-2-1-v-osobnim-vlastnictvi-72-m2-jablonec-nad-nisou,Centrum obce,Prodávající si vyhrazuje právo vybrat kupujícího na základě jím zvolených kritérií.,72 m²,Osobní,Dálkový rozvod,,,,3,,415718,87cefccf1eaa256c5dee3a58f557eab0e8f8ef1db08a717b7b8dbae81ef3fabd,4,ID 265-NP00662
,,"2 990 000
																		CZK/ za nemovitost",,,"Silnice, MHD, Autobus",Cihlová,,,"230 V, 400 V",G,"49°13'52.8""N,15°49'04.6""E",,N/A,,1. 6. 2025,,,,,,2 507 m²,,,,Samostatný,,,,1,"Hledáte místo, které vás pohltí svou atmosférou hned při první návštěvě? Jen 5 minut od centra Třebíče, v malebné části Sokolí, nabízíme k prodeji samostatně stojící rodinný dům o dispozici 3+1 s garáží a krásným pozemkem o celkové výměře 2 507 m².Dům je veden jako rodinný, má číslo popisné a nabízí užitnou plochu 114 m² (zastavěná plocha domu 130 m²). Leží v naprosto klidné lokalitě – v bezprostřední blízkosti přírody, u zpevněné cesty, obklopen zelení a s potůčkem, který protéká kolem domu a vlévá se do nedaleké řeky Jihlavy (cca 90 m). To vše tvoří unikátní a harmonické prostředí.Základní informace:Dispozice: 3+1Užitná plocha: 114 m²Zastavěná plocha: 130 m²Celkový pozemek: 2 507 m²Dle územního plánu cca 1 500 m² určeno pro bydlení ve venkovském typu zástavbyInženýrské sítě: elektřina, studna (darling), jímkaPříjezd po asfaltové silnici + cca 150 m po zpevněné komunikaciOploceno, součástí je garážProč právě tento dům?Výjimečné a klidné místo s přírodou doslova za oknyMožnost trvalého bydlení i luxusní rekreaceVelký pozemek s potenciálemKousek od Třebíče (jen 4,5 km) – kombinace venkova a dostupnosti městaŽádný hluk, žádný spěch – jen vy a šumění vodyTato nemovitost je ideální pro každého, kdo hledá klid, prostor a místo, které má duši. Ať už plánujete bydlet, odpočívat nebo tvořit – tady můžete začít hned.","Prodej domu 114 m², Třebíč(ID 144-NP02935)",,,Dobrý,,,Přízemní,Domy a vily,https://www.remax-czech.cz/reality/detail/415713/prodej-domu-114-m2-trebic,,Prodávající si vyhrazuje právo vybrat kupujícího na základě jím zvolených kritérií.,114 m²,,,,,,,130 m²,415713,13e301984c16902d6b97f5c1c61cd8f526f5a047af005db1c72b7f0b5622ad42,,ID 144-NP02935
,,"16 750 000
																		CZK/ za nemovitost",,3+kk,"Silnice, MHD, Autobus",Cihlová,,,230 V,C,"50°06'08.8""N,14°31'48.5""E",Ano,N/A,,,,,Kanalizace,,,,174 m²,,71 m²,,,,,5,"Ve výhradním zastoupení nabízíme byt 3kk 71 m2 s prostornou vzrostlou předzahrádkou 174 m2 do písmene L podél všech pokojů. Navíc je v bytě komora s úklidem, pračkou i sušičkou a pod bytem garážové stání 16m2.Tato nemovitost se nachází v soukromém střeženém areálu, který je výsledkem unikátního projektu rekonstrukce Kejřova mlýnu s dostavbou 4 nízkých bytových budov, zasazených do přírody lesoparku podél Rokytky. Areál vznikl přestavbou bývalého mlýna ze 16. století, což mu dodává jedinečný charakter, jsou zde v oploceném areálu ke starším budovám vkusně připojeny menší obytné budovy s předzahrádkami a garážemi.Kejřův mlýn jako nová rezidence z roku 2008 tvoří ideální bydlení pro rodiny, které hledají domov blízko centra Prahy, ale zároveň preferují přísné soukromí a zeleň. U prodávaného bytu zahrada není vidět z žádného veřejného prostoru, má velmi atraktivní pozici i v rámci soukromého areálu, ráda pošlu bližší plánek. Kromě vzrostlého živého plotu a zelené plochy tento byt je lemován vlastní terasou plus 4 podloubí, v jednom z nich je malý venkovní bar a posezení, další podloubí je s grilem a slunným prostorem, další strana je s vířivkou a posezením. Každá část má stín a slunce v jinou denní dobu. Dětský pokoj nemá z bezpečnostních důvodů dveře na terasu, pouze okna, ostatní pokoje mají vstupy na zahradu.Byt je ve velmi dobrém novém stavu, při realizaci byly použity nadstandartní materiály, podlahy jsou z pravého dřeva. Zůstávají zde vestavné skříně v pokojích i v předsíni, kuchyňská linka se spotřebiči a některé větší kusy vybavení v bytě či na zahradě (na přání nového majitele lze vyklidit).Lokalita lesoparku a areálu Kejřova mlýna je doslova skryta zelení uprostřed Prahy 9, přitom velmi blízko se nachází školy, školky, MHD na hlavní ulici Poděbradská, dvě obchodní centra, zdravotní péče a veškerá občanská vybavenost.Kupující získá u této nemovitosti celkem 261 m2 do osobního vlastnictví, cena je stanovena na 16.750.000 Kč. Máte-li zájem o další fotografie a informace, napište mi prosím email s dotazy a ráda odpovím, případně zajistím prohlídku nemovitosti.","Prodej bytu 3+kk v osobním vlastnictví 71 m², Praha 9 - Hloubětín(ID 218-NP06493)",,,Velmi dobrý,,,,Byty,https://www.remax-czech.cz/reality/detail/415685/prodej-bytu-3-kk-v-osobnim-vlastnictvi-71-m2-praha-9-hloubetin,Klidná část obce,Prodávající si vyhrazuje právo vybrat kupujícího na základě jím zvolených kritérií.,71 m²,Osobní,Dálkový rozvod,Ano,,Ano,,,415685,65c2f2ae39540ace1d98524712880478308271069ce53aef0e560b6ed5dc1fd9,1,ID 218-NP06493
,,"6 300 000
																		CZK/ za nemovitost",,,"Silnice, Autobus",Cihlová,,,"230 V, 400 V",,"49°22'02.8""N,17°30'05.2""E",Ano,N/A,,9. 5. 2025,,,"Kanalizace, Septik","Kabelová televize, Kabelové rozvody",,1 493 m²,836 m²,Plynovod,,Řadový,,2,,2,"Nabízíme k prodeji dvougenerační dům nacházející se v malé obci Němčice u Holešova, okres Kroměříž. Cihlový dům je situovaný v řadové zástavbě. Je ideální volbou pro rodiny s dětmi, které ocení bezpečnost a přívětivé rodinné prostředí.Součástí prodeje je dům s přilehlou dílnou a stodola. Na dům navazuje uzavřené nádvoří s travnatou plochou a okrasnou vegetací. To je ideální na rodinné grilování, dětské hry a trávení volného času. Stav objektu je velmi dobrý - můžete ihned začít užívat jeho potenciál bez nutnosti dalších větších investic. Předmětem prodeje je i udržovaná zahrada s ovocnými stromy situovaná před domem o celkové rozloze 836m2. Je možnost ji využít i jako stavební pozemek.Jednou z předností této nemovitosti je její přízemní dispozice, která zaručuje komfort a snadný přístup pro děti i starší členy rodiny. K dispozici je dostatečný počet pokojů, a to jak v 1. NP tak ve 2. NP. Každé podlaží je vybaveno vlastními elektrickými a plynovými hodinami.Dům je vybaven praktickými prvky, jako je kryté stání pro dvě vozidla a parkovací místa pro další dva automobily. Přímo na nádvoří je dílna či úschovna veškerého venkovního vybavení. Všechny přípojky jsou zajištěny, včetně odpadní kanalizace, přívodu vody z vodovodu, vlastní studny a elektrické energie o napětí 230 V a 380 V. Obec svojí polohou má dobrou dostupnost do okolních větších měst, jak vlastním automobilem, tak autobusovou dopravou. V obci se nachází MŠ. Základní školu najdeme cca 1,5 km daleko ve vedlejší obci.Celkově je tento dvougenerační dům skvělou příležitostí pro rodiny hledající klidné a bezpečné místo pro život. Nabízí nejen velmi dobrý stav a příjemné prostředí, ale i možnosti pro aktivní rodinný život.V případě zájmu o prohlídku nás neváhejte kontaktovat.","Prodej domu 600 m², Němčice(ID 223-NP02824)",,,Velmi dobrý,Internet,,Patrový,Domy a vily,https://www.remax-czech.cz/reality/detail/415705/prodej-domu-600-m2-nemcice,Rušná část obce,Prodávající si vyhrazuje právo vybrat kupujícího na základě jím zvolených kritérií.,600 m²,,"Zdroj pro celý objekt, Dálkový rozvod",Ano,,,,629 m²,415705,111d5629831c64e325144ca0a3e1e31fe78f8fdc81c5d30846d7a28c633723de,,ID 223-NP02824
,1 080 m²,"3 300
																		CZK/ za m2",,,"Silnice, MHD, Autobus",,Pro bydlení,,"230 V, 400 V",,"49°13'37.2""N,15°50'00.3""E",,N/A,"Vodovod, Elektřina",1. 6. 2025,,,,,,,,,,,,,,,"Na výjimečně klidném místě s krásnými výhledy, v části Třebíče – Sokolí, nabízíme 2 stavební pozemky určené k výstavbě rodinných domů.Místo má jedinečnou atmosféru – v sousedství dětské a sportovní hřiště, blízká řeka Jihlava a přitom jen 5 minut od centra Třebíče.Třetí pozemek ze souboru byl rezervován ještě před zveřejněním nabídky – místo si své zájemce nachází samo.Základní informace:Lokalita: Třebíč – Sokolí (k.ú. Sokolí)Počet nabízených pozemků: 2 (třetí již rezervován)Pozemek 1: 1 076 m² (šířka cca 30,7 m, délka cca 36 m)Pozemek 2: 1 080 m² (šířka cca 30,6 m, délka cca 37,6 m)Výstavba možná dle územního plánu: SV – plochy smíšené obytné venkovskéKoeficient zastavění pro samostatné domy: max. 30 %Předpoklad výstavby samostatně stojících domůK pozemkům bude přivedena přípojka elektřiny a vodyKanalizace plánovaná v horizontu 2 letOprava příjezdové komunikace plánována do konce roku 2025Uliční čára je určena – více viz situační fotoBez časového omezení výstavby – žádný tlak na termín kolaudaceVýhody lokality:Výjimečný klid, přírodní scenérie, potoky a zeleň všude kolemJen 4,5 km od centra Třebíče – ideální kombinace dostupnosti a soukromíMístní občanská vybavenost: hřiště, hospůdka, MHDBlízkost řeky Jihlavy – ideální pro volnočasové aktivitySkvělé sousedství, minimum stavebního ruchu, krásné výhledyToto místo není jen o výstavbě, ale o způsobu života. Ať už hledáte místo pro rodinu, nebo investici do budoucna, právě tady vzniká něco, co má hodnotu nejen na papíře.","Prodej pozemku 1080 m², Třebíč(ID 144-NP02936)",,,,,,,Pozemky,https://www.remax-czech.cz/reality/detail/415716/prodej-pozemku-1080-m2-trebic,,Prodávající si vyhrazuje právo vybrat kupujícího na základě jím zvolených kritérií.,,,,,,,,,415716,d3bc2da258d9321f190fc7446703941a3691ce87589824ca12a5c1edbc02e73c,,ID 144-NP02936
,,"4 250 000
																		CZK/ za nemovitost",Obytná,,"Vlak, Silnice, Autobus",Cihlová,,,"230 V, 400 V",G,"49°04'28.4""N,15°26'26.9""E",Ano,N/A,,2. 6. 2025,,,Kanalizace,,,591 m²,,Plynovod,,V bloku,,1,,3,"Hledáte pohodlné bydlení v domě, který nabízí dostatek prostoru, flexibilitu a zároveň klidné prostředí s výhodami města? V Dačicích vám exkluzivně nabízíme rodinný dům o dispozici 6+1 (s pracovnou a šatnou), který lze snadno rozdělit na dvě samostatné bytové jednotky – například 3+1 a 2+1. Ideální jak pro početnou rodinu, tak i pro dvě generace nebo k investici (pronájem).Dům se nachází ve vyhledávané, klidné části města, v zástavbě rodinných domů, s veškerou občanskou vybaveností v dosahu. Dačice navíc nabízí příjemné životní tempo středně velkého města s dostatkem pracovních příležitostí, služeb i škol.Základní informace:Lokalita: Dačice – klidná část městaUžitná plocha: 240 m²Zastavěná plocha: 116 m²Celková výměra pozemku: 591 m²Dispozice: aktuálně 6+1, dále pracovna, šatna2 obytná podlaží + celopodsklepený (sklepy, technická místnost)Garáž v doměPřipojeno na: elektřinu, plyn, kanalizaci, městský vodovodNový plynový kotel a nové rozvody vodyMožnosti využití:Jedna prostorná rodinná jednotkaDvougenerační důmDva samostatné byty (např. 3+1 a 2+1) – ideální i jako investiceMožnost okamžitého užívání bez zásadních stavebních úpravCena celkem: 4.250.000 KčPři rozdělení na dvě bytové jednotky vychází 1 byt jen na 2.125.000 Kč – což je cena srovnatelná s menším bytem, ale s vlastním pozemkem a naprostým soukromím.Tento dům je skvělou příležitostí pro ty, kteří hledají prostor, klid a všestrannost – ať už plánujete bydlet, investovat nebo spojit obojí.","Prodej domu 240 m², Dačice(ID 144-NP02937)",,,Dobrý,,,Patrový,Domy a vily,https://www.remax-czech.cz/reality/detail/415717/prodej-domu-240-m2-dacice,Klidná část obce,Prodávající si vyhrazuje právo vybrat kupujícího na základě jím zvolených kritérií.,240 m²,,Dálkový rozvod,,,,,116 m²,415717,2cc8ab39e79f8f2c46cd96c6f9bb26f231e7300b3c9f6e144abf16ea6430b2f4,,ID 144-NP02937
,,"3 500 000
																		CZK/ za nemovitost",Obytná,,"Vlak, Silnice, Autobus",Cihlová,,,400 V,G,"50°23'50.1""N,14°00'40.6""E",,N/A,,1. 6. 2025,,,Septik,,,707 m²,390 m²,Plynovod,,Řadový,"V ceně je zahrnuta provize RK, služby advokátní kanceláře, advokátní úschovu peněz a poplatek 2 000,- Kč za návrh na vklad na KÚ.",,,2,"Dobrý den,nabízíme vám k prodeji rodinný dům v obci Dubany, která se nachází jen několik minut od Libochovic. Dům má užitnou plochu 147 m² a je celý podsklepený, což zajišťuje dostatek úložného i technického prostoru.V přízemí domu se nachází prostorný obývací pokoj a velká vstupní místnost, ze které se vchází do centrální chodby. Odtud je zajištěn přístup do všech obytných částí domu i ke schodišti vedoucímu do sklepa. V patře jsou k dispozici tři samostatné pokoje a prostorná půda, která nabízí další možnosti využití dle potřeb nového majitele.Dům je zateplený, vybaven plastovými okny. Vytápění je možné plynem, kotlem na uhlí nebo dřevo a je tím pádem možnost výběru vytápění podle preferencí nového majitele. Dům je napojen na obecní vodovod, odpad je sveden do jímky.Přístup k domu je možný ze dvou stran – z hlavní ulice i zadní části pozemku, což zvyšuje komfort každodenního užívání i případnou obslužnost nemovitosti.Na pozemku o celkové výměře 707 m² se nacházejí dvě vedlejší stavby. První je využitelná jako dílna, pracovna nebo sklad, druhá dříve sloužila jako menší obytný dům a v současnosti je ve zhoršeném technickém stavu. I tato budova však může po rekonstrukci nabídnout zajímavé využití.Velkou předností této nemovitosti je poloha – dům se nachází přibližně 150 metrů od řeky Ohře, ale mimo zónu záplavového rizika. Díky tomu si můžete užívat blízkost přírody, a přitom mít klid ohledně bezpečnosti a pojištění.Dubany jsou klidnou obcí v malebné krajině Dolního Poohří. V bezprostředním okolí se nachází cyklostezky, přírodní zákoutí podél řeky a řada možností pro volnočasové aktivity. Milovníci historie a výhledů jistě ocení blízkou zříceninu hradu Hazmburk, která je dominantou krajiny a oblíbeným výletním cílem.Do Libochovic, kde najdete veškerou občanskou vybavenost včetně škol, lékařů a obchodů, je to jen pár minut autem nebo autobusem. Obec je dobře dostupná i směrem na Lovosice, Litoměřice a Louny. Díky vlakové i autobusové dopravě je spojení do okolních měst pohodlné i bez automobilu.Možné financování hypotékou, se kterou Vám rádi pomůžeme.Zavolejte mi a domluvíme se na prohlídce.","Prodej domu 147 m², Libochovice(ID 281-NP00234)",,,Dobrý,,,Přízemní,Domy a vily,https://www.remax-czech.cz/reality/detail/415687/prodej-domu-147-m2-libochovice,Klidná část obce,Prodávající si vyhrazuje právo vybrat kupujícího na základě jím zvolených kritérií.,147 m²,,Dálkový rozvod,,,,,66 m²,415687,56f934bfb73247324079bc02e61412a59d15153faebe0987cb77698048bf05da,,ID 281-NP00234
,,Cena na vyžádání v kanceláři,Venkovská,,,Smíšená,,,230 V,G,"49°27'09.2""N,16°36'21.5""E",,N/A,,,,,"Čistička odpadních vod pro celý objekt, Septik",,,3 801 m²,2 300 m²,,,Řadový,"včetně provize, právního servisu a vyřízení hypotéky",2,1,3,"Exkluzivně si Vám dovolujeme nabídnout výjimečnou nemovitost s velkým potenciálem a mnoha možnostmi využití. Nemovitost se skládá z několika staveb o užitné ploše více než 900 m2, které vytváří uzavřený areál, a patří k němu pozemky o celkové rozloze 3.801 m2.Nemovitost se nachází v obci Obora u Boskovic, která je klidnou oázou v srdci Moravského krasu. Tato lokalita je ideální volbou pro všechny, kdo hledají klidné bydlení nebo rekreační zázemí v harmonii s přírodou, a přitom chtějí mít město na dosah ruky, centrum Brna je na dosah za necelých 35 minut.Hlavní budova s výměrou více než 400 m2 je využita jako rodinný dům. Nachází se zde celkem 9 pokojů, 4 koupelny, kuchyň s kachlovými kamny, zimní skleník se vstupem na terasu a také průchod do vedlejší budovy. Zde jsou další 2 místnosti, které byly využívány jako učebny. V přízemí pod touto vedlejší budovou je vjezd na pozemek a dále pak místnost přístupná z venku, která je koncipována jako keramická dílna a je plně vybavena.Další částí nemovitosti je vedlejší stavba, kterou v přízemí tvoří pokoj, dílna a v patře vybudovaný zimní skleník s vlastním přístupem z venku. Poslední částí je rekonstruovaná stodola, kde v přízemí nalezneme kuchyň, jídelnu, vanu s toaletou a další zimní zahradu, kde je umístěna sauna, malý bazének a samostatná toaleta. V patře jsou potom další dva pokoje. V druhé části bývalé stodoly se nachází pokoj s vyvýšeným patrem na spaní nebo pro uskladnění věcí.Ve stodole je vybudován průchod do zastřešeného otevřeného prostoru, kde je technická místnost a dílna a dále pak průchod na rozlehlou zahradu, která má čistou výměru cca 2.300 m2. Zahrada je velmi udržovaná, nachází se v ní několik jezírek a mnoho ovocných stromů, keřů a i vzácných dřevin, stejně tak jako na zbytku pozemku (Araucaria, Ginkgo biloba, Wolemie). Všechny stromy a keře jsou nově vysázení a mají stáří od 3 do 20 let.V uzavřeném dvoře je umístěn krytý bazén, a dále pak pompejská pec a pec pro pečení chleba.  Mnoho míst v celém areálu zdobí mozaiky, které najdeme i v koupelnách, což dodává celému areálu středomořský nádech.Dům je napojen na veřejný vodovod, ale jsou v něm dvě studny, které jsou využívány pro zalévání zahrady. Elektřina, voda i odpady jsou v domě nové, hlavní stavba je napojena na ČOV, ostatní stavby mají septik. Vytápění je řešeno kamny, krby a případně el. přímotopy.Obora je obklopena lesy, loukami a přírodními krásami Moravského krasu, díky čemuž nabízí bohaté možnosti pro turistiku, cyklistiku i houbaření. V těsné blízkosti se nachází známý boskovický zámek a romantické zříceniny hradu Boskovice, které lákají k výletům po celý rok. Lokalita je zároveň mimo hlavní dopravní trasy, což zaručuje ticho a čisté ovzduší.Vzhledem k velké užitné ploše a koncepci má nemovitost obrovský potenciál pro využití, např. jako penzion, školící středisko, komunitní centrum apod.Srdečně Vás zvu na prohlídku, protože tuto nemovitost je potřeba nejen vidět, ale hlavně i zažít!","Prodej domu 900 m², Obora(ID 023-NP08478)",,,Velmi dobrý,,,Patrový,Domy a vily,https://www.remax-czech.cz/reality/detail/415710/prodej-domu-900-m2-obora,Klidná část obce,Prodávající si vyhrazuje právo vybrat kupujícího na základě jím zvolených kritérií.,900 m²,,Zdroj pro celý objekt,Ano,,,,700 m²,415710,e5842198650a9adeb1d12592c2a1a691b0308e81776fe19a2b2ec8e03227dc59,,ID 023-NP08478
,750 m²,"25 900 000
																		CZK/ za nemovitost",,,Autobus,Smíšená,,,"230 V, 400 V",,"50°29'40""N,14°23'42.3""E",Ano,N/A,,,,,Čistička odpadních vod pro celý objekt,,,7 871 m²,,,,,včetně provize a právních služeb,6,1,2,"Prodej výjimečného areálu v obci Křešov – ideální pro podnikání i rekreaci.Ke koupi nabízíme jedinečný soubor nemovitostí v malebné obci Křešov, který zaujme nejen svou rozlohou (7 871 m²), ale především svým potenciálem. Areál tvoří několik staveb uspořádaných do tvaru písmene „U“, obklopující útulné nádvoří s posezením a grilem. Celý objekt je jako stvořený pro podnikatelský záměr v oblasti ubytování a gastronomie nebo jako rekreační rodinné sídlo.Součástí areálu jsou:•	Rodinný dům (cca 140 m²) – určený k celkové rekonstrukci. Prostor pro nové nápady a vlastní realizaci.•	Rekreační objekt – chalupa (cca 242 m²) – udržovaná, ihned obyvatelná stavba s možností další modernizace a rozšíření.•	Pension (cca 367 m²) s vnitřním bazénem – dokončený objekt před kolaudací. Nabízí široké možnosti využití – ubytování, wellness, svatby, firemní akce.•	Stodola (cca 130 m²) – krytý prostor pro posezení početné skupiny hostů, rauty, svatební obřady apod.•	Vedlejší stavby (cca 80 m²) – zázemí pro zahradní techniku, případně ustájení zvířat.A za tím vším? Okouzlující zahrada zámeckého stylu o rozloze 6 160 m² se vzrostlými dřevinami, altánem, tenisovým kurtem, romantickým jezírkem a velkým podzemním rezervoárem na vodu. Ten zajišťuje soběstačnost v zásobování vodou pro instalovaný závlahový systém.Jaké jsou možnosti využití?•	Rodinné sídlo s maximálním komfortem a soukromím•	Restaurace, svatební a eventové místo•	Ubytování s wellness službami a sportovním zázemím•	Autokemp s pensionemObec Křešov se nachází na okraji CHKO Kokořínsko - Máchův kraj. Jedná se o turisticky atraktivní oblast pískovcových skal, protkaná mokřady a drobnými vodními toky s rybníky, hrady a zříceninami méně než hodinu jízdy od Prahy. Z Křešova se dá také pohodlně vyrážet na výlety do Českého středohoří (16 km) nebo na horu Říp (17 km).Na pozemku je vlastní vrtaná studna, k dispozici je také vodovodní řad. Odpady řešeny vlastní ČOV.Tento areál není jen soubor nemovitostí – je to prostor pro příběhy. Pro nový začátek.Přijeďte se podívat na prohlídku. Těším se na Vás!","Prodej ubytovacího zařízení 750 m², Snědovice(ID 205-NP11558)",,,Před rekonstrukcí,,,Přízemní,"Hotely, penziony a restaurace",https://www.remax-czech.cz/reality/detail/415702/prodej-ubytovaciho-zarizeni-750-m2-snedovice,,Prodávající si vyhrazuje právo vybrat kupujícího na základě jím zvolených kritérií.,750 m²,,Dálkový rozvod,,,,,450 m²,415702,37aa466c85ceeba3fa15799be7be2828cfe3b6a9f6d104958ec75c53a81f5a70,,ID 205-NP11558
,,Cena na vyžádání v kanceláři,Venkovská,,,Smíšená,,,230 V,G,"49°27'09.2""N,16°36'21.5""E",,N/A,,,,,"Čistička odpadních vod pro celý objekt, Septik",,,3 801 m²,2 300 m²,,,Samostatný,"včetně provize, právního servisu a vyřízení hypotéky",2,1,3,"Exkluzivně si Vám dovolujeme nabídnout výjimečnou nemovitost s velkým potenciálem a mnoha možnostmi využití. Nemovitost se skládá z několika staveb o užitné ploše více než 900 m2, které vytváří uzavřený areál, a patří k němu pozemky o celkové rozloze 3.801 m2.Nemovitost se nachází v obci Obora u Boskovic, která je klidnou oázou v srdci Moravského krasu. Tato lokalita je ideální volbou pro všechny, kdo hledají klidné bydlení nebo rekreační zázemí v harmonii s přírodou, a přitom chtějí mít město na dosah ruky, centrum Brna je na dosah za necelých 35 minut.Hlavní budova s výměrou více než 400 m2 je využita jako rodinný dům. Nachází se zde celkem 9 pokojů, 4 koupelny, kuchyň s kachlovými kamny, zimní skleník se vstupem na terasu a také průchod do vedlejší budovy. Zde jsou další 2 místnosti, které byly využívány jako učebny. V přízemí pod touto vedlejší budovou je vjezd na pozemek a dále pak místnost přístupná z venku, která je koncipována jako keramická dílna a je plně vybavena.Další částí nemovitosti je vedlejší stavba, kterou v přízemí tvoří pokoj, dílna a v patře vybudovaný zimní skleník s vlastním přístupem z venku. Poslední částí je rekonstruovaná stodola, kde v přízemí nalezneme kuchyň, jídelnu, vanu s toaletou a další zimní zahradu, kde je umístěna sauna, malý bazének a samostatná toaleta. V patře jsou potom další dva pokoje. V druhé části bývalé stodoly se nachází pokoj s vyvýšeným patrem na spaní nebo pro uskladnění věcí.Ve stodole je vybudován průchod do zastřešeného otevřeného prostoru, kde je technická místnost a dílna a dále pak průchod na rozlehlou zahradu, která má čistou výměru cca 2.300 m2. Zahrada je velmi udržovaná, nachází se v ní několik jezírek a mnoho ovocných stromů, keřů a i vzácných dřevin, stejně tak jako na zbytku pozemku (Araucaria, Ginkgo biloba, Wolemie). Všechny stromy a keře jsou nově vysázení a mají stáří od 3 do 20 let.V uzavřeném dvoře je umístěn krytý bazén, a dále pak pompejská pec a pec pro pečení chleba.  Mnoho míst v celém areálu zdobí mozaiky, které najdeme i v koupelnách, což dodává celému areálu středomořský nádech.Dům je napojen na veřejný vodovod, ale jsou v něm dvě studny, které jsou využívány pro zalévání zahrady. Elektřina, voda i odpady jsou v domě nové, hlavní stavba je napojena na ČOV, ostatní stavby mají septik. Vytápění je řešeno kamny, krby a případně el. přímotopy.Obora je obklopena lesy, loukami a přírodními krásami Moravského krasu, díky čemuž nabízí bohaté možnosti pro turistiku, cyklistiku i houbaření. V těsné blízkosti se nachází známý boskovický zámek a romantické zříceniny hradu Boskovice, které lákají k výletům po celý rok. Lokalita je zároveň mimo hlavní dopravní trasy, což zaručuje ticho a čisté ovzduší.Vzhledem k velké užitné ploše a koncepci má nemovitost obrovský potenciál pro využití, např. jako penzion, školící středisko, komunitní centrum apod.Srdečně Vás zvu na prohlídku, protože tuto nemovitost je potřeba nejen vidět, ale hlavně i zažít!","Prodej domu 900 m², Obora(ID 023-NP08476)",,,Velmi dobrý,,,Patrový,Domy a vily,https://www.remax-czech.cz/reality/detail/415706/prodej-domu-900-m2-obora,Klidná část obce,Prodávající si vyhrazuje právo vybrat kupujícího na základě jím zvolených kritérií.,900 m²,,Zdroj pro celý objekt,Ano,,,,700 m²,415706,e552eebf8ab785ea2056861bef80a938962ae8e266dc2fe6aeeec17ddd33a67c,,ID 023-NP08476
,,"990 000
																		CZK/ za nemovitost",Obytná,,,Smíšená,,,"230 V, 400 V",G,"49°00'15.2""N,15°32'17""E",,N/A,,1. 6. 2025,,,,,,1 333 m²,,Plynovod,,Samostatný,,,,1,"Hledáte levné bydlení s možností rekonstrukce podle vlastních představ, nebo chalupu na víkendy v klidné lokalitě? V obci Pálovice (jen 4 km od Jemnice) nabízíme k prodeji samostatně stojící rodinný dům o dispozici 3+1 s užitnou plochou 94 m² a celkovou výměrou pozemku 1 333 m².Dům je v původním, zachovalém stavu a je určený k rekonstrukci. Díky dispozičnímu řešení, prostorné půdě i velkému zázemí (maštal, sklep, garáž, průjezd) nabízí široké možnosti využití – jak k trvalému bydlení, tak i jako rekreační chalupa.Základní informace:Dispozice: 3+1Užitná plocha: 94 m²Zastavěná plocha: 342 m²Pozemek: 1 333 m²Inženýrské sítě: elektřina, obecní vodovod před domem (v domě funkční studna s rozvodem přes darling), ohřev vody bojlerem, jímka s přepadem, plynová skříň na hranici pozemku (nepřipojeno)Výhody:Klidná lokalita s dobrou dostupností – 4 km od JemniceMožnost rekonstrukce svépomocí (možno čerpat dotace)Velký pozemek s hospodářským zázemímPotenciál pro rekreační i trvalé využitíNemovitost je volná ihned a čeká na nové majitele, kteří ocení vesnický klid, prostor a potenciál k úpravám podle vlastního vkusu.","Prodej domu 94 m², Pálovice(ID 144-NP02934)",,,Dobrý,,,Přízemní,Domy a vily,https://www.remax-czech.cz/reality/detail/415711/prodej-domu-94-m2-palovice,Klidná část obce,Prodávající si vyhrazuje právo vybrat kupujícího na základě jím zvolených kritérií.,94 m²,,Dálkový rozvod,,,,,342 m²,415711,93d8637f3f77f04f2f3edd165135b0ed752f821b8c601361ae05d66291dee9b1,,ID 144-NP02934
,2 517 m²,Cena na vyžádání v kanceláři,,,"Vlak, Silnice, Autobus",,Pro bydlení,,"230 V, 400 V",,"49°53'24""N,14°09'09.8""E",,N/A,"Vodovod, Kanalizace, Plyn, Elektřina",1. 6. 2025,,,Septik,,,,,Plynovod,,,Informace o ceně v realitní kanceláři RE/MAX All Up - Lukáš Hrubý - 739 899 990,,,,"Bydlení u rybníka, v klidu a soukromí s výhledem na Brdy, jižní strana... Nabízím pozemek s geniem loci se starým rodinným domem číslo popisné 37 v Leči u Litně, okres Beroun, 30 km od Prahy. Jedná se o 2 517m2 pro splnění všech Vašich snů. Samotný dům má výměru přes 150 m2 a je určen k celkové rekonstrukci, či přepracování na Váš individuální projekt. Před domem je plocha přes 300 m2, která je částečně podsklepena objekty jako je dílna, bývalý chlívek, sklep a dřevník. Na pozemku je též prostorný skleník a malý domek. Od terasy vede pozemek mírným svahem až k přilehlému rybníku... Díky umístění mezi přiléhající nefrekventovanou silnicí, oddělením od sousedů a přístupu k rybníku, se jedná o božsky klidné místo, kde vás nebude nikdo rušit.Zavedena je elektřina, plyn a voda. Současní majitelé plánovali meditační zónu, několik nájemních pokojů, výsadbu ovocného sadu a molo u rybníka. I vy si můžete vytvořit ráj dle svých preferencí.Lokalita Leč patří k městysu Liteň, který je vzdálen 4km od Karlštejna a jeho golfového resortu, 5km od Řevnic, kde je veškerá občanská vybavenost a 12km od města Berouna. Doprava je možná autobusem, případně lokálkou do Zadní Třebaně a dále na Prahu nebo Plzeň. Autem je možné jet údolím Berounky přes Řevnice, Dobřichovice, Černošice a Radotín, případně ze Řevnic přes Řitku na Strakonickou dálnici. Další směr je na Beroun a připojení na D5, či do Hořovic, Hostomic, Dobříše a Příbrami.Okolí Leči nabízí přírodní krásy Českého krasu - jeskyně Koněprusy, lom Čertovy schody, Kobyla, Homolák a další, královský hrad Karlštejn, lom Amerika, hřeben Brd a další. Cyklostezky vás provedou údolím Berounky, Srbskem okolo poustevnické jeskyně Koda, nebo po Brdských lesích až k Hostomicům a rozhledně Studený vrch. Toulky okolím na kole či motocyklu jsou zde nádherné, skvělý relax...Více Informací a informace o ceně v realitní kanceláři REMAX All Up - Lukáš HrubýProhlídka s překvapením je možná dle dohody na 739 899 990.","Prodej pozemku 2517 m², Liteň(ID 318-NP00108)",,,,,,,Pozemky,https://www.remax-czech.cz/reality/detail/415666/prodej-pozemku-2517-m2-liten,Klidná část obce,Prodávající si vyhrazuje právo vybrat kupujícího na základě jím zvolených kritérií.,,,,,,,,,415666,21c51f58ebef61fadd3774351826f0884cf5c148aacb0b120a5e29c3b0c68ee5,,ID 318-NP00108
,,"19 490 000
																		CZK/ za nemovitost",,,,Cihlová,,,,G,"50°06'36.6""N,14°19'32.9""E",,N/A,,,,,Kanalizace,,,723 m²,387 m²,Plynovod,,Samostatný,"cena včetně provize RK, právního a finančního servisu",,,1,"Exkluzivně nabízím k prodeji přízemní částečně podsklepený rodinný dům 3+kk (3+1) o výměře 138 m2 na pozemku 723 m2 v prestižní lokalitě Praha 6 - Nebušice v ulici V březinkách.Dispozice domu - zádveří, obývací pokoj s krbem a kuchyní, 2x ložnice, koupelna s vanou a samostatné WC.Dům je vhodný pro ty, kteří hledají nemovitost s potencionálem, ať už plánujete modernizaci stávajících prostor nebo kompletní přestavbu podle vlastních potřeb.Veškeré inženýrské sítě (voda, kanalizace a plyn). Vytápění plynovým kotlem.Rodinný dům situovaný na výjimečně řešeném kaskádovitém pozemku, který poskytuje nejen dostatek soukromí, ale také atraktivní výhledy a zajímavé možnosti využití. Je zde dostatek místa pro posezení či grilování s přáteli.Výhodou pozemku jsou dvě přístupové cesty (z ulice V březinkách a z ulice K Noskovně).Klidné místo v atraktivní lokalitě a možností vytvořit si bydlení přesně podle svých představ.Koupi domu lze financovat hypotečním úvěrem, s jehož vyřízením Vám moc rádi pomůžeme.Neváhejte mě kontaktovat, ráda Vám dům osobně představím.PENB připravujeme, proto je dle zákona zatím uvedena hodnota G.","Prodej domu 138 m², Praha 6 - Nebušice(ID 228-NP02306)",,,Dobrý,,,Přízemní,Domy a vily,https://www.remax-czech.cz/reality/detail/415682/prodej-domu-138-m2-praha-6-nebusice,,Prodávající si vyhrazuje právo vybrat kupujícího na základě jím zvolených kritérií.,138 m²,,Dálkový rozvod,Ano,,,,336 m²,415682,989366a7ee9a5474d402e597c97dcf80293440e585af259b2695dca5013d27bd,,ID 228-NP02306
Ano,,"4 750 000
																		CZK/ za nemovitost",,1+kk,"Vlak, Dálnice, Silnice, MHD, Autobus",Smíšená,,,"120 V, 230 V, 400 V",C,"50°04'08.7""N,14°21'02.6""E",Ano,N/A,,1. 6. 2025,,"Škola, Školka, Zdravotnická zařízení, Pošta, Supermarket, Kompletní síť obchodů a služeb",Kanalizace,"Satelit, Kabelová televize, Kabelové rozvody, Ostatní rozvody",,,,Plynovod,31 m²,,včetně právního servisu,,,6,"Dovolujeme si vám nabídnout prodej bytu 1+kk v 2. poschodí (3.np) udržovaného domu v klidné lokalitě plné zeleně - Cibulka, Košíře-Motol, Skalka, rybníky, navíc v blízkosti nemocnic Motol a Homolka. Bezbariérový byt v ulici Zahradníčkova o dispozici 1+kk a velikosti 31 m² nabízí předsíň, koupelnu se sprchovým koutem, umyvadlem a toaletou a prostornou hlavní místnost s kuchyňským koutem, velkoformátovými okny s výhledem do zeleně. Dispozici hlavní místnosti nabízí zajímavé možnosti přestavby dle vlastních představ s využitím například šikovného prostoru pro spaní nebo naopak jako pracovní kout.K bytu je možné přikoupit garáž v suterénu domu.Budova má nový výtah, renovované topení (2019) a novou fasádu (2020). V areálu je k dispozici večerka. Adresa domu nabízí výbornou dopravní dostupnost díky tramvajové zastávce vzdálené jen pár minuty pěšky od vchodu, odsud pak je přímé spojení na metro Anděl. V těsné blízkosti najdete také oblíbené rybníky s koupalištěm Motol, golfový areál Golf Club Praha, cvičiště pro psy a tenisové kurty. V nedalekém sídlišti Homolka jsou základní škola, dvě mateřské školy, lékař, dětské hřiště a obchody.","Prodej bytu 1+kk v osobním vlastnictví 31 m², Praha 5 - Košíře(ID 218-NP06491)",,,Novostavba,"Telefon, Internet",,,Byty,https://www.remax-czech.cz/reality/detail/415667/prodej-bytu-1-kk-v-osobnim-vlastnictvi-31-m2-praha-5-kosire,Centrum obce,Prodávající si vyhrazuje právo vybrat kupujícího na základě jím zvolených kritérií.,31 m²,Osobní,"Zdroj pro celý objekt, Dálkový rozvod",,,,,31 m²,415667,6e58a6df5a0385492450a2341e26565b8f610eb00b4c486aac02ed71113966cb,3,ID 218-NP06491
,,"4 795 000
																		CZK/ za nemovitost",Obytná,2+1,"Vlak, Dálnice, Silnice, MHD, Autobus",Panelová,,,230 V,B,,,N/A,,30. 5. 2025,,,Kanalizace,,,,,Plynovod,64 m²,,,,,7,"Nabízíme Vám prostorný a světlý byt o dispozici 2+1 s lodžií a užitnou plochou 64 m², nacházející se v 6. podlaží bytového domu v Plzni na Skvrňanech, konkrétně v Lábkově ulici.Byt je dispozičně rozdělen na chodbu s šatnou, kuchyň s jídelním koutem, obývací pokoj, ložnici, koupelnu s vanou, sociální zázemí a lodžii s příjemným výhledem do krajiny.  Bytové jádro je zde zděné, okna jsou plastová, elektřina je kompletně v mědi, přímo do bytu je zavedena i plynovodní přípojka, vytápění a ohřev vody je řešen dálkově. Výhodou bytu je neprůchodnost každé místnosti, což zajišťuje dostatek soukromí a pohodlí pro vícečlennou domácnost. K bytu náleží i sklepní kóje, ideální pro uskladnění sezónních věcí, sportovního vybavení nebo dalších osobních potřeb. Parkování je zde dostupné přímo před domem.Lokalita disponuje vynikající dopravní dostupností, pouhých pár desítek metrů od bytu se nachází zastávka tramvaje číslo 2, i autobusová zastávka autobusu číslo 55 a 66. Do centra města se dostaneme do 10 minut jízdy autem. V těsné blízkosti máte veškerou občanskou vybavenost včetně obchodů, restaurací, škol, školek, pošty, lékárny nebo i fitness centra. Přírodu pro odpočinek nebo sportovní vyžití najdeme v přilehlém okolí.V případě zájmu je možné poskytnout kompletní služby financování.Pokud Vás naše nabídka zaujala, neváhejte se ozvat a rádi se s Vámi setkáme na osobní prohlídce.","Prodej bytu 2+1 v osobním vlastnictví 64 m², Plzeň(ID 334-NP00105)",,,Dobrý,,,,Byty,https://www.remax-czech.cz/reality/detail/415625/prodej-bytu-2-1-v-osobnim-vlastnictvi-64-m2-plzen,Klidná část obce,Prodávající si vyhrazuje právo vybrat kupujícího na základě jím zvolených kritérií.,64 m²,Osobní,Dálkový rozvod,,,Ano,,1 891 m²,415625,275e3778ff6bb0dc3cd9185f10686d5904de7afc9ab4f184f8c22e4c59a97ba1,6,ID 334-NP00105
,192 m²,"6 200 000
																		CZK/ za nemovitost",,,"Silnice, Autobus",Smíšená,,,230 V,G,"49°54'15.8""N,15°45'24.2""E",,N/A,,25. 7. 2024,,,"Kanalizace, Septik",,,1 932 m²,1 740 m²,Plynovod,,Samostatný,,,,2,"Prodej rodinného domu 192 m2 (užitná plocha objektu), s pozemkem 1740 m2 (zahrada) a prostornou garáží/dílnouNabízíme Vám ve výhradním zastoupení realitní kanceláře RE/MAX Vox k prodeji tradiční venkovské stavení, dvoupodlažní zděný RD o aktuální velikostí 4 + kk, celkové výměře užitné plochy domu 192 m2, nacházející se ve velice vyhledávané lokalitě pro bydlení, když se za 10 minut dostanete do centra Chrudimi, do 20 minut do centra Pardubic, přitom budete žít uvnitř CHKO Železné hory.Dům je situován do lokality několika mála tradičních rodinných domů venkovského typu, obklopeného památkami, přírodou a zelení (např. zřícen. hradu Rabštejnek, Kochánovické rybníky, Sečská přehrada, Křižanovice a mnohá další), což poskytuje ideální prostředí pro klidné a pohodové bydlení, cyklovýlety, turistiku, houbaření a další zábavu.Prostorové uspořádání domu se skládá ze dvou obytných podlaží, přičemž 1.NP , o dispozicí 2 +kk ze zádveří, obývacího pokoje s kuchyní, spojených s ložnicí, koupelny s vanou a toaletou, dřevníku/technické místnosti a samostatné garáže/dílny. Ve 2.NP naleznete dva prostorné pokoje, přičemž jeden z nich disponuje vstupem na terasu a mezi oběma pokoji se nachází velký meziprostor. Objekt garáže/dílny disponuje vlastním přístupem a není propojen s vnitřními prostorem domu.RD je napojen na veškeré inženýrské sítě, vč. splaškové kanalizace, vodovodu, plynu a elektřiny. Elektřina je již v provedení měď, vodovodní a kanalizační přípojky jsou zcela nové!Vytápění domu je řešeno plynovým kotlem/kotlem na pevná paliva. Zájemci o potenciálně další zdroj tepla mohou zabudovat do objektu krbová/kachlová kamna. Objekt je osazen dřevěnými okny z 80.let minulého století.Dům je samostatně stojící, obklopen krásnou ovocnou zahradou, která poskytuje naprosté soukromí a klid (stranou komunikace procházející obcí) a udržovaným trávníkem. Novému nabyvateli se naskýtá jedinečná možnost dobudování připravené terasy navazující na dům právě do zahrady/exteriéru nemovitosti.Součástí prezentace je i vizuálně zpracovaný architektonický koncept rekonstrukce nemovitosti (viz. sekce fotografie).V případě více vážných zájemců bude kupující vybrán na základě parametrů stanovených prodávajícím.Pokud Vás tato nabídka zaujala a máte zájem se dozvědět více informací, tak mě neváhejte kontaktovat. Budu se těšit na osobní setkání během prohlídek nemovitosti.","Prodej chaty / chalupy 192 m², Rabštejnská Lhota(ID 297-NP00246)",,,Dobrý,,"Lokální - plynové, Lokální - tuhá paliva",Patrový,Chaty a rekreační objekty,https://www.remax-czech.cz/reality/detail/415660/prodej-chaty-chalupy-192-m2-rabstejnska-lhota,Klidná část obce,Prodávající si vyhrazuje právo vybrat kupujícího na základě jím zvolených kritérií.,192 m²,,Zdroj pro celý objekt,Ano,,,,192 m²,415660,48da2a543e98605a373a7256511d6970bcdcb414f7c1c819aaff938b9c958f43,,ID 297-NP00246
,,"8 614 000
																		CZK/ za nemovitost",,2+kk,,Cihlová,,,,G,"50°02'58.2""N,14°26'51.9""E",,N/A,,30. 5. 2025,,,,,,,,,53 m²,,,,,4,"Bytová jednotka č. 42 ve 4. podlaží domu má praktickou dispozici 2+kk a podlahovou plochu 40,2 m². Orientovaná je na jih do ulice. Součástí bytu je velkorysá terasa 9,3 m² a vlastní sklepní kóje. Všichni obyvatelé domu mohou navíc využívat rozlehlou společnou zahradu lemovanou vzrostlými stromy, která díky tomu nabízí dostatek soukromí. Bytová jednotka prošla rekonstrukci a prodává se  včetně vybavení. Pro informace nebo prohlídku mně kontaktujte.","Prodej bytu 2+kk v osobním vlastnictví 53 m², Praha 4 - Michle(ID 175-NP01508)",,,Velmi dobrý,,,,Byty,https://www.remax-czech.cz/reality/detail/415606/prodej-bytu-2-kk-v-osobnim-vlastnictvi-53-m2-praha-4-michle,,Prodávající si vyhrazuje právo vybrat kupujícího na základě jím zvolených kritérií.,40 m²,Osobní,,,,,,97 m²,415606,84d0fae787ad19648d910ec16e8938cffd47bfa03a6790d66097e200dcb3ee40,4,ID 175-NP01508
,,"1 990 000
																		CZK/ za nemovitost",,,"Vlak, Silnice, Autobus",Smíšená,,,,G,"50°12'56.8""N,12°11'39.9""E",,N/A,,1. 6. 2025,,,Kanalizace,,,106 m²,139 m²,Plynovod,,Řadový,,,1,3,"Ve výhradním zastoupení vám nabízíme k prodeji 1/2 podílu na rodinném domě. Dům je rozdělen na dvě bytové jednotky 2+1 a jeden nebytový obchodní prostor o cca 80m2, část domu která se využívá prodávajícím, se nachází na druhém podlaží (1.patře). Byt je o dispozici 2+1 a podlahové ploše 65m2. Bytová jednotka se nachází ve velmi zachovalém stavu, proběhla zde částečná rekonstrukce. Vytápění je řešeno pomocí kotle na tuhá paliva, ovšem je zde možnost si připojit vlastní plynový či elektrický kotel. Užitková voda je ohřívána elektrickým bojlerem. Tato ideální investiční příležitost Vám nabídne za cenu menšího bytu v Aši, získat poloviční podíl na celém domě v centru města. Jedná se o případné nájemné za byt 2+1, a část nájemného za obsazený obchodní prostor.Dům se nachází v samotném centru města a nedávno byla položena nová střešní krytina.K prodeji podílu na rodinném domě náleží též podíl na udržované zahradě o 139m2.Potenciál města Aš se dlouhodobě z investičního hlediska nedá zapřít.Pro více informací se na mne neváhejte obrátit.","Prodej domu 120 m², Aš(ID 251-NP00894)",,,Dobrý,,,Patrový,Domy a vily,https://www.remax-czech.cz/reality/detail/415633/prodej-domu-120-m2-as,Centrum obce,Prodávající si vyhrazuje právo vybrat kupujícího na základě jím zvolených kritérií.,120 m²,,Dálkový rozvod,,,,,106 m²,415633,4a22d11992e3dc735ffec59358daca85d4d08c0a268c69faf801c14bf5172e04,,ID 251-NP00894
,3 470 m²,"5 790 000
																		CZK/ za nemovitost",,,"Dálnice, Silnice, Autobus",,Pro bydlení,,"230 V, 400 V",,"50°07'07.5""N,15°34'22.5""E",,N/A,"Kanalizace, Plyn, Elektřina",30. 5. 2025,,,,,,,,Plynovod,,,včetně realitních služeb,,,,"Prodej stavebních pozemků a rodinného domu. Rodinný dům je v původním stavu, je určen ke kompletní rekonstrukci, nebo demolici. Pozemky je možné rozdělit na tři stavební pozemky. Nemovitosti se nachází v centru obce, v klidné části a je možné je koupit (zarezervovat) i zvlášť.Inženýrské sítě: RD je napojený na el., plyn, odpad, zbývající dva pozemky jsou připojeny na el., (voda, plyn, kanalizace jsou v dosahu). Na budovu (stodola) je již vypracovaný a schválený demoliční výměr. Obec Voleč se nachází na výborném strategickém místě. 3,5 km od dálnice D 11, (Prah – Černý Most 70 km), (Hradec Králové 25 km), (Rohovládova Bělá 2 km – škola 1.-9.tř. školka atd.), (Lázně Bohdaneč 9 km), (Pardubice 20 km).","Prodej pozemku 3470 m², Voleč(ID 297-NP00244)",,,,,,,Pozemky,https://www.remax-czech.cz/reality/detail/415656/prodej-pozemku-3470-m2-volec,Klidná část obce,Prodávající si vyhrazuje právo vybrat kupujícího na základě jím zvolených kritérií.,,,,,,,,,415656,3b167f70c8d04f412542c8ed1ee24e51e882b063d6c29a734072bc1f5a0b8395,,ID 297-NP00244
,,"4 650 000
																		CZK/ za nemovitost",,2+1,,Cihlová,,,,,,,N/A,,30. 5. 2025,,,,,,,,,50 m²,,,,,,"Nově vám nabízíme prodej bytu v osobním vlastnictví, který se nachází v žádané a klidné lokalitě v Příbrami. Jedná se o byt s dispozicí 2+1 s prostorným balkónem o celkové výměře 54 m2. K bytu také náleží samostatný sklep o výměře 2 m2. Byt se nachází v posledním patře cihlového domu bez výtahu. Dům je v udržovaném stavu, zateplený, s novou fasádou a novými balkony.K bytu také náleží samostatně stojící garáž hned vedle domu, která má 20 m2 a je v osobním vlastnictví. Garáž tak zajišťuje bezproblémové parkování u domu.Byt je po částečné rekonstrukci, je zde zděné jádro a původní elekřina. V bytě je menší nová kuchyně s jídelním stolem, koupelna se sprchovým koutem a samostatná toaleta. Z kuchyně a obývacího pokoje se dostanete do ložnice. Obývací pokoj má přístup na balkon. Byt má skvěle řešenou dispozici a dostatek přirozeného světla. Byt také majitel přenechá vybavený (pračka, lednice, veškerý nábytek v ložnici - dle fotografií, sedací souprava a zbylé kusy nábytku dle domluvy se zájemci.)Lokalita disponuje kompletní občanskou vybaveností, vše máte v docházkové vzdálenosti, obchody, supermarket, restaurace, cukrárnu, poštu, lékaře a další služby. V blízkosti jsou také školy, školky i dětská hřiště. Díky vynikající dopravní dostupnosti snadno dojedete do centra a okolí, autobusové zastávky jsou od domu vzdálené pár minut chůze.Pokud vás naše nabídka zaujala, neváhejte se ozvat a rádi vám poskytneme další informace.","Prodej bytu 2+1 v osobním vlastnictví 50 m², Příbram(ID 273-NP03973)",,,Velmi dobrý,,,,Byty,https://www.remax-czech.cz/reality/detail/415644/prodej-bytu-2-1-v-osobnim-vlastnictvi-50-m2-pribram,,Prodávající si vyhrazuje právo vybrat kupujícího na základě jím zvolených kritérií.,50 m²,Osobní,,Ano,,,,,415644,b96ef696405e4f1cac9e057ef6aa3996101741942ee802adb2f81ffc53538d61,3,ID 273-NP03973
,,"6 950 000
																		CZK/ za nemovitost",Obytná,,"Vlak, Dálnice, Silnice, Autobus",Cihlová,,,230 V,G,"49°05'19.4""N,16°38'08.2""E",Ano,N/A,,1. 6. 2025,,,Kanalizace,,,377 m²,414 m²,Plynovod,,Řadový,Cena je kompletní vč. provize a ostatních poplatků,,,1,"Hledáte prostor, kde můžete vytvořit domov přesně podle svých představ?Dům v klidné obci Rajhradice, jen pár minut od Brna, je ideální příležitostí pro ty,kteří chtějí spojit bydlení s investicí, životem i podnikáním.Nemovitost, která má duši, prostor i potenciál růstu.Hlavní přednosti:Dispozice 6+1Obytná plocha 113 m²Garáž 16 m²Uzavřený dvůr se souborem hospodářských budov:výměra dvora: 52,4 m²dílna (14,5 m²), nářaďovna (22 m²), sklad (6,8 m²), sklep (8,7 m²), prádelna s kotelnou (5 m²)Celková zastavěná plocha a nádvoří: 377 m²Navíc: zahrada o výměře 414 m², vedená dle územního plánu jako plocha k venkovskému bydlení– vhodná pro výstavbu doplňkového objektu pro rekreaci, i k bydleníTechnické informace:Napojeno na elektřinu, vodu, kanalizaci i plyn (měřiče jsou momentálně odpojeny)Vytápění: plynový kotel Thermona + ohřívač vody 75 lPlastová okna do ulice, modernizovaná koupelna (cca 2010)Proč právě tento dům:- Klidná lokalita s výbornou dostupností do Brna- Soubor staveb pro zázemí, podnikání i sklad- Zahrada s možností výstavby další stavby- Kompletní technická připravenostZaujala vás tahle příležitost? Zavolejte a pojďme se sejít přímo na místě. Ukážu vám prostor, který může růst s vámi.","Prodej domu 186 m², Rajhradice(ID 077-NP06639)",,,Před rekonstrukcí,,,Přízemní,Domy a vily,https://www.remax-czech.cz/reality/detail/415661/prodej-domu-186-m2-rajhradice,,Prodávající si vyhrazuje právo vybrat kupujícího na základě jím zvolených kritérií.,186 m²,,Dálkový rozvod,,,,,113 m²,415661,dd669d5e2885022c696dea0f08c9eb2ac52459043e7c2b562af837873f4b9463,,ID 077-NP06639
,,"1 700 000
																		CZK/ za nemovitost",,3+1,"Silnice, MHD, Autobus",Panelová,,,230 V,G,"50°03'45.7""N,12°59'04.9""E",,N/A,,30. 5. 2025,,,Kanalizace,,,,,Plynovod,80 m²,,,,,5,"Prodej bytu 3+1 se zasklenou lodžií v družstevním vlastnictví, 1.patro panelového domu, ul. Sídliště. Byt je v půdním stavu ideální k vlastním úpravám. Dům po kompletní revitalizaci. Rozlohou bytu a lokalitou vhodné pro vlastní bydlení. Parkování u domu, v okolí veškerá obč. vybavenost. Klidná lokalita, dům i vchod.","Prodej bytu 3+1 v družstevním vlastnictví 80 m², Toužim(ID 032-NP09187)",,,Dobrý,Internet,,,Byty,https://www.remax-czech.cz/reality/detail/415649/prodej-bytu-3-1-v-druzstevnim-vlastnictvi-80-m2-touzim,Klidná část obce,Prodávající si vyhrazuje právo vybrat kupujícího na základě jím zvolených kritérií.,80 m²,Družstevní,,,,,,415 m²,415649,4fbef42a33c955fbaa9953461b7b2a027e48446573d315244b7d4c9ae0e115c4,2,ID 032-NP09187
,,"4 790 000
																		CZK/ za nemovitost",,3+kk,,Cihlová,,,230 V,G,"49°08'29.9""N,17°59'59.3""E",,N/A,,1. 6. 2025,,,Kanalizace,"Satelit, Kabelové rozvody",,,,,88 m²,,Cena včetně právního servisu a provize RK.,,,3,"Hledáte místo, kde klid a tichá harmonie malebné krajiny splývají s neobyčejnou krásou přírody?Domov, kde může začít váš nový životní příběh?Na pomezí dvou kouzelných pohoří Beskyd a Bílých Karpat se rozprostírá kraj, snoubící dechberoucí přírodu, ticho, které hladí duši, s dostupností všeho potřebného. Ve městě s jedinečnou valašskou atmosférou, ve Valašských Kloboukách na vás čeká domov, který je víc než jen nemovitostí. Je to místo, které vás každý den znovu okouzlí klidem, výhledy a smysluplným prostorem pro život.Ve výhradním zastoupení majitele si vám dovoluji představit slunný a prostorný byt o dispozici 3+kk, nacházející se v cihlovém domě v klidné části Sychrov. Byt se nachází ve 2. patře domu se šesti byty, a zajišťuje komorní a příjemné bydlení. Z balkonu i oken se otevírá výjimečný pohled na Beskydy, který nikdy neomrzí.Byt prošel důkladnou modernizací v roce 2014. Zrenovovány byly vnitřní omítky, podlahy, kompletně vyměněna elektroinstalace i rozvody vody a odpadů. Instalována byla nová plastová okna a vstupní dveře. Vytápění je vyřešeno efektivně, topné rozvody jsou elegantně skryté ve zdech. Ohřev teplé vody zajišťuje elektrický bojler značky Dražice s objemem 100 l.Dispozice bytu je praktická a prostorná. Obývací pokoj s kuchyňským koutem, včetně vestavěných spotřebičů má přímý vstup na balkon orientovaný na sever, zatímco dvě neprůchozí ložnice směřují na slunný jih. V koupelně najdete vanu i sprchový kout, a nezvykle i krásný výhled do zeleně.Byt působí svěže, vzdušně a útulně. Díky vestavěným skříním a šikovnému řešení zde nechybí úložné prostory. Je připravený k okamžitému nastěhování,  bez dalších investic a kompromisů.Parkování je možné přímo u domu. Okolí bytu je klidné a tiché, obklopené zelení, nabízí ideální prostor pro odpočinek i aktivní trávení volného času. Jen pár minut chůze do centra města, kde najdete vše potřebné pro každodenní život. Valašské Klobouky jsou městem s rozšířenou působností a poskytují kompletní občanskou vybavenost, od škol, školek, zdravotnických zařízení, obchodů a širokých možností kulturního i společenského vyžití.Tato nabídka není pouze o prodeji bytu, ale představuje příležitost k novému začátku. Místo, kde čerstvý vzduch máte na dosah a budoucnost můžete tvořit v dokonalé harmonii s přírodou i městským pohodlím.Průkaz energetické náročnosti budovy nebyl zatím vyhotoven. V souladu s právní úpravou proto uvádím energetickou třídu G.V případě více zájemců bude nemovitost prodána nejlepší nabídce a majitel si vyhrazuje právo vybrat kupujícího na základě jím zvolených kritérií. Veškeré zveřejněné údaje obsažené v tomto inzerátu mají pouze informativní charakter a nejsou nabídkou ve smyslu § 1731 nebo § 1732 občanského zákoníku, ani se nejedná o veřejný příslib dle § 1733 občanského zákoníku. Z této nabídky tak nikomu nevzniká nárok na uzavření smlouvy.Výměry jsou orientační.Přijďte zažít kouzlo tohoto místa. Ráda vás nemovitostí provedu.S úctou,Andrea VašíčkováRE/MAX Delux","Prodej bytu 3+kk v osobním vlastnictví 88 m², Valašské Klobouky(ID 268-NP03072)",,,Velmi dobrý,Internet,,,Byty,https://www.remax-czech.cz/reality/detail/415627/prodej-bytu-3-kk-v-osobnim-vlastnictvi-88-m2-valasske-klobouky,Klidná část obce,Prodávající si vyhrazuje právo vybrat kupujícího na základě jím zvolených kritérií.,84 m²,Osobní,Dálkový rozvod,Ano,,,,,415627,9a9abaec0278b42aed5292a3f08ab9e6886802ef5c858c96ff47a2f36e5212c6,3,ID 268-NP03072
,,"15 750 000
																		CZK/ za nemovitost",,,,Smíšená,,,,G,"50°07'11.6""N,14°41'58.9""E",Ano,N/A,,1. 6. 2025,,,Kanalizace,,,1 063 m²,656 m²,Plynovod,,Řadový,,2,1,2,"Nabízím k prodeji prostorný rodinný dům 230 m2 se zahradou a celkovým pozemkem 1063m2 a potenciálem další výstavby v obci Jirny.Rodinný dům s celkovou podlahovou plochou 230 m² disponuje dvěma podlažími. V přízemí se nachází 4 místností, z toho 3 jsou neprůchozí a jedna průchozí. V patře jsou tři další pokoje – obývací pokoj, dvě ložnice a kuchyň, dále je zde také koupelna. V obou patrech je koupelna a WC.Dům prošel rekonstrukcí rozvodů a elektroinstalace, byl instalován nový plynový kombinovaný kotel značky Bosch s vysokou energetickou účinností (instalace včetně nového komína byla dokončena v říjnu 2023). V témže roce byla provedena také výměna oken (9/2023), rekonstrukce odpadů (11/2023), nové dřevěné obložení v zadní části domu a u přístavku, podlahy na balkoně a terase, a nová střecha na garáži (5/2023). V roce 2024 byl zrealizován nový rozvod s uzávěrem pro přepínání mezi obecním vodovodem a studnou. Kuchyň v patře je z roku 2023. Okna jsou nová a technický stav domu je dobrý, přesto je třeba počítat s dokončením kosmetických úprav. Dům je téměř celý podsklepený – sklepní prostory jsou rozlehlé, je zde kotel a boiler a další prostor na skladování.Pozemek má celkovou výměru 1 063 m², z čehož 656 m² tvoří zahrada. Ta má příjezdovou cestu i z druhé strany, což představuje významnou přidanou hodnotu – pozemek lze využít jako stavební a případně zde vystavět další rodinný dům, nebo jej prodat samostatně. Na pozemku se nachází garáž s dílenským zázemím a další prostor, který může sloužit jako sklad nebo být přestavěn například na wellness zónu se saunou či vířivkou.Dům je napojen na veřejný vodovod, kanalizaci a elektřinu. Vytápění je zajištěno efektivním plynovým kotlem.V domě je zaveden bezdrátový internet od T-Mobile s rychlostí 100 Mbps.Čtvrtletní zálohy za vodu činí 2 720 Kč.Pokud máte zájem o prohlídku, prosím vyplňte formulář pod inzerátem a budeme vás kontaktovat s možnými termíny.V případě většího zájmu bude nemovitost prodána nejlepší nabídce.","Prodej domu 230 m², Jirny(ID 205-NP11551)",,,Dobrý,,,Patrový,Domy a vily,https://www.remax-czech.cz/reality/detail/415585/prodej-domu-230-m2-jirny,Klidná část obce,Prodávající si vyhrazuje právo vybrat kupujícího na základě jím zvolených kritérií.,230 m²,,"Zdroj pro celý objekt, Dálkový rozvod",,,,,129 m²,415585,b882ab809ebeedbd85fc6a561a99683685a9cf6b603f88c91a42b3203a665f25,,ID 205-NP11551
,200 m²,"16 750 000
																		CZK/ za nemovitost",,,"Vlak, Dálnice, Silnice, MHD, Autobus",Cihlová,,,,G,"50°13'48.1""N,14°05'18.1""E",,N/A,,,,,Kanalizace,,,,,Plynovod,,,,,,3,"Dovolujeme si Vám ve výhradním zastoupení majitele nabídnout zajímavou investiční příležitost v podobě bytového domu v samotném centru města Slaného. Jedná se řadový bytový dům, který Vám nabídne, jak komfortní bydlení na dobré adrese, tak i zajímavý a jistý měsíční příjem. V přízemí domu se nachází dva nebytové prostory - větší komerční prostor je o velikosti 58m2 a jeho dispozice zahrnuje kancelář (obchod), zázemí, kuchyňskou linku a WC. Tento prostor je dlouhodobě pronajatý prověřeným nájemníkem.Menší komerční prostor o velikosti 15m2 je vhodný jako kancelář nebo kontaktní místo a má zázemí s WC ve dvoře (6m2). Dále je v přízemí k dispozici malý byt - garsoniéra s patrem na spaní. Prvnímu patru vévodí luxusní byt 3+1 s velkorysou dispozicí o velikosti 104 m2. Tento byt prošel zdařilou rekonstrukcí a díky prostorné terase, technické místnosti a úložným prostorům poskytne komfortní bydlení i pro větší rodinu. Ve druhém patře je velká půda, která nabízí rozšíření obytného prostoru, v případě investice možnost rozšíření o dvě bytové jednotky (ateliéry). Benefitem této nabídky je menší dvůr se vstupem do dvoupodlažního původního sklepení. Součástí této nabídky je i další stavba (60m2), která je přístupná z vedlejší ulice Štechova a v současné době je tato budova dlouhodobě pronajata jako skladové prostory.Zde se nabízí i možnost navýšení budovy o další patro. Díky jedinečné poloze domu je veškerá občanská vybavenost v pěší dostupnosti. Pro více informací o této atraktivní nabídce a domluvení prohlídky kontaktujte makléřku nemovitosti.","Prodej nájemního domu 200 m², Slaný(ID 023-NP08474)",,,Velmi dobrý,,,,Nájemní domy,https://www.remax-czech.cz/reality/detail/415608/prodej-najemniho-domu-200-m2-slany,Centrum obce,Prodávající si vyhrazuje právo vybrat kupujícího na základě jím zvolených kritérií.,200 m²,,Dálkový rozvod,,,,,166 m²,415608,da8a3748077abebffb0e4e056eacff2be56cf93437dd139b43b45a99ae68e5b7,,ID 023-NP08474
,,"3 990 000
																		CZK/ za nemovitost",Obchodní a obytná,3+1,"Vlak, Dálnice, Silnice, MHD",Cihlová,,,230 V,C,"49°48'23.5""N,18°14'57.6""E",,N/A,,1. 7. 2025,87,"Škola, Školka, Zdravotnická zařízení, Supermarket, Kompletní síť obchodů a služeb",Kanalizace,,,,,Plynovod,93 m²,,včetně advokátní úschovy a provize,,1,6,"Ve výhradním zastoupení majitele nabízíme ke koupi družstevní byt 3+1 v Ostravě - Vítkovicích na ulici Závodní. Bytová jednotka o podlahové ploše 86 m2 je situována ve 4.np šestipodlažního cihlového domu, okna orientována na východ, jih a západ, k dispozici je lodžie s výhledem do klidného dvora. Byt je ve velmi pěkném stavu po částečné rekonstrukci, nabízíme ho bez vybavení. Dům je po celkové revitalizaci, instalován byl nový výtah a kamerový systém.Nemovitost se nachází v těsné blízkosti hokejové arény, veškerá občanská vybavenost je v blízkém okolí, lokalita je výborně dopravně dostupná. Parkování u domu, ve vedlejší ulici nebo na 100 m vzdáleném parkovišti.","Prodej bytu 3+1 v družstevním vlastnictví 93 m², Ostrava(ID 344-NP00407)",,,Velmi dobrý,Internet,,,Byty,https://www.remax-czech.cz/reality/detail/415389/prodej-bytu-3-1-v-druzstevnim-vlastnictvi-93-m2-ostrava,Rušná část obce,Prodávající si vyhrazuje právo vybrat kupujícího na základě jím zvolených kritérií.,86 m²,Družstevní,Dálkový rozvod,,,Ano,,,415389,848cf11705c3d196ce0e125fbf0167841a01090d260e4cfffa59249bce258812,4,ID 344-NP00407
,,"11 990 000
																		CZK/ za nemovitost",Obytná,,"Dálnice, Silnice, MHD, Autobus",Dřevěná,,,230 V,B,"49°55'49.3""N,14°00'10.2""E",,N/A,,,,,Kanalizace,"Satelit, Kabelová televize",,416 m²,350 m²,,,Řadový,,2,,2,"Moderní dům 4+kk s bazénem a výhledem do krajiny – Levín u BerounaHledáte dům, který má styl, komfort i kus přírody za okny? Jeden takový pro vás máme – postavený v roce 2020, promyšlený do detailu a připravený k nastěhování.Na pozemku o velikosti 416 m² najdete vše, co dělá domov domovem. Upravenou zahradu pro chvíle klidu, prostornou terasu ideální pro grilování s přáteli, a když teplota stoupne? Bazén se postará o příjemné ochlazení – a navíc vypadá skvěle i na Instagramu.Dispozice 4+kk nabízí vzdušných 100 m². Obývací pokoj s krbovými kamny navodí příjemnou atmosféru v každém ročním období. Kuchyně? Moderní, plně vybavená, a navazuje na jídelní kout s přímým vstupem na terasu. Ranní káva s výhledem – vaše nová rutina.V patře vás čeká útulná ložnice s vestavěnými skříněmi, dětský pokoj plný fantazie a praktická pracovna, kde zvládnete i pondělní poradu bez ztráty nervů. Koupelna je moderní, elegantní a především funkční – tak, jak to má být.Technické vybavení potěší každého, kdo má rád chytrá řešení – podlahové vytápění v celém domě a elektrické rolety ovládané přes mobil. Energetická třída B zase znamená nižší náklady na provoz a vyšší ohleduplnost k přírodě.A lokalita? Do centra Berouna dojedete za 5 minut, Králův Dvůr s kompletní občanskou vybaveností a nájezd na D5 doslova za rohem. Na okraji Prahy jste odtud za krásných 20 minut.Zní to jako místo, kde byste si dokázali představit nový začátek?Ozvěte se mi – rád vám dům ukážu osobně. A pokud bude potřeba, pomohu i s výhodným financováním.Pokud jste se také zamilovali, tento dům by vám neměl utéct.","Prodej domu 100 m², Králův Dvůr(ID 273-NP03974)",,,Novostavba,"Telefon, Internet",,Patrový,Domy a vily,https://www.remax-czech.cz/reality/detail/415650/prodej-domu-100-m2-kraluv-dvur,Klidná část obce,Prodávající si vyhrazuje právo vybrat kupujícího na základě jím zvolených kritérií.,100 m²,,Dálkový rozvod,Ano,,,,67 m²,415650,adb686c6b5cdb1a13ee4974ea1ab13846b8d206cb193ece10aa3c48b163dd33f,,ID 273-NP03974
,,"2 890 000
																		CZK/ za nemovitost",,3+1,,Cihlová,,,,C,"49°35'15.2""N,18°08'17.2""E",,N/A,,,,,,,,,,,61 m²,,,,,,"Nabízím k prodeji družstevní bytovou jednotku 3+1 o výměře 61 m2. Tento byt je ideální volbou pro všechny věkové generace, ať už hledáte útulný domov pro rodinu s dětmi, nebo klidné místo pro starší osoby. Byt se nachází v klidné lokalitě na ulici Máchova v Kopřivnici.Byt se nachází v prvním nadzemním podlaží, což zajišťuje snadný přístup. V okolí bytu je veškerá občanská vybavenost v pěší dostupnosti, což znamená, že máte vše potřebné na dosah ruky. Navíc zde najdete nepřeberné množství kulturního a sportovního vyžití, které obohatí váš volný čas.Dostatek parkovacích míst je dalším plusem této lokality. Dům, ve kterém se byt nachází, prošel celkovou revitalizací, což zajišťuje moderní a příjemné bydlení. Bytové družstvo má již úvěr na revitalizaci zaplacen, a v letošním roce došlo ke snížení fondu oprav, což vedlo ke snížení nákladů na bydlení.Jedná se o byt s okny na tři světové strany, což zajišťuje dostatek přirozeného světla. Byt má původní bytové jádro s novějšími obklady a kuchyňská linka je také modernizována, což přispívá k celkovému komfortu bydlení.Pokud máte zájem o bližší informace nebo si chcete domluvit prohlídku, neváhejte mě kontaktovat. Těším se na Vás!","Prodej bytu 3+1 v družstevním vlastnictví 61 m², Kopřivnice(ID 133-NP02425)",,,Velmi dobrý,,,,Byty,https://www.remax-czech.cz/reality/detail/415621/prodej-bytu-3-1-v-druzstevnim-vlastnictvi-61-m2-koprivnice,,Prodávající si vyhrazuje právo vybrat kupujícího na základě jím zvolených kritérií.,61 m²,Družstevní,,,,,,,415621,bd40275d75489e79e9a36a6ea95a356242d26d9e53de732d716fd5e0295d0490,1,ID 133-NP02425
