ID,URL,Název nemovitosti,Popis nemovitosti,Cena,Poznámka k ceně,Upozornění,Číslo zakázky,Druh pozemku,Celková plocha,Inženýrské sítě,Typ nemovitosti,Umístění objektu,GPS souřadnice,Obrázky,listing_hash,Poloha objektu,Počet podlaží v objektu,Užitná plocha,Plocha parcely,Druh objektu,Stav objektu,Doprava,Elektřina,Ostatní rozvody,Zastavěná plocha,Typ domu,Vybaveno,Energetická náročnost budovy,Dispozice,Číslo podlaží,Podlahová plocha,Vlastnictví,K nastěhování,Odpad,Plyn,Rok výstavby,Telekomunikace,Voda,Měrná vypočtená roční spotřeba energie v kWh/m²/rok,Garáž,Počet parkovacích míst,Občanská vybavenost,Rok rekonstrukce,Výtah,Charakter okolní zástavby,Umístění v chráněných lokalitách,Počet podlaží pod zemí,Plocha zahrady,Plocha kanceláří,Vybavení kanceláří,Bezbariérový byt
prodej-pozemku-21819-m2-hukvaldy,https://www.remax-czech.cz/reality/detail/409347/prodej-pozemku-21819-m2-hukvaldy,"Prodej pozemku 21819 m², Hukvaldy(ID 133-NP02377)","Nabízíme k prodeji atraktivní pozemek o rozloze 21 819 m², nacházející se v části obce Sklenov, v malebné obci Hukvaldy, okres Frýdek-Místek.Tyto pozemky se nachází z části v návrhové zastavitelné ploše SO (smíšené obytné), zčásti v plochách SN (smíšené nezastavěné, vzrostlé zeleně), zčásti MK (místní komunikace) a zbylá část pozemků v plochách Z (zemědělských).Díky platnému územnímu plánu je možné na pozemku vytvořit více stavebních parcel, což umožňuje realizaci výstavby rodinných domů, a tím nabídnout atraktivní možnosti pro budoucí obyvatele.Sjezd na předmětné parcely je dle mapových podkladů částečně vybudovaný.V dosahu se nacházejí sítě, což značně urychlí proces výstavby a sníží náklady na inženýrské sítě.Dále je k dispozici vypracovaný kompletní rozbor pozemku, který zahrnuje všechny důležité parametry a informace potřebné k efektivnímu využití pozemku.Pozemek se nachází v krásném okolí, které je obklopeno přírodou a malebnými místy. V nedaleké oblasti se nachází Hrad Hukvaldy, historická památka, která přitahuje návštěvníky a dodává této lokalitě jedinečný charakter. Je to také rodiště významného skladatele Leoše Janáčka, což přidává na kulturní hodnotě regionu. Navíc v blízkosti se nachází golfové hřiště, které přispívá ke kvalitnímu životnímu stylu a rekreačním aktivitám, a tímto činí tuto lokalitu atraktivní pro investory zaměřené na rezidenční výstavbu.Lokalita se pyšní výbornou dostupností. V okolí se nacházejí školy a školky, což je ideální pro rodiny s dětmi. Tímto způsobem můžete oslovit i široké spektrum potenciálních nájemníků či budoucích majitelů domů, což zajišťuje dlouhodobou návratnost investice.Tato nabízená nemovitost je tedy skvělou příležitostí pro všechny investory, kteří hledají pozemek s vysokým potenciálem a možností zhodnocení svých investic.Srdce obce Hukvaldy, jejíž přírodní krása a historické památky představují lákavou kombinaci pro život i rekreaci, dává této lokalitě jedinečné postavení na trhu.V případě zájmu o prohlídku nás neváhejte kontaktovat.","10 999 000
																		CZK/ za nemovitost",,Prodávající si vyhrazuje právo vybrat kupujícího na základě jím zvolených kritérií.,ID 133-NP02377,Pro bydlení,21 819 m²,Vodovod,Pozemky,Klidná část obce,"49°37'12.7""N,18°13'07.2""E",N/A,e8dcfd26c8ae2809ad35e2a61504ad2e3348bc8f3006acc1063f88945df0f265,,,,,,,,,,,,,,,,,,,,,,,,,,,,,,,,,,,,
prodej-chaty-chalupy-60-m2-besednice,https://www.remax-czech.cz/reality/detail/415401/prodej-chaty-chalupy-60-m2-besednice,"Prodej chaty / chalupy 60 m², Besednice(ID 111-NP08328)","Exkluzivně nabízíme prodej chaty v rekreační oblasti Malče. Chata se nachází v malebné lokalitě, v blízkosti tiché řeky Malše, v klidné chatové osadě pouze o deseti chatách. Chata stojí na vlastním pozemku o 661 m2, který tvoří prostorná zahrada se vzrostlými keři a přístupová cesta k řece. Dále k chatě náleží pozemek o 242 m2 se sdílenou příjezdovou cestou a vlastní kolnou na dřevo.Chata je v dobrém stavu, částečně zařízená a připravená k okamžitému nastěhování. Chata je dispozičně řešená jako 3+1 o dvou podlažích, kdy v 1. Np , které je zděné, se vstupuje do zádveří se schodištěm, do koupelny se sprchovým koutem a WC, obýváku s jídelním stolem, krbovými kamny, pohovkou. Dále se vstupuje do kuchyně vybavené kuchyňskou linkou s dřezem, elektrickým vařičem a mikrovlnnou troubou. V kuchyni se nachází i jídelní kout. Ve 2. Np - podkroví, které je dřevěné, se nachází dva pokoje. Jeden menší s možností přespání pro dvě osoby a menší úložnou komorou a dále jeden větší pokoj, s přespáním pro čtyři osoby a lodžií s výhledem do okolní lesnaté krajiny. Součástí chaty je i menší sklep na uskladnění potravin a venkovní technická místnost pro uskladnění nářadí a bojlerem pro ohřev vody.Chata je i přes vybavení již zánovním nábytkem zařízená vkusně a útulně, prosvětlená, uklizená a laděná do příjemné žluté barvy. Do chaty je přivedená užitková voda z vlastní studny, odpady jsou svedeny do vyvážecí jímky. Pitná voda se nachází ve společné studni, hned vedle zahrady. Chata je napojena na elektrickou síť a je vybavena satelitem.Lokalita je ideální svou dostupností, v dojezdové vzdálenosti od Českých Budějovic, Kaplice, Velešína, Českého Krumlova i Trhových Svinů. V blízkosti je několik turistických tras, vedoucích podél řeky Malše, vyhledávané turistické místo - zřícenina hradu Pořešín nebo rozhledna Slabošovka a Slepičí hory. Místo je ideální pro klidnou rekreaci u řeky pro rybáře, vodáky, rodiny s dětmi, vzhledem k blízkosti dětského tábora a je zde hned několik možností přírodního koupání.I přes blízkost řeky se chata nachází mimo záplavovou oblast.V případě zájmu o nemovitost volejte makléři zakázky či jeho asistentce na tel. čísle +420 775 349 858.","3 900 000
																		CZK/ za nemovitost",,Prodávající si vyhrazuje právo vybrat kupujícího na základě jím zvolených kritérií.,ID 111-NP08328,,60 m²,,Chaty a rekreační objekty,Okraj obce,"48°46'57.8""N,14°30'52.8""E",N/A,cb2e5d6ec5d2b55f4c8cab274a5cea02b7cebd35db59120575bbb50c6c8850d2,Samostatný,2,60 m²,954 m²,Cihlová,Dobrý,Silnice,230 V,Satelit,51 m²,Přízemní,Ano,G,,,,,,,,,,,,,,,,,,,,,,,
prodej-bytu-2-1-v-osobnim-vlastnictvi-83-m2-praha-10-hostivar,https://www.remax-czech.cz/reality/detail/415384/prodej-bytu-2-1-v-osobnim-vlastnictvi-83-m2-praha-10-hostivar,"Prodej bytu 2+1 v osobním vlastnictví 83 m², Praha 10 - Hostivař(ID 228-NP02297)","Bytová jednotka č. 23 s dispozicí 2+1 a velkorysou plochou 78,4 m² se nachází v 2. podlaží a je orientována na jih. Díky tomu je po celý den krásně prosvětlená a nabízí příjemný výhled do zeleně.K bytu náleží vlastní sklepní kóje o velikosti 4,7 m².Obyvatelé domu mohou využívat společnou zahradu, která nabízí jak zpevněnou část ideální pro posezení na slunci, tak nezpevněný prostor vhodný pro zahradničení. Milovníci přírody a čerstvých surovin zde mohou pěstovat vlastní zeleninu, bylinky nebo květiny.Dům, ve kterém se byt nachází, je dílem architekta Bohumila Hübsmanna a stojí na rohu ulic U Pekáren a Dolnoměcholupská. Již v roce 1919 zde pravděpodobně začalo fungovat legendární Bio Svět, které bylo součástí bohaté filmové historie této lokality. Filmové prostředí zde žije dodnes – v sousedství se nacházejí filmové ateliéry a moderní obchodní a zábavní centrum VIVO! Hostivař. Na dosah jsou tak nejen filmové zážitky, ale i skvělé restaurace, kavárny a široká nabídka obchodů.Hostivař spojuje výbornou dopravní dostupnost s klidem a blízkostí přírody. Nedaleký přírodní park Hostivař s Hostivařskou přehradou nabízí široké možnosti pro sport, procházky i odpočinek.Dopravní infrastruktura v této lokalitě je velmi dobře řešená. Vlak, autobus i tramvaj mají přímé spojení na stanice metra Depo Hostivař a Chodov. Jen pár minut chůze se nachází vlakové nádraží Praha-Hostivař, autobusová stanice U Továren a tramvajová zastávka Nádraží Hostivař. Snadný přístup k hlavním tahům zajišťuje Průmyslová ulice, která propojuje Hostivař s ostatními částmi Prahy.Tento byt nabízí jedinečné spojení historie, moderního bydlení a skvělé dostupnosti.Pro více informací a domluvení prohlídky mě neváhejte kontaktovat.","7 667 000
																		CZK/ za nemovitost",,Prodávající si vyhrazuje právo vybrat kupujícího na základě jím zvolených kritérií.,ID 228-NP02297,,,,Byty,,"50°03'19.7""N,14°32'21.8""E",N/A,3ed00acf9ec969d7c13c2f52acba720cb6fc9515e4919e69a981ff13d18098c0,,3,78 m²,,Smíšená,Před rekonstrukcí,"Vlak, Dálnice, Silnice, MHD, Autobus",230 V,"Kabelová televize, Kabelové rozvody",,,,D,2+1,1,83 m²,Osobní,1. 6. 2025,Kanalizace,Plynovod,1 945,"Telefon, Internet",Dálkový rozvod,145,,,,,,,,,,,,
prodej-domu-104-m2-kryry,https://www.remax-czech.cz/reality/detail/415387/prodej-domu-104-m2-kryry,"Prodej domu 104 m², Kryry(ID 024-NP07123)","Hledáte dům s potenciálem, který si přetvoříte přesně podle svých představ? Nabízíme Vám rodinný dům se zahradou v klidné části Kryr, v ulici Malá Strana. Dům je v osobním vlastnictví, bez zástavních či jiných věcných práv, a je připraven stát se základem pro Vaše nové bydlení.Nemovitost má dispozici 2+1 v přízemí a jednu obytnou místnost v podkroví, na kterou navazuje půdní prostor vhodný pro rozšíření obytné části domu. Součástí domu je také garáž a praktická pergola se vstupem přímo na zahradu. Součástí nabídky je pozemek o celkové výměře 500 m², který poskytuje dostatek soukromí i prostoru pro relaxaci nebo zahrádkaření.Stavba je napojena na obecní vodovod, elektřinu, plynovou přípojku a septik (kanalizace je případně v dosahu nemovitosti). Vytápění je řešeno ústředním topením na tuhá paliva a lokálními kamny.Dům je obyvatelný, avšak v původním stavu – ideální pro ty, kteří hledají nemovitost, kterou si mohou kompletně přizpůsobit. Představuje skvělou příležitost nejen pro trvalé bydlení, ale také jako víkendové útočiště nedaleko přírody.Město Kryry disponuje základní občanskou vybaveností včetně školky, školy, obchodů, pošty, lékaře a možností volnočasových aktivit. Dobrá dostupnost do Podbořan, Žatce či Loun činí tuto lokalitu praktickou i pro každodenní dojíždění.Pokud Vás nabídka zaujala, neváhejte nás kontaktovat pro více informací nebo osobní prohlídku. Rádi Vám dům představíme osobně.","2 490 000
																		CZK/ za nemovitost","Včetně provize realitní kanceláře, právního servisu a advokátní úschovy.",Prodávající si vyhrazuje právo vybrat kupujícího na základě jím zvolených kritérií.,ID 024-NP07123,,,,Domy a vily,Klidná část obce,"50°10'22.7""N,13°25'41.5""E",N/A,ab241addf97511e4f4f490c283a1f6622e42a4989f5ef7c9230d037981a7fc6e,Samostatný,1,104 m²,500 m²,Smíšená,Před rekonstrukcí,"Silnice, Autobus","230 V, 400 V",,108 m²,Přízemní,,G,,,,,,Septik,Plynovod,,"Telefon, Internet",Dálkový rozvod,,Ano,2,,,,,,,,,,
prodej-restaurace-2173-m2-praha-4-chodov,https://www.remax-czech.cz/reality/detail/415390/prodej-restaurace-2173-m2-praha-4-chodov,"Prodej restaurace 2173 m², Praha 4 - Chodov(ID 228-NP02299)","Restaurační prostory se zázemím o podlahové ploše 1218,4m², včetně vlastní zahrady 486,1 m² a terasy 468,7 m². Jedná se o dvoupodlažní budovu bývalé restaurace s původní dispozicí prodejních a skladových prostor. Součástí objektu je i kancelář, sociální zázemí, kuchyně atd. Prostory jsou vhodné ke komerčnímu využití ve stávajícím stavu.Praha 4, Chodov – Chodovec. To je adresa, kde budete mít dobrý pocit z bytí. Ruch města tady ustupuje přírodě a rodinné atmosféře místních podniků. Dálnice D1 a metro C však zaručuje bezproblémovou dopravu po celé Praze. Přímo u domu leží autobusová zastávka Knovízská, odkud se za 9 minut dostanete na metro C Chodov, vzdálené 15 minut metrem od Hlavního nádraží. 5 minut autem to zabere do nákupního centra Chodov, 300 obchodů z něho dělá největší nákupní centrum v Česku. Samozřejmostí jsou prvotřídní služby, stylové restaurace, kavárny nebo kino.Příroda v okolí Skyline nabývá podoby přírodního parku Botič, Hostivařského lesoparku nebo Sadů zahradnické mládeže. Voda se zhmotňuje do Košíkovských nádrží a Košíkovského potoka. Relaxační procházky či věnčení mazlíčků si tady můžete dopřávat do sytosti, stejně jako vodní sporty, na které zve Hostivařská přehrada nebo aquapark Jedenáctka Chodov. Leží nedaleko turistické trasy z Kateřinek přes Křeslice do Újezda, se začátkem u metra C Opatov. Okolní cyklotrasy vedou do přírody i do centra.","39 850 000
																		CZK/ za nemovitost",vč. provize RK a právního servisu,Prodávající si vyhrazuje právo vybrat kupujícího na základě jím zvolených kritérií.,ID 228-NP02299,,2 173 m²,,"Hotely, penziony a restaurace",,"50°02'30.5""N,14°29'56""E",N/A,5e357252f9d7a1978a76de9ec03c320543b4727250e2baf6ccaac08328f10619,,1,2 173 m²,,Panelová,Po rekonstrukci,"Dálnice, Silnice, MHD, Autobus",230 V,"Kabelová televize, Kabelové rozvody",,Přízemní,Ano,C,,,,,1. 6. 2025,Kanalizace,Plynovod,,"Telefon, Internet",Dálkový rozvod,154,,,"Škola, Školka, Zdravotnická zařízení, Pošta, Supermarket, Kompletní síť obchodů a služeb",2022,Ano,,,,,,,
prodej-domu-100-m2-kostelec-nad-vltavou,https://www.remax-czech.cz/reality/detail/415378/prodej-domu-100-m2-kostelec-nad-vltavou,"Prodej domu 100 m², Kostelec nad Vltavou(ID 261-NP01083)","Nabízím Vám ke koupi přízemní rodinný dům s velkým pozemkem, který se nachází na návsi vesnice Zahrádka, části obce Kostelec nad Vltavou v okrese Písek.Předností rodinného domu je rovinný, zcela oplocený pozemek o celkové ploše 1501 m2 a jeho zasazení do malebného prostředí Jižních Čech, jen kousek od Orlické přehrady. Zahrada domu je zatravněná, průběžně udržovaná a nachází se na ní stavba nízké hospodářské budovy s garáží.Rodinný dům o celkové zastavěné ploše 163 m2 byl dokončen v roce 1919 a historicky byl součástí klasické jihočeské usedlosti s hospodářstvím. V průběhu let došlo spolu s pozemkem k jeho oddělení na samostatný rodinný dům. Interiér domu je rozdělen na obytnou i užitnou část, je částečně podsklepen a má pochozí podkroví. V současné době je stavba určena ke kompletní rekonstrukci.Do domu je přivedena nová elektřina a je napojen na vodovod. Odpady jsou řešeny jímkou s nutností vlastní čistírny odpadních vod, na pozemku se nachází studna. Dům je pohodlně přístupný po obecní asfaltové komunikaci. Parkování možno ve dvoře i před domem.Obec Zahrádka je vyhlášena jako vesnická památková zóna, kterou můžete znát ze záběrů filmu Strakonický dudák. Nachází se v dojezdové vzdálenosti 1 km od Kostelce nad Vltavou, 6 km od Orlíku nad Vltavou, 11 km od Milevska a jen 12 km od nájezdu na dálnici D4 spojující Prahu a Písek. Lokalita domu tedy kloubí příjemné, klidné prostředí na bydlení či rekreaci s dostatečnou občanskou vybaveností v okolí a dobrým spojením s většími městy.Vřele doporučuji osobní prohlídku, při které Vám nemovitost ráda blíže představím.Financování Vám ráda pomohu zařídit přes RX Finance.","3 550 000
																		CZK/ za nemovitost",s financováním Vám rádi pomůžeme!,Prodávající si vyhrazuje právo vybrat kupujícího na základě jím zvolených kritérií.,ID 261-NP01083,,,,Domy a vily,Centrum obce,"49°29'34.6""N,14°13'37.2""E",N/A,1dfcfb4a29caf5132ced72e752a9dd0a28e32a80383a82481c94b6339692a225,Samostatný,1,100 m²,1 501 m²,Smíšená,Před rekonstrukcí,"Dálnice, Silnice, Autobus",230 V,,163 m²,Přízemní,,G,,,,,28. 5. 2025,Septik,,,,Dálkový rozvod,,Ano,4,,,,Obytná,Ochranné pásmo,,,,,
prodej-pozemku-8878-m2-raby,https://www.remax-czech.cz/reality/detail/415421/prodej-pozemku-8878-m2-raby,"Prodej pozemku 8878 m², Ráby(ID 020-NP10222)","Nabízíme exkluzivně rozsáhlý pozemek ve vynikající lokalitě Pardubicka, Ráby,  s velkým investičním potenciálem.Nemovitost se nachází v sousedství Hradu Kunětická hora,  jedinečná nabídka s nádherným romantickým výhledem.Dle platného územního plánu již nyní část pozemku určena k výstavbě rodinných domů, předpoklad rozšíření na celý pozemek v budoucnosti.K přivedení sítí vypracována studie, viz galerie.Přístup na parcelu v řešení přes pozemek státu - věcné břemeno.Pozemek se nachází v blízkosti obce, příjezdová komunikace asfaltová.Ojedinělá nabídka, makléř doporučuje.","1 000
																		CZK/ za m2",,Prodávající si vyhrazuje právo vybrat kupujícího na základě jím zvolených kritérií.,ID 020-NP10222,Pro bydlení,8 878 m²,Vodovod,Pozemky,Okraj obce,"50°04'18.8""N,15°48'36.1""E",N/A,b36c99ac99fb26f94e48d5f374ee2b42ee930358a786d731d97702d0d3edad15,,,,,,,,,,,,,,,,,,,,,,,,,,,,,,,,,,,,
prodej-pozemku-14099-m2-chlumcany,https://www.remax-czech.cz/reality/detail/415375/prodej-pozemku-14099-m2-chlumcany,"Prodej pozemku 14099 m², Chlumčany(ID 032-NP09183)",Nabízím k prodeji ornou půdu o výměře 14 099 m² v katastrálním území Chlumčany u Loun.Pozemek je veden v katastru nemovitostí jako orná půda a má velmi kvalitní půdní bonitu.Vhodné pro zemědělské využití i investici.Pro více informací mě neváhejte kontaktovat,"760 000
																		CZK/ za nemovitost","Včetně provize, právního a finančního servisu",Prodávající si vyhrazuje právo vybrat kupujícího na základě jím zvolených kritérií.,ID 032-NP09183,Zemědělská,14 099 m²,,Pozemky,,"50°19'51.1""N,13°50'19.2""E",N/A,624ce271440bfc176bd4b1784236e83182f3973e03197809a83cec6ab79c21eb,,,,,,,,,,,,,,,,,,,,,,,,,,,,,,,,,,,,
prodej-pozemku-614-m2-nezdenice,https://www.remax-czech.cz/reality/detail/415385/prodej-pozemku-614-m2-nezdenice,"Prodej pozemku 614 m², Nezdenice(ID 268-NP03058)","Exkluzivně nabízíme k prodeji hezký rovinatý pozemek (označen ""E"") o výměře 614 m² v obci Nezdenice.Pozemek má obdélníkový tvar a je ideální pro výstavbu rodinného domu. Velkou výhodou této nabídky je, že cena zahrnuje nejen samotný pozemek, ale také vybudování příjezdové cesty a připojení na elektřinu a kanalizaci. Pozemek se nachází v klidné lokalitě s dobrou dostupností a nabízí příjemné prostředí pro bydlení i rekreaci. Pokud hledáte místo pro svůj nový domov nebo zajímavou investici, neváhejte mě kontaktovat pro více informací.Nezdenice jsou obec v okrese Uherské Hradiště ve Zlínském kraji. Žije zde přes 700 obyvatel.Obec leží 8 km od Uherského Brodu, 19 km od Luhačovic.","1 350 800
																		CZK/ za nemovitost",Uvedená cena je konečná. Provizi RK platí prodávající,Prodávající si vyhrazuje právo vybrat kupujícího na základě jím zvolených kritérií.,ID 268-NP03058,Pro bydlení,614 m²,"Vodovod, Kanalizace, Elektřina",Pozemky,Klidná část obce,"49°00'50.7""N,17°45'14.8""E",N/A,c12084c9422cea5d0062de9977525a3d90ae9eed4d698b8cfafc7ff4e94b532d,,,,,,,,"230 V, 400 V",Kabelová televize,,,,,,,,,1. 7. 2025,Kanalizace,,,Internet,,,,,,,,,,,,,,
prodej-domu-117-m2-rocov,https://www.remax-czech.cz/reality/detail/415386/prodej-domu-117-m2-rocov,"Prodej domu 117 m², Ročov(ID 279-NP00734)","Na prodej venkovský dům, určený k rekonstrukci.Stávající dispozice je 2+1 s možností rozšíření o velkou půdu.Napojení na obecní vodovod a kanalizaci, plynová přípojka (plynový sporák a wafky).Rovinatý pozemek – v první části je dům s příslušenstvím a dvůr, v zadní části je rozlehlá zahrada se vzrostlými stromy (ořechy, broskev, bluma, švestka).Zastavěná plocha do L, jednu část tvoří obytná část domu a druhou nebytové prostory.Samostatná garáž.Vytápění plynovými WAW, v kuchyni jsou i kamna na tuhá paliva.Ohřev teplé vody v koupelně je nyní řešen tuhými palivy (tzv. lázeňská kamna, viz. foto).Dispozice domu:• přízemí: 2+1, komora (špajz), koupelna, WC, příslušenství (cca 59 m²)• podkroví: pochozí půda (cca 70 m², vč. schodů a dvou komínů), výška štítu je 4,5 m, nyní využívaná jako klasická neobytná půda• suterén: sklep (cca 13 m²)• prádelna a nebyt. prostory navazující na dům (cca 35 m²)• zděná garáž + kůlna u garáže (cca 15 m² + 7,5 m²)Dům byl postaven před zhruba 100 lety a doporučujeme kompletní rekonstrukci, díky které můžete získat daleko více obytného prostoru (např. na velké půdě vybudovat obytné podkroví, příp. rozšíření obytných místností do prostor stávajících nebytových částí domu, které na dům navazují).Dům je určen k rekonstrukci, je zpevňovaný, na štítu domu je viditelná prasklina.Zdivo domu je v kombinaci cihly s opukou.Elektřina 230V a 380V.Nedaleko od domu je česačka chmele, která je však v provozu pouze v době sklizně.Městys Ročov je příjemné místo, kde najdete klid a pohodu vesnice a zároveň Vám nabídne komfort města (mateřská škola, základní škola, pošta, knihovna, obvodní lékař, prodejna potravin, hostinec, čerpací stanice…).Cca 5 min. pěšky od domu je zastávka autobusu, který Vás doveze za 20 minut do Loun.Pro další podrobnosti a pro sjednání termínu prohlídky kontaktujte prosím makléřku nemovitosti.Průkaz energetické náročnosti nemáme k dispozici, proto uvádíme kategorii G.","2 250 000
																		CZK/ za nemovitost","Uvedená cena zahrnuje provizi a kompletní realitní a právní servis prodeje, zajištěný ze strany realitní kanceláře.",Prodávající si vyhrazuje právo vybrat kupujícího na základě jím zvolených kritérií.,ID 279-NP00734,,,,Domy a vily,Klidná část obce,"50°15'15.3""N,13°46'17.1""E",N/A,5087ec0d42b2a03adf7109f12c8cefd23eb2d38eb76e7702d7e250cfc5518b17,Řadový,1,117 m²,884 m²,Cihlová,Před rekonstrukcí,"Silnice, Autobus",230 V,,152 m²,Přízemní,,G,,,,,,Kanalizace,Plynovod,,,Dálkový rozvod,,Ano,2,"Škola, Školka, Zdravotnická zařízení, Pošta",,,Obytná,,,,,,
prodej-bytu-3-kk-v-osobnim-vlastnictvi-95-m2-praha-2-vysehrad,https://www.remax-czech.cz/reality/detail/415367/prodej-bytu-3-kk-v-osobnim-vlastnictvi-95-m2-praha-2-vysehrad,"Prodej bytu 3+kk v osobním vlastnictví 95 m², Praha 2 - Vyšehrad(ID 228-NP02295)","Hledáte prostorný byt s možností úpravy podle vlastních představ? Bytová jednotka č. 23 o dispozici 3+kk a podlahové ploše 87,5 m² se nachází ve 2. nadzemním podlaží zrekonstruovaného domu v Neklanově ulici. Byt je v původním stavu, což nabízí skvělou příležitost vytvořit si domov na míru. K bytu náleží také sklepní kóje o velikosti 4,7 m² umístěná v suterénu a lodžie o velikosti 2,3 m². Okna jsou orientována na jih a sever, díky čemuž byt poskytuje příjemné světlo i klid. Z ulice přichází typická městská atmosféra, zatímco vnitroblok zajišťuje ticho a soukromí.Dům prošel kompletní rekonstrukcí, která zahrnovala renovaci fasády, výmalbu společných prostor a výměnu všech páteřních rozvodů – elektřiny, vody i odpadu. Ve vnitrobloku byl nově vybudován moderní výtah, který zajišťuje pohodlný přístup do všech pater, včetně suterénu. Okna byla odborně repasována, dveře v celém domě, včetně bytových jednotek, jsou zcela nové. Společné prostory domu včetně chodeb, osvětlení, zvonků a poštovních schránek byly revitalizovány tak, aby odpovídaly současným standardům moderního bydlení. Výsledkem je čistý, světlý a voňavý dům, který poskytuje příjemné prostředí pro každodenní život.Bydlení v Neklanově ulici představuje jedinečnou kombinaci klidu a výborné dostupnosti. Lokalita v těsné blízkosti Vyšehradu a Náplavky nabízí bohaté možnosti pro relaxaci, sport i kulturní vyžití. Vyšehradské parky lákají k procházkám a výhledům na Prahu, zatímco Náplavka je oblíbeným místem pro posezení u Vltavy. V okolí najdete TJ Sokol Vyšehrad, Sauny Vltava nebo Plavecký stadion Podolí, které jsou snadno dostupné pěšky nebo tramvají.Dopravní dostupnost je vynikající – stanice metra Karlovo náměstí a tramvajová zastávka se nacházejí v těsné blízkosti domu. Díky blízkosti Barrandovského mostu a pražské Magistrály je lokalita perfektně napojena i pro automobilovou dopravu. Parkování je možné na modré zóně v okolí domu.Neklanova ulice se nachází v lokalitě s bohatou občanskou vybaveností. V blízkosti najdete mateřské, základní i střední školy, stejně jako širokou nabídku obchodů včetně Lidlu a Tesca v pěší vzdálenosti. Milovníci dobrého jídla a kávy ocení nespočet restaurací a kaváren v okolí.Bytová jednotka č. 23 je vhodná jak pro rodinné bydlení, tak i jako investiční příležitost. Díky své poloze a dispozici nabízí možnost přizpůsobit se různým potřebám budoucího majitele. Pokud hledáte nemovitost v atraktivní lokalitě, která vám umožní přizpůsobit si interiér podle vlastních představ, tento byt je skvělou volbou.Rád vám poskytnu veškeré informace a zajistím prohlídku tohoto jedinečného bytu. Neváhejte mě kontaktovat.","12 136 000
																		CZK/ za nemovitost",včetně provize a veškerého právního servisu,Prodávající si vyhrazuje právo vybrat kupujícího na základě jím zvolených kritérií.,ID 228-NP02295,,,,Byty,Centrum obce,"50°04'01.7""N,14°25'06.7""E",N/A,9a198da583c9d8995a7a5a2f20bf37fdeac91cd2dec31e05c97265cc85608408,,5,88 m²,,Cihlová,Po rekonstrukci,"Vlak, Silnice, MHD",230 V,"Kabelová televize, Kabelové rozvody, Ostatní rozvody",,,,C,3+kk,2,95 m²,Osobní,1. 1. 2025,Kanalizace,Plynovod,,"Telefon, Internet",Dálkový rozvod,,,,"Škola, Školka, Zdravotnická zařízení, Pošta, Supermarket, Kompletní síť obchodů a služeb",2024,Ano,Obytná,,1,,,,
prodej-chaty-chalupy-29-m2-besednice,https://www.remax-czech.cz/reality/detail/415400/prodej-chaty-chalupy-29-m2-besednice,"Prodej chaty / chalupy 29 m², Besednice(ID 111-NP08327)","Exkluzivně nabízíme prodej dřevěné chaty v rekreační oblasti Malče. Chata se nachází v malebné lokalitě, v blízkosti tiché řeky Malše, v klidné chatové osadě pouze o deseti chatách. Chata stojí na vlastním pozemku o 382 m2.Do chaty je zavedená elektřina, která je momentálně odpojená. V chatě je k dispozici WC s odpadem svedeným do vyvážecí jímky. Dále je k dispozici kuchyňská linka, umyvadlo, dvě lůžka, jídelní stůl. Vytápění je řešeno malými kamny na tuhá paliva.Chata je momentálně ve stavu vhodná k k nárazovému přespání u vody např. pro rybáře, nebo může být rekonstruována.Pozemek na malebném místě, vybízí i k výstavbě nového objektu.Lokalita je ideální svou dostupností, v dojezdové vzdálenosti od Českých Budějovic, Kaplice, Velešína, Českého Krumlova i Trhových Svinů. V blízkosti je několik turistických tras, vedoucích podél řeky Malše, vyhledávané turistické místo - zřícenina hradu Pořešín nebo rozhledna Slabošovka a Slepičí hory. Místo je ideální pro klidnou rekreaci u řeky pro rybáře, vodáky, rodiny s dětmi, vzhledem k blízkosti dětského tábora a je zde hned několik možností přírodního koupání.I přes blízkost řeky se chata nachází mimo záplavovou oblast.V případě zájmu o nemovitost volejte makléři zakázky či jeho asistentce na tel. čísle +420 775 349 858.","1 200 000
																		CZK/ za nemovitost",,Prodávající si vyhrazuje právo vybrat kupujícího na základě jím zvolených kritérií.,ID 111-NP08327,,29 m²,,Chaty a rekreační objekty,Okraj obce,"48°46'57.7""N,14°30'53.6""E",N/A,61a39aafa12cbfb052cb75da9927deaabf406edbd6ffe80f48900fcb267a053f,Samostatný,1,29 m²,411 m²,Dřevěná,Před rekonstrukcí,"Silnice, Autobus",230 V,,29 m²,Přízemní,Ano,G,,,,,28. 5. 2025,,,,,,,,,,,,Rekreační,,,,,,
prodej-bytu-2-kk-v-osobnim-vlastnictvi-47-m2-praha-4-chodov,https://www.remax-czech.cz/reality/detail/415418/prodej-bytu-2-kk-v-osobnim-vlastnictvi-47-m2-praha-4-chodov,"Prodej bytu 2+kk v osobním vlastnictví 47 m², Praha 4 - Chodov(ID 228-NP02301)","Ubytovací jednotka č. 106 má dispozici 2+kk a podlahovou plochu 46 m². Nachází se v 1. podlaží. Pěkné výhledy nabízí jak vyšší podlaží, tak i ta nižší. Kombinace tradičních a inovativních prvků dává vznik originálnímu bydlení, které ocení mladí i starší.Součástí jednotky je i sklepní kóje o velikosti 1,1 m². Další prostor skýtá pochozí střecha jako vyhlídková terasa a místo k odpočinku. Ubytovací jednotka ve standardu Fit out je dokončena pouze do finálních povrchů včetně sanity a obsahuje přípravné body pro kuchyni. S včasnou koupí získáte možnost vybrat si z několika dokončovacích standardů. Nábytek a vybavení interiéru jsou zcela v režii nového majitele. Kombinace tradičních a inovativních prvků dává vznik originálnímu bydlení, které ocení mladí i starší. Nesčetné příležitosti Skyline budou vyhovovat aktivním jednotlivcům i dvojicím. Koncept pro svou nadčasovost funguje také jako výhodná investice do budoucna.Perspektivou tu lze přímo žít, třeba díky perfektnímu výhledu z pochozí střechy Skyline. Nechybí ani plně vybavená posilovna nebo yogapoint, místnost, kde se dá cvičit jóga nebo cokoliv jiného. Party room tady láká na stolní fotbálek s velkoplošnou televizí, kde se dá sledovat třeba fotbalové utkání. Lounge naproti recepci, která se stará o pohodlí obyvatel, zase umožňuje naživo pozorovat tenisová klání.K aktivitě lokalita Skyline přímo vybízí, třeba k cyklovýletům. Okolní cyklotrasy vedou do přírody i do centra. Kolárna s možností mytí kol tak jistě přijde vhod. Hodit se bude i praktická kočárkárna, stejně jako prádelna a sušárna. Venku je toho ještě víc, mj. ohniště a venkovní odpočinkové zázemí s možností grilování, další sdílený prostor pro budování komunity.Praha 4, Chodov – Chodovec. To je adresa, kde budete mít dobrý pocit z bytí. Ruch města tady ustupuje přírodě a rodinné atmosféře místních podniků. Dálnice D1 a metro C však zaručuje bezproblémovou dopravu po celé Praze. Přímo u domu leží autobusová zastávka Knovízská, odkud se za 9 minut dostanete na metro C Chodov, vzdálené 15 minut metrem od Hlavního nádraží. 5 minut autem to zabere do nákupního centra Chodov, 300 obchodů z něho dělá největší nákupní centrum v Česku. Samozřejmostí jsou prvotřídní služby, stylové restaurace, kavárny nebo kino.Příroda v okolí Skyline nabývá podoby přírodního parku Botič, Hostivařského lesoparku nebo Sadů zahradnické mládeže. Voda se zhmotňuje do Košíkovských nádrží a Košíkovského potoka. Relaxační procházky či věnčení mazlíčků si tady můžete dopřávat do sytosti, stejně jako vodní sporty, na které zve Hostivařská přehrada nebo aquapark Jedenáctka Chodov. Leží nedaleko turistické trasy z Kateřinek přes Křeslice do Újezda, se začátkem u metra C Opatov.Více informací naleznete na webu projektu - www.filipvorlicek.cz/skyline-chodov.","5 772 000
																		CZK/ za nemovitost",vč. provize RK a právního servisu,Prodávající si vyhrazuje právo vybrat kupujícího na základě jím zvolených kritérií.,ID 228-NP02301,,,,Byty,Klidná část obce,"50°02'30.5""N,14°29'56""E",N/A,4d0c2962c46d3a9273e6735351ce38ed284229532581e6d6bb1bb828a8b99c78,,8,46 m²,,Panelová,Po rekonstrukci,"Dálnice, Silnice, MHD, Autobus",230 V,"Kabelová televize, Kabelové rozvody",,,,C,2+kk,1,47 m²,Osobní,1. 6. 2025,Kanalizace,Plynovod,,"Telefon, Internet",Dálkový rozvod,154,,,"Škola, Školka, Zdravotnická zařízení, Pošta, Supermarket, Kompletní síť obchodů a služeb",2022,Ano,,,,,,,
prodej-bytu-1-1-v-osobnim-vlastnictvi-43-m2-praha-1-nove-mesto,https://www.remax-czech.cz/reality/detail/415394/prodej-bytu-1-1-v-osobnim-vlastnictvi-43-m2-praha-1-nove-mesto,"Prodej bytu 1+1 v osobním vlastnictví 43 m², Praha 1 - Nové Město(ID 205-NP11539)","Byt 1+1 před rekonstrukcí o ploše 43,1 m2 v 1. NP pěti podlažního domu v cihlovém domě ve velmi žádané lokalitě Prahy 1.Bydlení v ulici Pštrossova znamená život v samém srdci historické Prahy, doslova pár kroků od Národní třídy, Vltavy a kultovního Národního divadla. Tato klidná jednosměrná ulice si uchovává svůj rezidenční charakter, i když je obklopena vším, co centrum metropole nabízí.Tato nemovitost může být bezpečnou investiční příležitostí s dlouhodobě stabilním výnosem nebo prestižním bydlením v oblíbené části Nového Města. Byt nabízí obývací prostor s kuchyní, ložnici, koupelnu, WC a vstupní chodbu.Výměry místností: obývací pokoj s kuchyní 19,6 m2, pokoj 15,8 m2, předsíň 3,2 m2, WC 1 m2, koupelna 3,5 m2.V bezprostředním okolí se nachází veškerá občanská vybavenost, oblíbené kavárny a stylové podniky s nezaměnitelnou atmosférou – například legendární Café Louvre nebo podniky na náplavce. Pár kroků od domu se rozprostírá Národní třída s přímým napojením na metro a tramvajové linky, což zajišťuje vynikající dopravní dostupnost. Na dosah jsou také kulturní instituce jako Národní divadlo, Nová scéna či galerie Mánes.Milovníci aktivního odpočinku ocení blízkost Vltavy a pražské náplavky, která láká k procházkám, sportu i posezení u vody. V okolí najdete také butiky, knihkupectví, školy i zdravotní péči, což činí tuto lokalitu ideální nejen pro život, ale i jako investici.Osobní vlastnictví, lze financovat hypotékou. Ukazatel energetické náročnosti: G* (PENB není k dispozici. Pokud bude dodán, bude údaj aktualizován).","8 500 000
																		CZK/ za nemovitost",,Prodávající si vyhrazuje právo vybrat kupujícího na základě jím zvolených kritérií.,ID 205-NP11539,,,,Byty,Centrum obce,"50°04'40.5""N,14°24'56.5""E",N/A,68b60a7783d47d009229e13e3a5b452772a69ef2ad275a4ae1a63975c4098693,,5,43 m²,,Cihlová,Před rekonstrukcí,,,,,,,G,1+1,1,43 m²,Osobní,,Kanalizace,Plynovod,,,,,,,,,,Obchodní a obytná,,,,,,
prodej-garaze-20-m2-as,https://www.remax-czech.cz/reality/detail/415383/prodej-garaze-20-m2-as,"Prodej garáže 20 m², Aš(ID 251-NP00893)","Ve výhradním zastoupení majitele nabízíme k prodeji řadovou garáž, která je připojena na elektřinu. Technický stav je perfektní. Garáž se nachází na ulici Mydlářská v Aši. Najít garáž v této lokalitě je takřka nemožné.Více informací po telefonu.","459 999
																		CZK/ za nemovitost",,Prodávající si vyhrazuje právo vybrat kupujícího na základě jím zvolených kritérií.,ID 251-NP00893,,20 m²,,"Malé objekty, garáže",,"50°12'43.3""N,12°11'48.6""E",N/A,9647b3e640a21f61bef3dfdd716c94900f5b124036f5f5bb5f15a4164b563020,,,20 m²,,Cihlová,Velmi dobrý,"Vlak, Silnice, Autobus",,,20 m²,Přízemní,,,,,,,28. 5. 2025,,,,,,,,,,,,,,,,,,
prodej-bytu-3-1-v-osobnim-vlastnictvi-97-m2-praha-10-hostivar,https://www.remax-czech.cz/reality/detail/415388/prodej-bytu-3-1-v-osobnim-vlastnictvi-97-m2-praha-10-hostivar,"Prodej bytu 3+1 v osobním vlastnictví 97 m², Praha 10 - Hostivař(ID 228-NP02298)","Bytová jednotka č. 25 s dispozicí 3+1 a velkorysou plochou 81,9 m² se nachází v 2. podlaží a je orientována na jih. Díky tomu je po celý den krásně prosvětlená a nabízí příjemný výhled do zeleně.K bytu náleží sklepní kóje o velikosti 2,5 m² a vlastní parkovací stání o velikosti 12,5 m².Obyvatelé domu mohou využívat společnou zahradu, která nabízí jak zpevněnou část ideální pro posezení na slunci, tak nezpevněný prostor vhodný pro zahradničení. Milovníci přírody a čerstvých surovin zde mohou pěstovat vlastní zeleninu, bylinky nebo květiny.Dům, ve kterém se byt nachází, je dílem architekta Bohumila Hübsmanna a stojí na rohu ulic U Pekáren a Dolnoměcholupská. Již v roce 1919 zde pravděpodobně začalo fungovat legendární Bio Svět, které bylo součástí bohaté filmové historie této lokality. Filmové prostředí zde žije dodnes – v sousedství se nacházejí filmové ateliéry a moderní obchodní a zábavní centrum VIVO! Hostivař. Na dosah jsou tak nejen filmové zážitky, ale i skvělé restaurace, kavárny a široká nabídka obchodů.Hostivař spojuje výbornou dopravní dostupnost s klidem a blízkostí přírody. Nedaleký přírodní park Hostivař s Hostivařskou přehradou nabízí široké možnosti pro sport, procházky i odpočinek.Dopravní infrastruktura v této lokalitě je velmi dobře řešená. Vlak, autobus i tramvaj mají přímé spojení na stanice metra Depo Hostivař a Chodov. Jen pár minut chůze se nachází vlakové nádraží Praha-Hostivař, autobusová stanice U Továren a tramvajová zastávka Nádraží Hostivař. Snadný přístup k hlavním tahům zajišťuje Průmyslová ulice, která propojuje Hostivař s ostatními částmi Prahy.Tento byt nabízí jedinečné spojení historie, moderního bydlení a skvělé dostupnosti.Pro více informací a domluvení prohlídky mě neváhejte kontaktovat.","8 172 000
																		CZK/ za nemovitost",,Prodávající si vyhrazuje právo vybrat kupujícího na základě jím zvolených kritérií.,ID 228-NP02298,,,,Byty,,"50°03'19.7""N,14°32'21.8""E",N/A,aa2df3c6dd0c26968b9434afbc25b819474849755afa58998dbd3fe015df8ae5,,3,82 m²,,Smíšená,Před rekonstrukcí,"Vlak, Dálnice, Silnice, MHD, Autobus",230 V,"Kabelová televize, Kabelové rozvody",,,,D,3+1,1,97 m²,Osobní,1. 6. 2025,Kanalizace,Plynovod,1 945,"Telefon, Internet",Dálkový rozvod,145,,1,,,,,,,,,,
prodej-bytu-3-kk-v-osobnim-vlastnictvi-92-m2-praha-2-vysehrad,https://www.remax-czech.cz/reality/detail/415372/prodej-bytu-3-kk-v-osobnim-vlastnictvi-92-m2-praha-2-vysehrad,"Prodej bytu 3+kk v osobním vlastnictví 92 m², Praha 2 - Vyšehrad(ID 228-NP02294)","Hledáte prostorný byt s možností úpravy podle vlastních představ? Bytová jednotka č. 33 o dispozici 2+kk a podlahové ploše 90,3 m² se nachází ve 4. nadzemním podlaží zrekonstruovaného domu v Neklanově ulici. Byt je v původním stavu, což nabízí skvělou příležitost vytvořit si domov na míru. K bytu náleží také sklepní kóje o velikosti 5,3 m² umístěná v suterénu a lodžie o velikosti 2,3 m². Okna jsou orientována na jih a sever, díky čemuž byt poskytuje příjemné světlo i klid. Z ulice přichází typická městská atmosféra, zatímco vnitroblok zajišťuje ticho a soukromí.Dům prošel kompletní rekonstrukcí, která zahrnovala renovaci fasády, výmalbu společných prostor a výměnu všech páteřních rozvodů – elektřiny, vody i odpadu. Ve vnitrobloku byl nově vybudován moderní výtah, který zajišťuje pohodlný přístup do všech pater, včetně suterénu. Okna byla odborně repasována, dveře v celém domě, včetně bytových jednotek, jsou zcela nové. Společné prostory domu včetně chodeb, osvětlení, zvonků a poštovních schránek byly revitalizovány tak, aby odpovídaly současným standardům moderního bydlení. Výsledkem je čistý, světlý a voňavý dům, který poskytuje příjemné prostředí pro každodenní život.Bydlení v Neklanově ulici představuje jedinečnou kombinaci klidu a výborné dostupnosti. Lokalita v těsné blízkosti Vyšehradu a Náplavky nabízí bohaté možnosti pro relaxaci, sport i kulturní vyžití. Vyšehradské parky lákají k procházkám a výhledům na Prahu, zatímco Náplavka je oblíbeným místem pro posezení u Vltavy. V okolí najdete TJ Sokol Vyšehrad, Sauny Vltava nebo Plavecký stadion Podolí, které jsou snadno dostupné pěšky nebo tramvají.Dopravní dostupnost je vynikající – stanice metra Karlovo náměstí a tramvajová zastávka se nacházejí v těsné blízkosti domu. Díky blízkosti Barrandovského mostu a pražské Magistrály je lokalita perfektně napojena i pro automobilovou dopravu. Parkování je možné na modré zóně v okolí domu.Neklanova ulice se nachází v lokalitě s bohatou občanskou vybaveností. V blízkosti najdete mateřské, základní i střední školy, stejně jako širokou nabídku obchodů včetně Lidlu a Tesca v pěší vzdálenosti. Milovníci dobrého jídla a kávy ocení nespočet restaurací a kaváren v okolí.Bytová jednotka č. 43 je vhodná jak pro rodinné bydlení, tak i jako investiční příležitost. Díky své poloze a dispozici nabízí možnost přizpůsobit se různým potřebám budoucího majitele. Pokud hledáte nemovitost v atraktivní lokalitě, která vám umožní přizpůsobit si interiér podle vlastních představ, tento byt je skvělou volbou.Rád vám poskytnu veškeré informace a zajistím prohlídku tohoto jedinečného bytu. Neváhejte mě kontaktovat.","13 113 000
																		CZK/ za nemovitost",včetně provize a veškerého právního servisu,Prodávající si vyhrazuje právo vybrat kupujícího na základě jím zvolených kritérií.,ID 228-NP02294,,,,Byty,Centrum obce,"50°04'01.7""N,14°25'06.7""E",N/A,b6162ecfcac665a7e529ed896e581fce48e769d92df339ec249339f6ee1a61ac,,5,90 m²,,Cihlová,Před rekonstrukcí,"Vlak, Silnice, MHD",230 V,"Kabelová televize, Kabelové rozvody, Ostatní rozvody",,,,C,3+kk,3,92 m²,Osobní,1. 6. 2025,Kanalizace,Plynovod,,"Telefon, Internet",Dálkový rozvod,,,,"Škola, Školka, Zdravotnická zařízení, Pošta, Supermarket, Kompletní síť obchodů a služeb",2024,Ano,Obytná,,1,,,,
prodej-domu-372-m2-buzice,https://www.remax-czech.cz/reality/detail/415395/prodej-domu-372-m2-buzice,"Prodej domu 372 m², Buzice(ID 202-NP02973)","Exkluzivně nabízím k prodeji venkovskou usedlost s obytným stavením na něj navazují maštalí, samostatnou stodolou a čtyřgaráží s přístřeškem. Jde o udržovanou moderně zrekonstruovanou venkovskou usedlost ve velmi dobrém stavu.Dům byl postaven přibližně před 160 lety, v letech 1998-2000 prošel zásadní kompletní rekonstrukcí včetně zbudování obytného podkroví. Dispozice přízemí zahrnuje vstupní halu se schodištěm, vlevo obytnou místnost s kuchyňským koutem, do zahrady přistavenou pracovnu s krytou terasou, v centrální části prádelnu, technickou místnost, sociální zařízení, vlevo sedlovnu a na ní navazující stáje-propojení s maštalí. V podkroví je hala u schodiště, vlevo ložnice s vlastním sociální zařízením, vpravo ložnice s vlastním sociálním zařízením a za ní víceúčelová podkrovní místnost.Topení je ústřední napojené na tepelné čerpadlo, ohřev vody solárními kolektory s bojlerem, v obytné místnosti v přízemí je krb.Přijďte se podívat na Vaši novou opravdu zajímavou příležitost.","11 700 000
																		CZK/ za nemovitost",,Prodávající si vyhrazuje právo vybrat kupujícího na základě jím zvolených kritérií.,ID 202-NP02973,,,,Domy a vily,Klidná část obce,"49°25'22.8""N,13°55'43.9""E",N/A,d8819247c539c5847a597f1167c40b547722223cb22c7c3cfd4e9c8b7d307a95,Samostatný,2,372 m²,5 995 m²,Cihlová,Velmi dobrý,,,,363 m²,Přízemní,,G,,,,,,,,,,,,,,,,,,,,,,,
prodej-pozemku-610-m2-nezdenice,https://www.remax-czech.cz/reality/detail/415377/prodej-pozemku-610-m2-nezdenice,"Prodej pozemku 610 m², Nezdenice(ID 268-NP03057)","Exkluzivně nabízíme k prodeji hezký rovinatý pozemek (označen ""F"") o výměře 610 m² v obci Nezdenice.Pozemek má obdélníkový tvar a je ideální pro výstavbu rodinného domu. Velkou výhodou této nabídky je, že cena zahrnuje nejen samotný pozemek, ale také vybudování příjezdové cesty a připojení na elektřinu a kanalizaci. Pozemek se nachází v klidné lokalitě s dobrou dostupností a nabízí příjemné prostředí pro bydlení i rekreaci. Pokud hledáte místo pro svůj nový domov nebo zajímavou investici, neváhejte mě kontaktovat pro více informací.Nezdenice jsou obec v okrese Uherské Hradiště ve Zlínském kraji. Žije zde přes 700 obyvatel.Obec leží 8 km od Uherského Brodu, 19 km od Luhačovic.","1 342 000
																		CZK/ za nemovitost",Uvedená cena je konečná. Provizi RK platí prodávající,Prodávající si vyhrazuje právo vybrat kupujícího na základě jím zvolených kritérií.,ID 268-NP03057,Pro bydlení,610 m²,"Vodovod, Kanalizace, Elektřina",Pozemky,Klidná část obce,"49°00'50.7""N,17°45'14.8""E",N/A,d6a410c5960f1a3a10e2ab3a29e5dfd4891de5404d65b2e06f259d763e923cf0,,,,,,,,"230 V, 400 V",Kabelová televize,,,,,,,,,,Kanalizace,,,Internet,,,,,,,,,,,,,,
prodej-bytu-2-kk-v-osobnim-vlastnictvi-71-m2-praha-2-vysehrad,https://www.remax-czech.cz/reality/detail/415368/prodej-bytu-2-kk-v-osobnim-vlastnictvi-71-m2-praha-2-vysehrad,"Prodej bytu 2+kk v osobním vlastnictví 71 m², Praha 2 - Vyšehrad(ID 228-NP02293)","Hledáte prostorný byt s možností úpravy podle vlastních představ? Bytová jednotka č. 43 o dispozici 2+kk a podlahové ploše 65,1 m² se nachází ve 4. nadzemním podlaží zrekonstruovaného domu v Neklanově ulici. Byt je v původním stavu, což nabízí skvělou příležitost vytvořit si domov na míru. K bytu náleží také sklepní kóje o velikosti 3,1 m² umístěná v suterénu a lodžie o velikosti 2,3 m². Okna jsou orientována na jih a sever, díky čemuž byt poskytuje příjemné světlo i klid. Z ulice přichází typická městská atmosféra, zatímco vnitroblok zajišťuje ticho a soukromí.Dům prošel kompletní rekonstrukcí, která zahrnovala renovaci fasády, výmalbu společných prostor a výměnu všech páteřních rozvodů – elektřiny, vody i odpadu. Ve vnitrobloku byl nově vybudován moderní výtah, který zajišťuje pohodlný přístup do všech pater, včetně suterénu. Okna byla odborně repasována, dveře v celém domě, včetně bytových jednotek, jsou zcela nové. Společné prostory domu včetně chodeb, osvětlení, zvonků a poštovních schránek byly revitalizovány tak, aby odpovídaly současným standardům moderního bydlení. Výsledkem je čistý, světlý a voňavý dům, který poskytuje příjemné prostředí pro každodenní život.Bydlení v Neklanově ulici představuje jedinečnou kombinaci klidu a výborné dostupnosti. Lokalita v těsné blízkosti Vyšehradu a Náplavky nabízí bohaté možnosti pro relaxaci, sport i kulturní vyžití. Vyšehradské parky lákají k procházkám a výhledům na Prahu, zatímco Náplavka je oblíbeným místem pro posezení u Vltavy. V okolí najdete TJ Sokol Vyšehrad, Sauny Vltava nebo Plavecký stadion Podolí, které jsou snadno dostupné pěšky nebo tramvají.Dopravní dostupnost je vynikající – stanice metra Karlovo náměstí a tramvajová zastávka se nacházejí v těsné blízkosti domu. Díky blízkosti Barrandovského mostu a pražské Magistrály je lokalita perfektně napojena i pro automobilovou dopravu. Parkování je možné na modré zóně v okolí domu.Neklanova ulice se nachází v lokalitě s bohatou občanskou vybaveností. V blízkosti najdete mateřské, základní i střední školy, stejně jako širokou nabídku obchodů včetně Lidlu a Tesca v pěší vzdálenosti. Milovníci dobrého jídla a kávy ocení nespočet restaurací a kaváren v okolí.Bytová jednotka č. 43 je vhodná jak pro rodinné bydlení, tak i jako investiční příležitost. Díky své poloze a dispozici nabízí možnost přizpůsobit se různým potřebám budoucího majitele. Pokud hledáte nemovitost v atraktivní lokalitě, která vám umožní přizpůsobit si interiér podle vlastních představ, tento byt je skvělou volbou.Rád vám poskytnu veškeré informace a zajistím prohlídku tohoto jedinečného bytu. Neváhejte mě kontaktovat.","9 595 000
																		CZK/ za nemovitost",včetně provize a veškerého právního servisu,Prodávající si vyhrazuje právo vybrat kupujícího na základě jím zvolených kritérií.,ID 228-NP02293,,,,Byty,Centrum obce,"50°04'01.7""N,14°25'06.7""E",N/A,c07050909bcc9abbd48b13b6549195ac175d1c0d171f9c8d6626e2dac03fdf4d,,5,65 m²,,Cihlová,Před rekonstrukcí,"Vlak, Silnice, MHD",230 V,"Kabelová televize, Kabelové rozvody, Ostatní rozvody",,,,C,2+kk,4,71 m²,Osobní,1. 6. 2025,Kanalizace,Plynovod,,"Telefon, Internet",Dálkový rozvod,,,,"Škola, Školka, Zdravotnická zařízení, Pošta, Supermarket, Kompletní síť obchodů a služeb",2024,Ano,Obytná,,1,,,,
prodej-bytu-3-kk-v-osobnim-vlastnictvi-118-m2-praha-3-vinohrady,https://www.remax-czech.cz/reality/detail/415381/prodej-bytu-3-kk-v-osobnim-vlastnictvi-118-m2-praha-3-vinohrady,"Prodej bytu 3+kk v osobním vlastnictví 118 m², Praha 3 - Vinohrady(ID 228-NP02296)","Nabízím k prodeji moderní byt 3+kk o celkové ploše 117,9 m², zahrnující podlahovou plochu 115,1 m² a sklepní kóji o velikosti 2,8 m². Byt se nachází ve 4. podlaží kompletně zrekonstruovaného secesního domu.Dům prošel citlivou rekonstrukcí s důrazem na zachování původních prvků a použití ušlechtilých přírodních materiálů, jako je dřevo, mramor, kartáčovaný bronz a sklo. Součástí vybavení jsou recepce, sauna, nový výtah a krásně upravený vnitroblok se zahradou. Celý objekt je vybaven novými špaletovými okny, bezpečnostními vchodovými dveřmi, elektronickými zvonky a zrenovovaným schodištěm.Byt je ve stavu FIT OUT, což zahrnuje nové parkety, omítky, interiérové i vchodové dveře a kompletní nové rozvody. Severní orientace poskytuje klidné výhledy do okolní zeleně.Prestižní lokalita Vinohrad zaujme vynikající dostupností (4 minuty pěší chůze na metro Flora nebo Želivského, zastávky tramvají v blízkosti domu) a kompletní občanskou vybaveností. Okolí nabízí stylové kavárny, restaurace, obchůdky i oblíbené farmářské trhy na náměstí Jiřího z Poděbrad. V blízkosti se nachází Riegrovy sady, park Grébovka, obchodní centrum Atrium Flora s kinem IMAX nebo například tenisové kurty Parukářka.Pro více informací a sjednání prohlídky mě neváhejte kontaktovat.","22 431 000
																		CZK/ za nemovitost",včetně právního servisu a provize RK,Prodávající si vyhrazuje právo vybrat kupujícího na základě jím zvolených kritérií.,ID 228-NP02296,,,,Byty,Klidná část obce,"50°04'40.2""N,14°27'55.2""E",N/A,fdb4829bacb1fa84ba4e288dab8ec0061462bb37caa7995f3e3e4b3be050b24b,,7,115 m²,,Cihlová,Po rekonstrukci,"Vlak, Dálnice, Silnice, MHD, Autobus",230 V,"Satelit, Kabelová televize, Kabelové rozvody, Ostatní rozvody",,,,C,3+kk,4,118 m²,Osobní,31. 3. 2025,Kanalizace,Plynovod,,"Telefon, Internet",Dálkový rozvod,,,,,2024,Ano,Obytná,,1,,,,
prodej-bytu-2-1-v-osobnim-vlastnictvi-54-m2-kladno,https://www.remax-czech.cz/reality/detail/415374/prodej-bytu-2-1-v-osobnim-vlastnictvi-54-m2-kladno,"Prodej bytu 2+1 v osobním vlastnictví 54 m², Kladno(ID 254-NP00788)","Exkluzivně nabízím k prodeji vybavený byt 2+1 s balkonem v kladenském Rozdělově v Petrohradské ulici.Byt se nachází ve 3. patře zatepleného cihlového domu. Obývací pokoj s balkonem a ložnice jsou orientovány jižním směrem, kuchyně a koupelna s WC jsou orientovány na sever. K bytu náleží 2 zděné sklepy. Celková plocha bytu včetně balkonu a sklepů je 54 m2.Byt je ve velmi dobrém stavu. Součástí bytu je nová kuchyňská linka, která je vybavena plynovým sporákem s elektrickou troubou a myčkou. V obytných místnostech a kuchyni s jídelnou je plovoucí podlaha, v koupelně a na chodbě je dlažba. Koupelna je po rekonstrukci, je zde prostorný sprchový kout, umyvadlo WC, a vlastní boiler. V koupelně je podlahové elektrické vytápění. Bytový dům má nové zvětšené balkony, na kterých je dostatek prostoru pro posezení. Na oknech v kuchyni, obývacím pokoji a ložnici jsou namontované elektrické rolety, které zvyšují komfort celého bytu. Byt se prodává včetně většiny vybavení, bude upřesněno po dohodě.Bytový dům se nachází v části Kladno – Rozdělov. Parkování je možné v těsné blízkosti domu. V okolí domu je kompletní občanská vybavenost, škola, školka, obchody, nemocnice, pošta. Naleznete zde také dětská hřiště, oblíbené koupaliště, aquapark na Sletišti a jiná sportovní zařízení. V blízkosti domu je autobusová zastávka a vlaková stanice s nově vybudovanou rychlodráhou končící ve stanici Praha Dejvice. Po dálnici D7 se automobilem do Prahy dostanete do 20 min. Lokalita nabízí dostatek zeleně, v nedalekém lesoparku si přijdou na své také milovníci cyklistiky, in-line bruslení či turistiky.Domluvte si prohlídku ještě dnes, rád Vás osobně provedu.S financováním Vám pomůže náš hypoteční specialista.","4 990 000
																		CZK/ za nemovitost",,Prodávající si vyhrazuje právo vybrat kupujícího na základě jím zvolených kritérií.,ID 254-NP00788,,,,Byty,Klidná část obce,"50°08'22.4""N,14°04'45.4""E",N/A,041e729867276c908f28898d4a80b526abd78ab7cf1bf6c14472afd1f16a84da,,4,49 m²,,Smíšená,Velmi dobrý,,230 V,,686 m²,,Ano,C,2+1,3,54 m²,Osobní,,Kanalizace,Plynovod,,,Dálkový rozvod,106,,,,,,,,,,,,
prodej-pozemku-1030-m2-nezdenice,https://www.remax-czech.cz/reality/detail/415409/prodej-pozemku-1030-m2-nezdenice,"Prodej pozemku 1030 m², Nezdenice(ID 268-NP03061)","Exkluzivně nabízíme k prodeji hezký rovinatý pozemek (označen ""C"") o výměře 1030 m² v obci Nezdenice.Pozemek má obdélníkový tvar a je ideální pro výstavbu rodinného domu. Velkou výhodou této nabídky je, že cena zahrnuje nejen samotný pozemek, ale také vybudování příjezdové cesty a připojení na elektřinu a kanalizaci. Pozemek se nachází v klidné lokalitě s dobrou dostupností a nabízí příjemné prostředí pro bydlení i rekreaci. Pokud hledáte místo pro svůj nový domov nebo zajímavou investici, neváhejte mě kontaktovat pro více informací.Nezdenice jsou obec v okrese Uherské Hradiště ve Zlínském kraji. Žije zde přes 700 obyvatel.Obec leží 8 km od Uherského Brodu, 19 km od Luhačovic.","2 060 000
																		CZK/ za nemovitost",Uvedená cena je konečná. Provizi RK platí prodávající,Prodávající si vyhrazuje právo vybrat kupujícího na základě jím zvolených kritérií.,ID 268-NP03061,Pro bydlení,1 030 m²,"Vodovod, Kanalizace, Elektřina",Pozemky,Klidná část obce,,N/A,f0849902d47a232e79a5f8cf01a15ef75412f6991001d4669913e614f5e64c5d,,,,,,,,"230 V, 400 V",Kabelová televize,,,,,,,,,1. 7. 2025,Kanalizace,,,Internet,,,,,,,,,,,,,,
prodej-pozemku-1277-m2-nezdenice,https://www.remax-czech.cz/reality/detail/415408/prodej-pozemku-1277-m2-nezdenice,"Prodej pozemku 1277 m², Nezdenice(ID 268-NP03060)","Exkluzivně nabízíme k prodeji hezký rovinatý pozemek (označen ""D"") o výměře 1277 m² v obci Nezdenice.Pozemek má obdélníkový tvar a je ideální pro výstavbu rodinného domu. Velkou výhodou této nabídky je, že cena zahrnuje nejen samotný pozemek, ale také vybudování příjezdové cesty a připojení na elektřinu a kanalizaci. Pozemek se nachází v klidné lokalitě s dobrou dostupností a nabízí příjemné prostředí pro bydlení i rekreaci. Pokud hledáte místo pro svůj nový domov nebo zajímavou investici, neváhejte mě kontaktovat pro více informací.Nezdenice jsou obec v okrese Uherské Hradiště ve Zlínském kraji. Žije zde přes 700 obyvatel.Obec leží 8 km od Uherského Brodu, 19 km od Luhačovic.","2 554 000
																		CZK/ za nemovitost",Uvedená cena je konečná. Provizi RK platí prodávající,Prodávající si vyhrazuje právo vybrat kupujícího na základě jím zvolených kritérií.,ID 268-NP03060,Pro bydlení,1 277 m²,"Vodovod, Kanalizace, Elektřina",Pozemky,Klidná část obce,,N/A,dce5b1c3ec861a6507e8b7735e348c0024408e1c3a287ff0fa1b0d4e1e3dabe9,,,,,,,,"230 V, 400 V",Kabelová televize,,,,,,,,,1. 7. 2025,Kanalizace,,,Internet,,,,,,,,,,,,,,
prodej-bytu-2-1-v-druzstevnim-vlastnictvi-70-m2-prachatice,https://www.remax-czech.cz/reality/detail/415363/prodej-bytu-2-1-v-druzstevnim-vlastnictvi-70-m2-prachatice,"Prodej bytu 2+1 v družstevním vlastnictví 70 m², Prachatice(ID 182-NP03942)","Ve výhradním zastoupení majitele nabízíme k prodeji bytovou jednotku 2+1 s příslušenstvím, ul. Pivovarská, Prachatice.Bytová jednotka se nachází ve 2. patře/2. patrového zděného domu. Bytový dům je vystavěn v blízkosti centra města. Okna bytu jsou situována do zahrady, mimo hlavní komunikaci, což zaručuje klid a soukromí, které potrhuje umístění bytu v domě, kdy nad bytem je již půda, tudíž žádný hluk od sousedů.Byt 2+1 s podlahovou plochou 62,50 m2 je po kompletní a nákladné rekonstrukci. Při rekonstrukci se kladl důraz nejen na použité materiály, ale zároveň na stavební práce a dílenské zpracování celé rekonstrukce. Velká okna v bytě zajišťují světelný komfort.Dva samostatné pokoje jsou neprůchozí. Kuchyně s jídelnou, kuchyňská linka vč. spotřebičů. Větší koupelna, samostatná toaleta s umývátkem, dále praktická komora s tech. místností.K bytu náleží sklep a kůlna, která je umístěna na společné zahradě. Je zde možnost spoluužívání půdy a zahrady u domu, která má výměru cca 280 m2.Vytápění bytu zajištuje elektrokotel, nebo krbová kamna s výměníkem, která podtrhují útulnost bydlení a zároveň můžou být plnohodnotným topidlem.Velmi příznivé měsíční náklady na provoz bytu!Doporučujeme prohlídku! V případě zájmu kontaktujte makléře nabídky.Výhodné financování vyřídíme zcela zdarma.","3 920 000
																		CZK/ za nemovitost",vč. všech realitních a právních služeb,Prodávající si vyhrazuje právo vybrat kupujícího na základě jím zvolených kritérií.,ID 182-NP03942,,,,Byty,Centrum obce,"49°00'56.7""N,13°59'54.9""E",N/A,6675f562ec39f91c1c704790acf6ff434f6854d4838a7fc2357d86dc1b150763,,3,62 m²,,Smíšená,Dobrý,,,,429 m²,,,G,2+1,3,70 m²,Družstevní,,Kanalizace,,,,Dálkový rozvod,,,,,,,,,,280 m²,,,
prodej-pozemku-638-m2-kluky,https://www.remax-czech.cz/reality/detail/415275/prodej-pozemku-638-m2-kluky,"Prodej pozemku 638 m², Kluky(ID 261-NP01082)","Nabízím Vám ke koupi velmi atraktivní stavební pozemek o výměře 638 m2 v obci Kluky u Písku.Pozemek se nachází na okraji obce a je určen pro výstavbu rodinného domu se sedlovou střechou k trvalému bydlení, nebo pro rekreaci. V současné době je pozemek veden jako trvalý travní porost, ale dle Územního plánu obce je určen k zastavění (plocha smíšená obytná). V této oblasti se jedná o jednu ze dvou posledních nezastavěných parcel.Na pozemek přímo navazuje další volná stavební parcela na prodej. Možno pořídit jako jeden celek o ploše 1316 m2. Na druhý pozemek je přivedena elektřina. Skvělá investiční příležitost.Nabízený pozemek má získané povolení na připojení k obecní kanalizaci i vodovodu. Pozemek má nově i udělení stavebního povolení na realizaci vlastní studny na nabízeném pozemku. Pozemek je přístupný po zpevněné obecní komunikaci. Je dlouhodobě udržovaný, zatravněný a nachází se na něm pouze jeden strom. Hranice pozemku je geodeticky označena a z části ohraničena sousedním plotem.Pozemek se nachází v dojezdové vzdálenosti do 15 minut od města Písek a 5 minut od hlavního tahu mezi Pískem a Táborem. V obci kluky je obyvatelům k dispozici obchod s potravinami, základní i mateřská škola, pošta, lékař a další základní občanská vybavenost.Pro více informací o pozemku kontaktujte makléřku nabídky!","1 148 400
																		CZK/ za nemovitost",S financováním Vám rádi pomůžeme!,Prodávající si vyhrazuje právo vybrat kupujícího na základě jím zvolených kritérií.,ID 261-NP01082,Pro bydlení,638 m²,"Vodovod, Kanalizace",Pozemky,Klidná část obce,"49°19'03.2""N,14°14'31.4""E",N/A,ec15d82113af2cfa7f7871110d330e53c10273b0f46adb310fbb7679e95c5ac5,,,,,,,"Dálnice, Silnice, Autobus",230 V,,,,,,,,,,27. 5. 2025,Kanalizace,,,,Dálkový rozvod,,,,"Škola, Školka, Zdravotnická zařízení, Pošta, Supermarket",,,,,,,,,
prodej-apartmanu-280-m2-moravsky-beroun,https://www.remax-czech.cz/reality/detail/415325/prodej-apartmanu-280-m2-moravsky-beroun,"Prodej apartmánu 280 m², Moravský Beroun(ID 133-NP02421)","Prvorepubliková vila s noblesou , duchem historie  a aristokratickým šarmem– Moravský BerounV srdci Moravského Berouna, v jedné z nejklidnějších a nejprestižnějších lokalit, se majestátně tyčí prvorepubliková vila, jejíž architektura a atmosféra nesou ducha zlaté éry českého stavitelství.Tato výjimečná rezidence, situovaná na rozlehlém pozemku o velikosti 1160 m², je celá osázena vzrostlými stromy, které poskytují absolutní soukromí a vytvářejí okouzlující zelené zákoutí pro ničím nerušený odpočinek.Po vstupu do této noblesní vily vás přivítá velkolepá vstupní hala, která již na první pohled zaujme svou velkorysostí a autentickými dobovými prvky. Široké dřevěné schodiště, pečlivě vyřezávané mistry své doby, vás provede patrem, kde se nacházejí prostorné, světlé pokoje s nádechem aristokratické atmosféry.V přízemí se nachází elegantní obývací salón, jehož součástí je jídelní kout umístěný v útulném výklenku, odkud se otevírá pohled na kachlová krbová kamna – pravé srdce domova, které zve k posezení a chvílím pohody. Na obývací část plynule navazuje další prostorný pokoj, který si zachoval svůj původní šarm a lze jej využít jako pracovnu či reprezentativní salon. Další samostatný pokoj má rovněž své kouzlo.Kuchyně, navržená s důrazem na praktičnost i historickou estetiku, disponuje přilehlou spíží. Celkovou atmosféru dokresluje slunná veranda, která se otevírá do půvabné zahrady a nabízí kouzelné výhledy do náruče přírody.Vila si zachovala mnoho původních architektonických skvostů, včetně dobové dlažby, originálních kastlíkových oken a dalších mistrovských řemeslných detailů, které podtrhují její historickou hodnotu a noblesní charakter.ato vila není jen domem – je stylovým odkazem doby, kdy elegance a kvalita byly samozřejmostí. Je ideální volbou pro ty, kteří hledají reprezentativní bydlení s historií, nebo pro náročného investora, který umí ocenit půvab klasické architektury v kombinaci s moderními možnostmi citlivé rekonstrukce.Součástí této jedinečné nemovitosti je samostatná garáž.Tato vila není pouhým domovem – je mementem doby, kdy elegance a kvalita stály na prvním místě. Je ideální volbou pro ty, kteří touží po vznešeném bydlení s duší historie, avšak s možností citlivé modernizace.Moravský Beroun je malebné město obklopené krásnou přírodou Nízkého Jeseníku, ideální pro klidné bydlení i aktivní odpočinek. Město nabízí veškerou občanskou vybavenost – školy, obchody, lékaře i sportoviště – a přitom si uchovává příjemnou atmosféru menšího města.Skvělou výhodou je také dobré dopravní spojení do Opavy, Olomouce i Ostravy.  Milovníci přírody, turistiky a cyklistiky si zde přijdou na své díky blízkosti lesů, kopců i čistého ovzduší.Přijměte srdečné pozvání na osobní prohlídku této výjimečné nemovitosti. Objevte místo, kde se snoubí historie, elegance a prostor pro nový příběh. ✨✨Jitka FröhlichováVaše realitní makléřka pro tuto oblast","5 900 000
																		CZK/ za nemovitost",,Prodávající si vyhrazuje právo vybrat kupujícího na základě jím zvolených kritérií.,ID 133-NP02421,,280 m²,,Komerční prostory,Klidná část obce,,N/A,db932aed221093d98d90cea4ba252186f6c890e6d6fa689cfe5b504e5a2466ef,,2,,,Cihlová,Velmi dobrý,,230 V,,199 m²,Patrový,Ano,G,,,,,,,,,,Dálkový rozvod,,Ano,,,,,,,,961 m²,280 m²,Ano,
prodej-bytu-1-1-v-osobnim-vlastnictvi-38-m2-jablonec-nad-nisou,https://www.remax-czech.cz/reality/detail/415260/prodej-bytu-1-1-v-osobnim-vlastnictvi-38-m2-jablonec-nad-nisou,"Prodej bytu 1+1 v osobním vlastnictví 38 m², Jablonec nad Nisou(ID 020-NP10218)","✅ Menší útulný byt 1+1 v pěkném stavu je na prodej.✅ Výhody bytu:1) pěkný byt ve velmi dobrém stavu ihned k bydlení2) klidná lokalita nedaleko od vodní nádrže Mšeno3) nízké měsíční platby4) parkování před domem✅ Hlavními dveřmi vstoupíte do chodby, kde vlevo jsou šatní skříně, vpravo jsou dveře do koupelny s menší vanou, umyvadlem, WC a místem na pračku. Čelně je vchod do prostorné kuchyně s linkou a plynovým sporákem. V kuchyni najdete dost místa pro jídelní stůl, chladničku a další vybavení nebo si zde vytvoříte obývák s kuchyňským koutem. Z kuchyně vlevo vejdete do velkého pokoje, kde máte dost místa na sedací soupravu, skříně i dvoulůžko.✅ Podlahová plocha bytové jednotky je 37,7 m² z toho sklepní kóje má cca 2 m².Byt prošel rekonstrukcí a má vyzděné bytové jádro s novou koupelnou a kuchyňskou linkou. Bytový dům má zateplenou fasádu a okna jsou nová plastová.Bytová jednotka je v 5. patře panelového domu s výtahem.Náklady na správu bytu vychází velmi příznivě na 1649 Kč/měsíc. Z toho fond oprav je 1320 Kč měsíčně.Výhodné financování vám pomůžeme zajistit.✅ Domluvte si u mne prohlídku a přesvědčte se, že jde o výhodnou příležitost pro vlastní bydlení nebo na investici.","2 599 000
																		CZK/ za nemovitost",vč. provize a právního servisu,Prodávající si vyhrazuje právo vybrat kupujícího na základě jím zvolených kritérií.,ID 020-NP10218,,,,Byty,Klidná část obce,"50°43'60""N,15°11'12.4""E",N/A,ee8cd9d4b3d13c6ab3a4d8a565da798036c00254b02410952c43dde7cebc4c57,,9,36 m²,,Panelová,Velmi dobrý,"Vlak, Silnice, MHD, Autobus",230 V,,438 m²,,Ano,G,1+1,5,38 m²,Osobní,27. 5. 2025,Kanalizace,Plynovod,,,Dálkový rozvod,,,,,,Ano,,,1,,,,
prodej-domu-72-m2-uhlirske-janovice,https://www.remax-czech.cz/reality/detail/415182/prodej-domu-72-m2-uhlirske-janovice,"Prodej domu 72 m², Uhlířské Janovice(ID 059-NP07529)","V exkluzivním zastoupení Vám nabízíme prodej rodinného domu v Uhlířských Janovicích, o dispozici 2+1, na rovinatém pozemku 427m² v obci Uhlířské Janovice.Součástí domu je útulný obývací pokoj 16,97m² s krbovými kamny pro příjemné chvíle odpočinku, ložnice 10,58m², kuchyně 9,05m², koupelna s WC 7,55m² a prostorná garáž 22,66m², která nabízí dostatek místa nejen pro pohodlné parkování automobilu, ale i jako ideální prostor pro dílnu nebo sklad.Rodinný dům je napojen na obecní vodovod, má přípojku na kanalizaci a lze připojit na plyn z veřejné komunikace. Součástí objektu je i studna pro zavlažování zahrady.Dům je v udržovaném stavu, před rekonstrukcí. Proběhla výměna oken za nová, zateplení podlahy. Stav nemovitosti vám poskytuje možnost pokračovat v rekonstrukci podle vlastních představ. Nábytek není součástí prodeje.Uhlířské Janovice jsou malebné město ve Středočeském kraji, ležící přibližně 17km jihozápadně od Kutné Hory, asi 19 km jihozápadně od Kolína a cca 20km od dálnice D1. Nabízejí svým obyvatelům širokou škálu občanské vybavenosti - mateřská a základní škola, zdravotní středisko, obchody, kulturní a sportovní využití.Pokud máte zájem o prohlídku nebo další informace, neváhejte mě kontaktovat.","3 350 000
																		CZK/ za nemovitost",cena včetně provize a kompletního právního servisu,Prodávající si vyhrazuje právo vybrat kupujícího na základě jím zvolených kritérií.,ID 059-NP07529,,,,Domy a vily,Klidná část obce,"49°52'40.9""N,15°04'05.2""E",N/A,d1f1fd90f57587e933618edbaf865550bc12148a16bcca1b1a868f26e373760b,Samostatný,1,72 m²,427 m²,Smíšená,Před rekonstrukcí,"Vlak, Silnice, Autobus",230 V,,105 m²,Přízemní,,G,,,,,1. 7. 2025,Kanalizace,,,,Dálkový rozvod,,Ano,,,,,Obytná,,,,,,
prodej-chaty-chalupy-50-m2-stary-plzenec,https://www.remax-czech.cz/reality/detail/415264/prodej-chaty-chalupy-50-m2-stary-plzenec,"Prodej chaty / chalupy 50 m², Starý Plzenec(ID 003-NP04663)","Hledáte místo k rekreaci případně i k bydlení v klidném prostředí? Podívejte se prosím na tuto nabídku. Předmětem prodeje je chata na okraji Starého Plzence pod hradem Radyně. Vzdálenost od Plzně je cca 10 km. Zastavěná plocha je 57 m2 a celková plocha pozemku je 859 m2. Na pozemek se zajíždí dálkově ovládanou vjezdovou branou. Chata je zděná, celkově podsklepená a je do ní zavedená elektřina. Je napojená na obecní vodovod, ale je možné využívat i společnou studnu. Odpad je sveden do septiku. Chata je vybavena WC, sprchovým koutem, kuchyňskou linkou se základními spotřebiči, klimatizací a je vytápěna krbovými kamny. Pro příjem TV je na střeše satelit a WI-FI připojení poskytuje místní firma Mraknet. Dispoziční uspořádání naleznete ve fotogalerii. Na zahradě je částečně zapuštěný, tepelným čerpadlem vyhřívaný bazén s filtrací, terasa s krbem a pergola. Za vjezdem jsou dva kontejnery z kterých majitel chtěl udělat garáž, ale mohou být využity i jiným způsobem. V případě zájmu o prohlídku mě neváhejte kontaktovat.","4 990 000
																		CZK/ za nemovitost",,Prodávající si vyhrazuje právo vybrat kupujícího na základě jím zvolených kritérií.,ID 003-NP04663,,50 m²,,Chaty a rekreační objekty,Klidná část obce,"49°41'36.2""N,13°27'41""E",N/A,b365ef0ef060c7da948afc14ff0d2044a910d5edafa4923cf9478060549c17fb,Samostatný,,50 m²,57 m²,Cihlová,Dobrý,,,,57 m²,Přízemní,Ano,G,,,,,27. 5. 2025,,,,,,,,,,,,Rekreační,,1,802 m²,,,
prodej-bytu-4-kk-v-osobnim-vlastnictvi-128-m2-ceske-budejovice,https://www.remax-czech.cz/reality/detail/415331/prodej-bytu-4-kk-v-osobnim-vlastnictvi-128-m2-ceske-budejovice,"Prodej bytu 4+kk v osobním vlastnictví 128 m², České Budějovice(ID 343-NP00429)","Ve výhradním zastoupení majitele vám nabízíme ke koupi moderní a výjimečný byt 4+kk o celkové ploše 128,16 m², který se nachází ve vyhledávané, klidné lokalitě nedaleko centra Českých Budějovic. Byt v osobním vlastnictví je situován v obytné zástavbě s příjemnou atmosférou a nabízí nadstandardní zázemí pro komfortní rodinné bydlení.Dispozice bytu je promyšlená s důrazem na funkčnost a pohodlí.Přes prostornou předsíň (14,37 m²) se dostanete do všech částí bytu.Dominantou je otevřený obytný prostor (32,8 m²) propojující kuchyni, jídelní kout a obývací pokoj – ideální místo pro rodinné setkávání i každodenní život. Kuchyňská linka na míru je vybavena vestavnými spotřebiči, které jsou součástí prodeje.Z obývací části je vstup na prostornou terasu (22 m²), orientovanou do vnitrobloku, která nabízí klidné místo pro relaxaci i posezení s přáteli.Byt dále disponuje třemi samostatnými neprůchozími ložnicemi (9,95 m², 19,03 m² a 16,79 m²), zajišťující dostatek soukromí a prostoru pro každého člena domácnosti.K dispozici je také samostatná šatna/komora (5,25 m²), moderní koupelna (4,94 m²) a oddělené WC (1,35 m²).Praktický sklep (4,1 m²) umístěný na stejném patře zajišťuje další úložný prostor.Součástí pokoje na jih je také klimatizace, kterou oceníte zejména během letních měsíců.K bytu lze přikoupit prostornou garáž (22,96 m²) umístěnou v suterénu domu. Cena garáže při koupi spolu s bytem činí 980.000 Kč.Soukromou, společně užívanou a udržovanou zahradu s prvky pro hry dětí a váš odpočinek ocení nejen rodiny s dětmi.Lokalita nabízí veškerou občanskou vybavenost v docházkové vzdálenosti – školy, školky, lékaře, poštu, obchody (OC IGY), MHD i cyklostezky podél Vltavy.Místo je ideální pro rodiny s dětmi i pro ty, kteří hledají klidné bydlení s rychlou dostupností do centra města.Shrnutí:4+kk, 128,16 m²terasa, balkon, sklepmožnost garážeklidná a dobře dostupná lokalitaNízké měsíční náklady, které vám rádi sdělíme při osobním jednání.Možnost financování hypotečním úvěrem – s vyřízením rádi pomůžeme.Uvedené informace mají informativní charakter a nejsou závazné.V případě více zájemců si majitel vyhrazuje právo výběru nejvýhodnější nabídky.Neváhejte nás kontaktovat pro více informací nebo sjednání prohlídky.Těšíme se na setkání s vámi!","9 980 000
																		CZK/ za nemovitost",,Prodávající si vyhrazuje právo vybrat kupujícího na základě jím zvolených kritérií.,ID 343-NP00429,,,,Byty,,"48°59'11.9""N,14°28'25.6""E",N/A,b98c03535a3288d05f4a2e8cf376aeac3407e84ecd18b1fbd17f55099868ea87,,6,104 m²,,Cihlová,Velmi dobrý,"Vlak, Silnice, MHD, Autobus","230 V, 400 V",,2 495 m²,,,C,4+kk,2,128 m²,Osobní,,Kanalizace,Plynovod,,Internet,Dálkový rozvod,66,Ano,,,,Ano,Obytná,,1,,,,Ano
prodej-chaty-chalupy-31-m2-krimov,https://www.remax-czech.cz/reality/detail/415345/prodej-chaty-chalupy-31-m2-krimov,"Prodej chaty / chalupy 31 m², Křimov(ID 273-NP03963)","Nabízíme k prodeji útulnou chatu s užitnou plochou 31 m² a nádvořím o velikosti 50 m², situovanou na pozemku o celkové rozloze 786 m². Nemovitost je v osobním vlastnictví a je možné ji financovat hypotečním úvěrem.Nabízíme k prodeji útulnou chatu s užitnou plochou 31 m², terasou o výměře 10 m² a nádvořím o velikosti 50 m². Celková plocha pozemku činí 786 m². Nemovitost je v osobním vlastnictví a je možné ji financovat hypotečním úvěrem.Chatu je částečně podsklepená a díky krbovým kamnům a elektrickému vytápění je vhodná i k celoročnímu bydlení. K dispozici je bojler na ohřev vody, elektřina, kopaná studna a odpad je řešen septikem.Nachází se ve velmi klidné a příjemné lokalitě – ideální místo pro odpočinek, víkendové pobyty i trvalé bydlení v blízkosti přírody.V případě zájmu mě neváhejte kontaktovat pro více informací nebo domluvení prohlídky.","2 790 000
																		CZK/ za nemovitost",,Prodávající si vyhrazuje právo vybrat kupujícího na základě jím zvolených kritérií.,ID 273-NP03963,,31 m²,,Chaty a rekreační objekty,Klidná část obce,,N/A,b579d5cda734520faff612e01ddd990a367a922eecef94d6d0fd3241c8784b49,Samostatný,1,31 m²,786 m²,Dřevěná,Dobrý,,"230 V, 400 V",,50 m²,Přízemní,,,,,,,,Septik,,,,,,,,,,,,,,,,,
prodej-bytu-1-kk-v-osobnim-vlastnictvi-56-m2-brno,https://www.remax-czech.cz/reality/detail/415253/prodej-bytu-1-kk-v-osobnim-vlastnictvi-56-m2-brno,"Prodej bytu 1+kk v osobním vlastnictví 56 m², Brno(ID 268-NP03056)","Ve výhradním zastoupení nabízíme k prodeji prostorný a netradičně řešený byt, situovaný v klidné části Brna – Husovic. Byt má celkovou plochu 56 m² a nachází se ve zvýšeném přízemí menšího bytového domu.Hlavní výhody:•	Otevřený a vzdušný prostor - téměř 3 metrové stropy•	Variabilita a možnost úprav bytu•	Orientace do klidného vnitrobloku•	Výborná dostupnost do centra Brna bez přestupu•	Skvělá občanská vybavenost, poloha na rozhraní Husovic a Černých PolíBytový dům:•	Cihlový dům z r. 1936 s uzavřeným vnitroblokem, 4 podlaží, podsklepený•	V posledních letech prošel řadou rekonstrukcí - střecha, fasáda, plastová okna, částečně zateplen, v plánu jsou i další opravy domu•	Energetická náročnost budovy: třída EDispozice bytu:•	Vstupní předsíň (6 m2)•	Koupelna s WC (6 m2)•	Obytná místnost s kuchyňským koutem (30 m2)•	Samostatná místnost (14 m²)Vybavení bytu:•	Kompletně zařízená koupelna s WC a sprchovým koutem, elektrický kotel, přípojka na pračku•	Kuchyňská linka s dřezem, sporákem a digestoří, vysoká knihovna•	Nové interiérové dveřeLokalita a občanská vybavenost v okolí:•	Zeleň, dětská a workoutová hřiště - Park Tišňovka a Park Marie Restituty na ul. Rotalova, sportovní zóna v Parku Amenities. Cyklostezka kolem řeky Svitavy.•	Kulturní akce, pohybové a vzdělávací kurzy, gym – TJ Orel, KS Omega, LD Musilka•	Supermarket Albert, cukrárna Větrník, kavárny, lékárna, restaurace i pizzerie.•	MŠ, ZŠ (vč. PORG), Gymnázium Elgartova, SŠ (Chemická, Zdravotnická, Umění), ZUŠDoprava a parkování:•	Pohodlné spojení MHD – do centra za 10 minut bez nutnosti přestupu (tram. zastávky na ul. Merhautova a nám. Republiky)•	Parkování přímo na ulici – zóna C, systém rezidentního parkováníMěsíční náklady:•	2 965 Kč – správa domu, fond oprav, voda, společné prostory•	+ plyn (jen na vaření) + elektřina (vytápění bytu a ohřev vody)Financování:•	Zajištění hypotečního servisu s nejvýhodnější nabídkou na trhu dle individuálních potřeb klienta je samozřejmostí a zdarma.•	Kupní cena zahrnuje provizi RK i právní servis.•	V případě více zájemců bude nemovitost prodána nejlepší nabídce a prodávající si vyhrazuje právo vybrat kupujícího na základě jim zvolených kritérií.Prohlídkový den:•	Středa 4.6.2025Uvedené rozměry jsou orientační. Veškeré zveřejněné údaje obsažené v tomto inzerátu mají pouze informativní charakter a nejsou nabídkou ve smyslu § 1731 nebo § 1732 občanského zákoníku, ani se nejedná o veřejný příslib dle § 1733 občanského zákoníku. Z této nabídky tak nikomu nevzniká nárok na uzavření smlouvy.Zaujala Vás tato nabídka? Ozvěte se mi pro více informací a rezervaci času Vaší osobní prohlídky.Budu se na Vás těšit.Zuzana Patáková, RE/MAX Delux","4 890 000
																		CZK/ za nemovitost",cena včetně provize RK a právního servisu,Prodávající si vyhrazuje právo vybrat kupujícího na základě jím zvolených kritérií.,ID 268-NP03056,,,,Byty,,"49°12'39.4""N,16°37'44.7""E",N/A,49105a5381b6ffd2d2cdd4d4a93eed449aa437f144fb24d9ad108873e0ed44cb,,4,56 m²,,Cihlová,Dobrý,MHD,230 V,,,,Ano,E,1+kk,1,56 m²,Osobní,27. 5. 2025,Kanalizace,Plynovod,,,Dálkový rozvod,,,,,,,,,,,,,
prodej-domu-283-m2-rozmital-pod-tremsinem,https://www.remax-czech.cz/reality/detail/415337/prodej-domu-283-m2-rozmital-pod-tremsinem,"Prodej domu 283 m², Rožmitál pod Třemšínem(ID 248-NP00761)","Nabízím k prodeji rodinný dům v klidné okrajové části města Rožmitál pod Třemšínem směr Voltuš, který bude vyhovovat i velké rodině pro klidný a nikým nerušený život včetně naprostého soukromí na prostorné zahradě, na níž stojí dřevěná pergola s krbem pro grilování i prostor pro venkovní bazén. Opláštění domu a jeho zateplení je možné dokončit přesně dle Vašich představ a využít k tomu dotaci „Oprav dům po babičce“ která pokryje většinu nákladů na toto dokončení. Tuto dotaci pro vás zajistíme.Dům byl postaven v 90.letech a je možné využít ho pro bydlení velké rodiny, nebo po menších stavebních úpravách ho rozdělit na dvě bytové jednotky či dokonce v něm zřídit i zázemí firmy, přičemž lze využít i rozsáhlé prostory podsklepení celého domu, kde je několik oddělených prostorů včetně vytápění domu, které je v současnosti řešeno kotlem na tuhá paliva.Po vstupu do domu, který je z vyvýšené kryté terasy vstoupíte do prostorného zádveří s navazující šatnou, z něhož můžete pokračovat buď do podkroví domu, do suterénu nebo do chodby, na kterou navazuje kuchyň, obývací pokoj, dětský pokoj a sociální prostory. Pokud se rozhodnete pokračovat do podkroví, tak v něm naleznete kuchyň s obývacím pokojem, ložnici, dětský pokoj a koupelnu s WC. Balkón je přístupný jak z obývacího pokoje, tak i z ložnice.Celý dům je na oploceném pozemku s možností parkování na příjezdové cestě, která je tvořena zámkovou dlažbou, případně ve vlastní garáži, která na dům navazuje. Dům je připojen na veřejný vodovod, kanalizaci a plynová přípojka je na hranici pozemku.Jedná se o okrajovou část obce s dobrou občanskou vybaveností a dobrým jak autobusovým spojením s nedalekou Příbramí, tak i s krátkým dojezdovým časem do Prahy.Pokud vás nemovitost zaujala, neváhejte mě kontaktovat. Budu se na vás těšit.","4 999 990
																		CZK/ za nemovitost",Cena včetně provize a právního servisu,Prodávající si vyhrazuje právo vybrat kupujícího na základě jím zvolených kritérií.,ID 248-NP00761,,,,Domy a vily,Okraj obce,"49°35'48.2""N,13°51'49.7""E",N/A,3650090e3af7b799f92466fe6e2c2020e48c49531ac835b5e8a4f39d20cbbc70,Samostatný,2,283 m²,518 m²,Cihlová,Dobrý,Autobus,"230 V, 400 V",,128 m²,Patrový,,E,,,,,27. 5. 2025,Kanalizace,Plynovod,,,Dálkový rozvod,,Ano,,"Škola, Školka, Zdravotnická zařízení, Pošta, Supermarket, Kompletní síť obchodů a služeb",,,Obytná,,1,390 m²,,,
prodej-pozemku-1316-m2-kluky,https://www.remax-czech.cz/reality/detail/415261/prodej-pozemku-1316-m2-kluky,"Prodej pozemku 1316 m², Kluky(ID 261-NP01080)","Nabízím Vám ke koupi velmi atraktivní stavební pozemek o výměře 1316 m2 (skládající se ze dvou parcel) v obci Kluky u Písku s nerušeným výhledem do okolí. Pozemek lze koupit jako jeden celek i jako dvě samostatné parcely se zajištěným přístupem.Pozemek se nachází na okraji obce a je určen pro výstavbu rodinného domu se sedlovou střechou k trvalému bydlení, nebo pro rekreaci. V současné době je pozemek veden jako trvalý travní porost, ale dle Územního plánu obce je určen k zastavění (plocha smíšená obytná). V této oblasti se jedná o poslední nezastavěné parcely. Vhodný i jako investiční příležitost.Na nabízený pozemek je přivedena elektřina a má získané povolení na připojení k obecní kanalizaci i vodovodu. Pozemek má nově i udělení stavebního povolení na realizaci vlastní studny na nabízeném pozemku. Pozemek je přístupný po zpevněné obecní komunikaci. Je dlouhodobě udržovaný, zatravněný a nachází se na něm pouze jeden strom. Hranice pozemku je geodeticky označena a z části již zaplocena.Pozemek se nachází v dojezdové vzdálenosti do 15 minut od města Písek a 5 minut od hlavního tahu mezi Pískem a Táborem. V obci kluky je obyvatelům k dispozici obchod s potravinami, základní i mateřská škola, pošta, lékař a další základní občanská vybavenost.Pro více informací o pozemku kontaktujte makléřku nabídky!","2 299 000
																		CZK/ za nemovitost","POZOR: NOVÁ, ještě LEPŠÍ CENA!",Prodávající si vyhrazuje právo vybrat kupujícího na základě jím zvolených kritérií.,ID 261-NP01080,Pro bydlení,1 316 m²,"Vodovod, Kanalizace, Elektřina",Pozemky,Klidná část obce,"49°19'03.2""N,14°14'31.4""E",N/A,cf14a1f6aba4161e0160ee6e1e79e0c59edebb9124dcd2cb30c8c8b135f2bfb8,,,,,,,"Dálnice, Silnice, Autobus",230 V,,,,,,,,,,27. 5. 2025,Kanalizace,,,,Dálkový rozvod,,,,"Škola, Školka, Zdravotnická zařízení, Pošta, Supermarket",,,,,,,,,
prodej-chaty-chalupy-31-m2-krimov,https://www.remax-czech.cz/reality/detail/415338/prodej-chaty-chalupy-31-m2-krimov,"Prodej chaty / chalupy 31 m², Křimov(ID 273-NP03962)","Nabízíme k prodeji útulnou chatu s užitnou plochou 31 m² a nádvořím o velikosti 50 m², situovanou na pozemku o celkové rozloze 786 m². Nemovitost je v osobním vlastnictví a je možné ji financovat hypotečním úvěrem.Nabízíme k prodeji útulnou chatu s užitnou plochou 31 m², terasou o výměře 10 m² a nádvořím o velikosti 50 m². Celková plocha pozemku činí 786 m². Nemovitost je v osobním vlastnictví a je možné ji financovat hypotečním úvěrem.Chatu je částečně podsklepená a díky krbovým kamnům a elektrickému vytápění je vhodná i k celoročnímu bydlení. K dispozici je bojler na ohřev vody, elektřina, kopaná studna a odpad je řešen septikem.Nachází se ve velmi klidné a příjemné lokalitě – ideální místo pro odpočinek, víkendové pobyty i trvalé bydlení v blízkosti přírody.V případě zájmu mě neváhejte kontaktovat pro více informací nebo domluvení prohlídky.","2 790 000
																		CZK/ za nemovitost",,Prodávající si vyhrazuje právo vybrat kupujícího na základě jím zvolených kritérií.,ID 273-NP03962,,31 m²,,Chaty a rekreační objekty,Klidná část obce,,N/A,53acc7a0c0641e2d60e86029b67c049fabab51d1dc1740258743acfd585d4a50,Samostatný,1,31 m²,786 m²,Dřevěná,Dobrý,,"230 V, 400 V",,50 m²,Přízemní,,,,,,,,Septik,,,,,,,,,,,,,,,,,
prodej-bytu-3-kk-v-osobnim-vlastnictvi-71-m2-praha-5-smichov,https://www.remax-czech.cz/reality/detail/415265/prodej-bytu-3-kk-v-osobnim-vlastnictvi-71-m2-praha-5-smichov,"Prodej bytu 3+kk v osobním vlastnictví 71 m², Praha 5 - Smíchov(ID 010-NP04807)","Nabízíme byt 3+kk na perfektním místě kousek od Ladronky a Petřína.Byt v projektu ""Rezidence Pod Ladronkou"" postaveném v roce 2013 je dispozičně řešen jako 3+kk. Díky velkým francouzským oknům působí velmi vzdušně, všechny pokoje mají dostatek denního světla a příjemné klima v letních měsících udržuje klimatizace. V bytě je naprosté soukromí – je nad ulici dostatečně vysoko (směrem do ulice je situována ložnice a dětský pokoj) z druhé strany je obývací pokoj a navazující zahrada velká přes 80 m2 orientována do oploceného vnitrobloku. Dále je k dispozici šatna při vstupní chodbě, samostatné WC a koupelna. Celý byt je ve velice zachovalém stavu připraven k užívání bez větších investic.Výhodou je velmi dobře fungující SVJ, které dům průběžně udržuje ve vynikajícím stavu. V domě k bytu patří parkovací stání a sklepní kóje. Vytápění je řešeno vlastní plynovou kotelnou pro celý dům. Dům disponuje výtahem, přístup do bytu z garáží i z ulice je možný bez použití schodů.Náklady na bydlení představuje zálohová platba ve výši cca 7.000 Kč + spotřeba elektrické energie.Lokalita je naprosto perfektní – prakticky přímo u vstupu do domu najdete zastávku autobusu MHD, pár minut pěšky trvá cesta na Ladronku či na Petřin a dále na Pražský hrad. Výborné je z tohoto místa i spojení s letištěm a v dosahu jsou i dvě nemocnice (Na Homolce a Motol). Stejně tak škola a školka je pohodlně dostupná pěšky.","14 990 000
																		CZK/ za nemovitost",,Prodávající si vyhrazuje právo vybrat kupujícího na základě jím zvolených kritérií.,ID 010-NP04807,,,,Byty,Klidná část obce,"50°04'30.8""N,14°22'21.6""E",N/A,84050b87253955598454fc2fd1e4ca6322a29245baf7be6b91242e6ab34f15e1,,6,69 m²,,Cihlová,Velmi dobrý,,,,,,Ano,C,3+kk,1,71 m²,Osobní,,Kanalizace,,,,,112,Ano,,,,Ano,,,1,81 m²,,,
prodej-bytu-3-1-v-osobnim-vlastnictvi-86-m2-ostrava,https://www.remax-czech.cz/reality/detail/415351/prodej-bytu-3-1-v-osobnim-vlastnictvi-86-m2-ostrava,"Prodej bytu 3+1 v osobním vlastnictví 86 m², Ostrava(ID 344-NP00406)","Nabízíme k prodeji prostorný byt o dispozici 3+1 a celkové podlahové ploše 77,66 m², situovaný v klidné části Ostravy–Poruby na ulici Slavíkova. Byt se nachází ve 4. nadzemním podlaží nízkopodlažního cihlového domu bez výtahu, v tiché jednosměrné ulici obklopené zelení. K bytu náleží balkón o velikosti 4 m² orientovaný do vnitrobloku, sklepní kóje o výměře 4,8 m² a garáž přímo v domě. Parkování je navíc bezproblémové i před domem.Dispozice bytu nabízí tři samostatné neprůchozí pokoje, což zajišťuje dostatek soukromí pro každého člena domácnosti. Dominantou bytu je prostorný obývací pokoj (25 m²) se vstupem na balkón. Dále se zde nachází ložnice (16,5 m²), dětský pokoj či pracovna (16 m²), samostatná kuchyně (7,2 m²) s praktickou komorou/spíží, prostorná předsíň, koupelna a samostatné WC (viz přiložené půdorysy). Byt je v původním, velmi udržovaném stavu a nabízí tak skvělou příležitost k rekonstrukci podle vlastních představ.Dům je ve velmi dobrém technickém stavu, prošel kompletní rekonstrukcí. Okolí působí příjemným dojmem a je ideální pro klidné rodinné bydlení. Lokalita nabízí veškerou občanskou vybavenost v docházkové vzdálenosti – školy, školky, obchody i zastávky MHD. Výhodou je také výborná dostupnost na výpadovku směr Opava, Karviná a Frýdek-Místek, současně také i na dálnici směr Brno či PolskoTato nemovitost představuje atraktivní příležitost jak pro vlastní bydlení, tak i jako investice k pronájmu díky výborné lokalitě, dispozici a doplňkovým prostorám.PENB se vyhotovuje.V případě zájmu mě neváhejte kdykoli kontaktovat – ráda vám byt osobně představím a zodpovím veškeré dotazy.","5 990 000
																		CZK/ za nemovitost",,Prodávající si vyhrazuje právo vybrat kupujícího na základě jím zvolených kritérií.,ID 344-NP00406,,,,Byty,Klidná část obce,"49°50'18""N,18°10'20.6""E",N/A,b086819adca214354c82729682f8a8970a4de3e619bbca1df990ee07cdb913b2,,4,78 m²,,Cihlová,Před rekonstrukcí,"Vlak, Dálnice, Silnice, MHD, Autobus",230 V,,,,,G,3+1,4,86 m²,Osobní,1. 7. 2025,,,,,Dálkový rozvod,,Ano,,,,,,,1,,,,
prodej-bytu-4-1-v-osobnim-vlastnictvi-76-m2-zatec,https://www.remax-czech.cz/reality/detail/415357/prodej-bytu-4-1-v-osobnim-vlastnictvi-76-m2-zatec,"Prodej bytu 4+1 v osobním vlastnictví 76 m², Žatec(ID 024-NP07122)","Hledáte prostorné a pohodlné bydlení pro svou rodinu v klidné části města s plnou občanskou vybaveností na dosah? Nabízíme Vám ke koupi byt v osobním vlastnictví o dispozici 4+1 s lodžií a celkovou výměrou 76,2 m², který se nachází v přízemí revitalizovaného panelového domu v žádané lokalitě ulice Svatováclavská v Žatci.Dispozice bytu je prakticky řešená a vhodná pro vícečlennou domácnost – vstupní předsíň, kuchyně s jídelním koutem, světlý obývací pokoj se vstupem na lodžii, tři samostatné neprůchozí pokoje, koupelna a oddělená toaleta. Součástí bytu je samozřejmě také sklepní kóje. Byt je v dobrém technickém stavu, s původním (umakartovým) jádrem, které nabízí možnost přestavby dle vlastních představ.Dům, ve kterém se byt nachází, je ve velmi dobrém stavu. Vytápění je zajištěno dálkově, s měsíčním příspěvkem do fondu oprav ve výši 1 600 Kč.Díky dostupné virtuální prohlídce si můžete byt projít z pohodlí domova:https://my.matterport.com/show/?m=M6CU6aHBLBXV okolí se nachází vše potřebné – v pěší vzdálenosti jsou mateřské a základní školy, obchody, lékárna, nemocnice, sportovní areál i dětská hřiště. Výhodou je i dobrá dostupnost MHD a přilehlý městský park, ideální pro procházky, odpočinek i volnočasové aktivity.Tento byt představuje skvělou příležitost pro pohodlné rodinné bydlení nebo investici. Pokud Vás nabídka zaujala, neváhejte nás kontaktovat – rádi Vám byt osobně představíme.","3 150 000
																		CZK/ za nemovitost","Včetně provize realitní kanceláře, právního servisu a advokátní úschovy.",Prodávající si vyhrazuje právo vybrat kupujícího na základě jím zvolených kritérií.,ID 024-NP07122,,,,Byty,,"50°19'31.4""N,13°31'58.3""E",N/A,8d0cf6d9401461a5c3600082a2b911409b14c7b38b20b2872fc0a9024292fe31,,4,76 m²,,Panelová,Dobrý,"Vlak, Silnice, MHD, Autobus",230 V,,,,,C,4+1,1,76 m²,Osobní,,Kanalizace,Plynovod,,,Dálkový rozvod,93,,,,,,,,,,,,
prodej-domu-302-m2-turnov,https://www.remax-czech.cz/reality/detail/415311/prodej-domu-302-m2-turnov,"Prodej domu 302 m², Turnov(ID 273-NP03961)","Nově nabízíme k prodeji prostorný rodinný dům s užitnou plochou 302 m², který se nachází na pozemku o rozloze 723 m² v klidné a vyhledávané části Turnova.Nemovitost má vše, co potřebujete pro pohodlné a praktické bydlení. V suterénu o velikosti 92 m² najdete garáž, dílnu, prádelnu a kotelnu – ideální prostor pro kutily nebo skladování. Přízemí o rozloze 100 m² vás okouzlí prostorným obývacím pokojem propojeným s jídelnou, kuchyní a velkou pracovnou. Z obývací části navíc vstoupíte na terasu, odkud si užijete nádherný výhled na zahradu.V patře (109 m²) se nachází dvě větší ložnice a jeden menší pokoj, který je perfektní jako dětský pokoj nebo pracovna. Nechybí zde ani další koupelna se sprchovým koutem. Z hlavní ložnice je přístup na prostornou terasu o rozloze 13 m² a také na zateplenou půdu, kterou můžete využít podle svých představ.Dům je světlý, sluneční paprsky ho krásně prosvětlují po celý den. Pokud ale preferujete více stínu, každé okno je vybaveno venkovními roletami.Turnov, známý jako brána do Českého ráje, nabízí ideální kombinaci přírodního klidu a městského pohodlí. Český ráj s Prachovskými skalami máte na dosah ruky, což ocení zejména milovníci turistiky, cyklistiky a přírody.Samotné město má skvělou občanskou vybavenost – školy, školky, zdravotnická zařízení i širokou nabídku obchodů a služeb. Dopravní spojení je vynikající díky blízkosti hlavních silnic a železničních tratí.Tento dům je skvělou volbou pro rodiny hledající prostor, klid a pohodlí, ale také pro ty, kdo chtějí žít v jedné z nejkrásnějších oblastí České republiky. Srdečně vás zveme na prohlídku, kde si můžete vše sami prohlédnout a přesvědčit se o jeho kvalitách!","13 000 000
																		CZK/ za nemovitost",,Prodávající si vyhrazuje právo vybrat kupujícího na základě jím zvolených kritérií.,ID 273-NP03961,,,,Domy a vily,Klidná část obce,"50°35'46""N,15°10'04""E",N/A,ae71851f6c2831af2cea5a7fc8788a4011fc75af56ceb4d7641e195edba806be,Samostatný,4,302 m²,723 m²,Smíšená,Velmi dobrý,,,,132 m²,Patrový,,G,,,,,,Kanalizace,Plynovod,,,Dálkový rozvod,,Ano,1,,,,Obytná,,1,,,,
prodej-pozemku-678-m2-kluky,https://www.remax-czech.cz/reality/detail/415269/prodej-pozemku-678-m2-kluky,"Prodej pozemku 678 m², Kluky(ID 261-NP01081)","Nabízím Vám ke koupi velmi atraktivní stavební pozemek o výměře 678 m2  v obci Kluky u Písku s nerušeným výhledem do okolí.Pozemek se nachází na okraji obce a je určen pro výstavbu rodinného domu se sedlovou střechou k trvalému bydlení, nebo pro rekreaci. V současné době je pozemek veden jako trvalý travní porost, ale dle Územního plánu obce je určen k zastavění (plocha smíšená obytná). V této oblasti se jedná o jednu ze dvou posledních nezastavěných parcel.Na pozemek přímo navazuje další volná stavební parcela na prodej. Možno pořídit jako jeden celek o ploše 1316 m2. Druhá pozemek má nově i udělení stavebního povolení na realizaci vlastní studny na.  Skvělá investiční příležitost.Na nabízený pozemek je přivedena elektřina a má získané povolení na připojení k obecní kanalizaci i vodovodu. Pozemek je přístupný po zpevněné obecní komunikaci. Je dlouhodobě udržovaný, zatravněný a nachází se na něm pouze jeden strom. Hranice pozemku je geodeticky označena a z části ohraničena sousedním plotem.Pozemek se nachází v dojezdové vzdálenosti do 15 minut od města Písek a 5 minut od hlavního tahu mezi Pískem a Táborem. V obci kluky je obyvatelům k dispozici obchod s potravinami, základní i mateřská škola, pošta, lékař a další základní občanská vybavenost.Pro více informací o pozemku kontaktujte makléřku nabídky!","1 423 800
																		CZK/ za nemovitost",S financováním Vám rádi pomůžeme!,Prodávající si vyhrazuje právo vybrat kupujícího na základě jím zvolených kritérií.,ID 261-NP01081,Pro bydlení,678 m²,"Vodovod, Kanalizace, Elektřina",Pozemky,Klidná část obce,"49°19'03.2""N,14°14'31.4""E",N/A,ad5db7cd3309e8568f3bb70a7894f60aef9d000217cc3f4478567d3bf50d91e4,,,,,,,"Dálnice, Silnice, Autobus",230 V,,,,,,,,,,27. 5. 2025,Kanalizace,,,,Dálkový rozvod,,,,"Škola, Školka, Zdravotnická zařízení, Pošta, Supermarket",,,,,,,,,
