GPS coordinates,Images,Price,Property Description,Property Name,URL,balkÃ³n,datum nastÄ›hovÃ¡nÃ­,dopravnÃ­ dostupnost,elektÅ™ina,energetickÃ¡ nÃ¡roÄnost,id,kanalizace,kategorie,komunikace,kraj,listing_hash,lodÅ¾ie,lokalita,parkovÃ¡nÃ­,plocha pozemku,plocha uÅ¾itnÃ¡,plocha zastavÄ›nÃ¡,plyn,podlaÅ¾Ã­ umÃ­stÄ›nÃ­,poÄet podlaÅ¾Ã­,rok vÃ½stavby,rozvody,sklep,stav objektu,terasa,topenÃ­,typ domu,typ stavby,velikost,vlastnictvÃ­,voda,vÃ½tah,vÃ½Å¡ka stropu,zaÅ™Ã­zenÃ½,zdroj teplÃ© vody,zÃ¡stavba
N/A,N/A,28Â 000Â KÄ / mÄ›sÃ­c,"ExkluzivnÄ› nabÃ­zÃ­me pronÃ¡jem bytu 3+kk o ploÅ¡e 86m2 + 14m2 balkon + garÃ¡Å¾ovÃ© stÃ¡nÃ­. Byt se nachÃ¡zÃ­ ve 2. podlaÅ¾Ã­ novostavby projektu BritskÃ¡ ÄtvrÅ¥ v Praze 5 na pomezÃ­ StodÅ¯lek a TÅ™ebonic, v ulici Thomasova, v dochÃ¡zkovÃ© vzdÃ¡lenosti od metra B StodÅ¯lky a od nÃ¡kupnÃ­ zÃ³ny na ZliÄÃ­nÄ›. Byt je orientovanÃ½ na jih a zÃ¡pad, mÃ¡ obÃ½vacÃ­ pokoj s kuchyÅˆskou linkou (myÄka, trouba, varnÃ¡ deska, digestoÅ™) a dva neprÅ¯chozÃ­ pokoje. V kaÅ¾dÃ©m pokoji je klimatizace. V koupelnÄ› je vana a pÅ™Ã­prava na praÄku a suÅ¡iÄku. WC samostatnÄ›. V pÅ™edsÃ­ni je prostor pro vestavÄ›nou skÅ™Ã­Åˆ a dÃ¡le prostornÃ¡ komora. V bytÄ› jsou detektory kouÅ™e. V domÄ› je dÃ¡le k dispozici kolÃ¡rna/koÄÃ¡rkÃ¡rna. ParkovÃ¡nÃ­ v garÃ¡Å¾ovÃ©m stÃ¡nÃ­ v domÄ›. PÅ™Ã­jemnÃ© bydlenÃ­ s dobrou dostupnostÃ­ metrem do centra i do pÅ™Ã­rody. VolnÃ© od 1.7.2025. V pÅ™Ã­padÄ› zÃ¡jmu o vÃ­ce informacÃ­ nebo prohlÃ­dku kontaktujte maklÃ©Å™e.","PronÃ¡jem bytu 3+kk,  86Â mÂ² - Praha 5 - StodÅ¯lky",https://www.century21.cz/nemovitosti/pronajem-byty-pronajem-bytu-3+kk-86mÂ²-praha-5-stodulky-id=a41f544b-817e-4467-a0ca-261c2d8d60f9,Ne,Ihned,MHD,220V,B â€“ velmi ÃºspornÃ¡,a41f544b,VeÅ™ejnÃ¡ kanalizace,Byty 3+kk,,HlavnÃ­ mÄ›sto Praha,1654ff8077706cc6dfb1b3314c50d398ddca70a9274da47ed2bd3f033468406c,,"StodÅ¯lky, Praha",GarÃ¡Å¾,,86 mÂ²,,,3. patro (4. NP),6 NP,2023,,Ne,Novostavba,Ano (14 mÂ²),,,Cihla,3+kk,OsobnÃ­,VeÅ™ejnÃ½ vodovod,Ano,,ÄŒÃ¡steÄnÄ› zaÅ™Ã­zenÃ½,,
N/A,N/A,40Â 000Â KÄ / mÄ›sÃ­c,"NabÃ­zÃ­me k dlouhodobÃ©mu pronÃ¡jmu kompletnÄ› zrekonstruovanÃ½ nÃ­zkoenergetickÃ½ pasivnÃ­ rodinnÃ½ dÅ¯m s udrÅ¾ovanou zahradou o rozloze 381 m2. Dispozice domu je 4+kk, mÃ¡ uÅ¾itnou plochu 120 m2 a nachÃ¡zÃ­ se v atraktivnÃ­ lokalitÄ› DobÅ™ejovic v okrese Praha-vÃ½chod, StÅ™edoÄeskÃ½ kraj.

V pÅ™Ã­zemÃ­ tohoto dvoupodlaÅ¾nÃ­ho domu se rozklÃ¡dÃ¡ obÃ½vacÃ­ pokoj propojenÃ½ s plnÄ› vybavenÃ½m kuchyÅˆskÃ½m koutem, obsahujÃ­cÃ­ modernÃ­ horkovzduÅ¡nou troubu, mikrovlnnou troubu, sklokeramickou varnou desku s vÃ½suvnou digestoÅ™Ã­ a myÄku. SouÄÃ¡stÃ­ obÃ½vacÃ­ho prostoru je takÃ© prostornÃ¡ jÃ­delna s pÅ™Ã­mÃ½m vstupem na zahradu. Pro praktickÃ© ÃºÄely slouÅ¾Ã­ v pÅ™Ã­zemÃ­ komora s praÄkou, suÅ¡iÄkou a ÃºloÅ¾nÃ½mi regÃ¡ly. DÃ¡le zde najdete pÅ™edsÃ­Åˆ s vestavÄ›nÃ½m botnÃ­kem, chodbu a koupelnu se sprchovÃ½m koutem a toaletou.

Ve druhÃ©m patÅ™e se nachÃ¡zÃ­ tÅ™i pokoje, momentÃ¡lnÄ› vyuÅ¾Ã­vanÃ© jako dvÄ› loÅ¾nice a velkÃ¡ Å¡atna. Na tomto podlaÅ¾Ã­ je k dispozici dalÅ¡Ã­ modernÄ› vybavenÃ¡ koupelna se sprchovÃ½m koutem a toaletou.

DÅ¯m je vybaven systÃ©mem vzduchotechniky a podlahovÃ½m vytÃ¡pÄ›nÃ­m, dÃ¡le klimatizacÃ­ a pÅ™edokennÃ­mi Å¾aluziemi pro maximÃ¡lnÃ­ komfort. Na stÅ™eÅ¡e jsou dva solÃ¡rnÃ­ panely, kterÃ© zvyÅ¡ujÃ­ energetickou efektivitu domu. Na pozemku se nachÃ¡zÃ­ zastÅ™eÅ¡enÃ© parkovacÃ­ stÃ¡nÃ­ pro dvÄ› aÅ¾ tÅ™i vozidla, s moÅ¾nostÃ­ dalÅ¡Ã­ho parkovÃ¡nÃ­ pÅ™ed domem. ÃštulnÃ¡ zahrada poskytuje ideÃ¡lnÃ­ mÃ­sto pro relaxaci a spoleÄnÃ© chvÃ­le celÃ© rodiny pÅ™i posezenÃ­ pod pergolou, kterÃ¡ je obrostlÃ¡ plodnÃ½mi vinnÃ½mi hrozny. Pro dÄ›ti zÃ¡roveÅˆ pÅ™edstavuje bezpeÄnÃ½ a podnÄ›tnÃ½ prostor, kterÃ½ je vhodnÃ½ jak pro hranÃ­, tak pro uÄenÃ­.
DÅ¯m je k nastÄ›hovÃ¡nÃ­ od 15.6.2025.
MÄ›sÃ­ÄnÃ­ nÃ¡jem 40.000 KÄ. ZÃ¡loha na sluÅ¾by, kterÃ© budou roÄnÄ› vyÃºÄtovÃ¡ny jsou nastaveny takto: 6.000 elektÅ™ina, 1.300 voda, 700 popelnice. VratnÃ¡ kauce 50.000 KÄ. Provize RK 40.000 + DPH.

DobÅ™ejovice se nachÃ¡zejÃ­ v okrese Praha-vÃ½chod, pÅ™ibliÅ¾nÄ› 18 kilometrÅ¯ jihovÃ½chodnÄ› od centra Prahy a 6 kilometrÅ¯ zÃ¡padnÄ› od Å˜Ã­Äan. LokÃ¡lnÃ­ obchodnÃ­ centrum, kterÃ© je vzdÃ¡leno pouhÃ½ch 1,5 kilometru od domu, nabÃ­zÃ­ ideÃ¡lnÃ­ moÅ¾nosti pro relaxaÄnÃ­ prochÃ¡zky. KromÄ› toho jsou DobÅ™ejovice situovÃ¡ny asi 3 kilometry od ÄŒestlic, kde se mÅ¯Å¾ete tÄ›Å¡it na aquapark a rozsÃ¡hlou nÃ¡kupnÃ­ zÃ³nu, a navÃ­c zde vede cyklostezka smÄ›Å™ujÃ­cÃ­ do PrÅ¯honic a do znÃ¡mÃ©ho PrÅ¯honickÃ©ho parku. V obci najdete mateÅ™skou Å¡kolu, poÅ¡tovnÃ­ poboÄku, obchod a takÃ© spojenÃ­ autobusovou dopravou na stanici metra Opatov pro pohodlnÃ½ pÅ™Ã­stup do dalÅ¡Ã­ch ÄÃ¡stÃ­ Prahy.",NÃ­zkoenergetickÃ½ pasivnÃ­ rodinnÃ½ dÅ¯m 4+kk sÂ krÃ¡snou zahradou kÂ dlouhodobÃ©mu pronÃ¡jmu vÂ DobÅ™ejovicÃ­ch,https://www.century21.cz/nemovitosti/pronajem-domy-nizkoenergeticky-pasivni-rodinny-dum-4+kk-s-krasnou-zahradou-k-dlouhodobemu-pronajmu-v-dobrejovicich-id=8a49a22a-229c-4720-8e2a-b56be6061610,Ne,15. 06. 2025,,220V,B â€“ velmi ÃºspornÃ¡,8a49a22a,VeÅ™ejnÃ¡ kanalizace,RodinnÃ© domy,AsfaltovÃ¡,StÅ™edoÄeskÃ½ kraj,121a1fca5e30b8b1fc6f1c19180b15dc611e40015d93dfe0ce06a84e29ca5f14,,"VaÄkÃ¡Å™ova 260, DobÅ™ejovice","Na ulici, VenkovnÃ­",453 mÂ²,120 mÂ²,72 mÂ²,Ano,pÅ™Ã­zemÃ­ (1. NP),2 NP,,,Ne,Po rekonstrukci,Ano (20 mÂ²),ElektrickÃ©,PatrovÃ½,DÅ™evostavba,4+1,JinÃ©,VeÅ™ejnÃ½ vodovod,,,ÄŒÃ¡steÄnÄ› zaÅ™Ã­zenÃ½,"Bojler, ElektrickÃ½ bojler",
N/A,N/A,3Â 200Â 000Â KÄ,"NabÃ­zÃ­me k prodeji byt 2+1 o celkovÃ© vÃ½mÄ›Å™e 52 mÂ² v Å¾Ã¡danÃ© lokalitÄ› na adrese KomenskÃ©ho, VlaÅ¡im. Byt se nachÃ¡zÃ­ ve 9. patÅ™e udrÅ¾ovanÃ©ho panelovÃ©ho domu s vÃ½tahem a je urÄen k celkovÃ© rekonstrukci.

Dispozice bytu:
- obÃ½vacÃ­ pokoj (18,4 m2)
- loÅ¾nice (13m2)
- samostatnÃ¡ kuchyÅˆ (9,3m2)
- koupelna a WC (2,5+0,9 m2)
- pÅ™edsÃ­Åˆ (7m2)
- sklepnÃ­ kÃ³je (1m2)

MoÅ¾nosti Ãºprav:
- Byt mÃ¡ umakartovÃ© jÃ¡dro, kterÃ© je vhodnÃ© k vybourÃ¡nÃ­ a nahrazenÃ­ modernÃ­m zdÄ›dnÃ½m jÃ¡drem.
- PÅ™Ã­Äka mezi obÃ½vacÃ­m pokojem a loÅ¾nicÃ­ mÅ¯Å¾e bÃ½t vybourÃ¡na, ÄÃ­mÅ¾ lze vytvoÅ™it prostornÃ½ obÃ½vacÃ­ prostor.
- CelkovÃ¡ rekonstrukce nabÃ­zÃ­ moÅ¾nost dispoziÄnÃ­ch zmÄ›n a modernizace dle poÅ¾adavkÅ¯ klienta.

ObÄanskÃ¡ vybavenost VlaÅ¡imi:
MÄ›sto VlaÅ¡im nabÃ­zÃ­ kompletnÃ­ obÄanskou vybavenost â€“ naleznete zde mateÅ™skÃ©, zÃ¡kladnÃ­ i stÅ™ednÃ­ Å¡koly, zdravotnickÃ¡ zaÅ™Ã­zenÃ­, obchody, supermarkety, restaurace, kavÃ¡rny a sportovnÃ­ vyÅ¾itÃ­. NechybÃ­ zde poÅ¡ta, banky a kulturnÃ­ instituce. MÄ›sto je dobÅ™e dopravnÄ› dostupnÃ© vlakem i autobusem, coÅ¾ usnadÅˆuje cestovÃ¡nÃ­ do okolnÃ­ch mÄ›st. BeneÅ¡ov 20km, Praha 68km

Byt je v osobnÃ­m vlastnictvÃ­ a je ihned k dispozici pro pÅ™evod a zahÃ¡jenÃ­ rekonstrukce.

Pokud vÃ¡s tato nabÃ­dka zaujala a chcete si byt prohlÃ©dnout osobnÄ›, nevÃ¡hejte nÃ¡s kontaktovat pro vÃ­ce informacÃ­ a sjednÃ¡nÃ­ prohlÃ­dky.",Byt 2+1 VlaÅ¡im,https://www.century21.cz/nemovitosti/prodej-byty-byt-2+1-vlasim-id=b3e4041c-0bf2-42df-bb73-89bc571a948e,Ne,Ihned,"Autobus, MHD, Silnice prvnÃ­ tÅ™Ã­dy, PÅ™Ã­mÄ›stskÃ¡ doprava, Vlak",220V,G â€“ mimoÅ™Ã¡dnÄ› nehospodÃ¡rnÃ¡,b3e4041c,VeÅ™ejnÃ¡ kanalizace,Byty 2+1,,StÅ™edoÄeskÃ½ kraj,228e3767f3bcce07be3b68b3aa019ff16209bdeb4cbb3677eda3f7fd6e7ff9af,,"KomenskÃ©ho, VlaÅ¡im",Na ulici,,52 mÂ²,,Ano,9. patro (10. NP),12 NP,1980,Internet,Ano (1 mÂ²),PÅ™ed rekonstrukcÃ­,Ne,,,Panel,2+1,OsobnÃ­,VeÅ™ejnÃ½ vodovod,Ano,,NezaÅ™Ã­zenÃ½,DÃ¡lkovÃ© vytÃ¡pÄ›nÃ­,VelkÃ© mÄ›sto
N/A,N/A,3Â 465Â 000Â KÄ,"ModernÃ­ byt na investici i na bydlenÃ­ v obci Hodonice, kterÃ¡ je nejvÄ›tÅ¡Ã­ vesnicÃ­ na okr. Znojmo!

Prodej modernÃ­ho bytu 2+kk v HodonicÃ­ch, situovanÃ½ v JihomoravskÃ©m kraji v okrese Znojmo, na ulici PanskÃ¡. Tato lokalita nabÃ­zÃ­ klid a pohodu zaÅ™azenou ve vesnickÃ©m prostÅ™edÃ­, pÅ™iÄemÅ¾ v blÃ­zkosti nechybÃ­ ani veÅ¡kerÃ¡ obÄanskÃ¡ vybavenost.

BytovÃ½ dÅ¯m je navrÅ¾en jako ÄtyÅ™podlaÅ¾nÃ­ s vÃ½tahem, kdy podzemnÃ­ podlaÅ¾Ã­ bude slouÅ¾it pro parkovÃ¡nÃ­. DÅ¯m je vkusnÄ› zasazenÃ½ do terÃ©nu a poslednÃ­ patra zaruÄujÃ­ krÃ¡snÃ½ vÃ½hled do okolnÃ­ krajiny.

SouhrnnÃ½ popis:
 Celkem bytÅ¯ 1. etapy: 14 bytÅ¯
 Dispozice: 1+kk aÅ¾ 4+kk
 UvedenÃ½ byt: 6A, II. NP, podlahovÃ¡ plocha vÄ. balkonu 54 m2, uÅ¾itnÃ¡ plocha bytu 43 m2 + 11 m2 balkon

 K bytu je moÅ¾nost dokoupit:
 - parkovacÃ­ stÃ¡nÃ­ venkovnÃ­ / garÃ¡Å¾ovÃ© podzemnÃ­ = 224 000 KÄ vÄ. DPH 
 - sklepnÃ­ kÃ³je = 39 200 KÄ vÄ. DPH

 - PENB: B
 - podlahovÃ© teplovodnÃ­ vytÃ¡pÄ›nÃ­ pomocÃ­ centrÃ¡lnÃ­ho tepelnÃ©ho Äerpadla
 - pÅ™Ã­prava na klimatizaci
 - zvÃ½hodnÄ›nÃ© nabÃ­dky dodÃ¡nÃ­ a montÃ¡Å¾e kuchyÅˆskÃ© linky pÅ™Ã­mo od investora
 - balkon bytu nenÃ­ zasklenÃ½, ale jeho rozloha umoÅ¾Åˆuje pohodlnÃ© sezenÃ­ v teplÃ½ch mÄ›sÃ­cÃ­ch. Byt je situovÃ¡n ve zdÄ›nÃ© budovÄ›, coÅ¾ zajiÅ¡Å¥uje dobrÃ© izolaÄnÃ­ 
   vlastnosti a stÃ¡lÃ½ komfort pro bydlenÃ­
- novÃ½ majitel mÃ¡ moÅ¾nost vyuÅ¾Ã­vat vÃ½tah v domÄ›, coÅ¾ je velkÃ© plus pro pohodlnÄ›jÅ¡Ã­ pÅ™Ã­stup. HypotÃ©ka na tento byt je moÅ¾nÃ¡, coÅ¾ mÅ¯Å¾e usnadnit financovÃ¡nÃ­ pro 
  potenciÃ¡lnÃ­ kupce.

Ve standardnÃ­m provedenÃ­ kaÅ¾dÃ©ho bytu jsou laminÃ¡tovÃ© podlahy EGGER, obklady a dlaÅ¾by v koupelnÄ› a na toaletÄ› vÄ. sanity (sprchovÃ© kouty s odtokovÃ½m Å¾lÃ¡bkem Walk-In, WC, umyvadlo, baterie, zrcadlo s LED podsvÃ­cenÃ­m), interiÃ©rovÃ© dveÅ™e, bezpeÄnostnÃ­ vstupnÃ­ dveÅ™e a okna s trojskly. 

NejvÄ›tÅ¡Ã­ obec na okrese Znojmo nabÃ­zÃ­ pro svÃ© obÄany vÅ¡echno, co mÅ¯Å¾ete oÄekÃ¡vat od modernÃ­ obce, kterÃ¡ kulturnÄ› i spoleÄensky Å¾ije.
VinaÅ™skÃ¡ obec Hodonice leÅ¾Ã­ na jiÅ¾nÃ­ MoravÄ› v okrese Znojmo. Obec se rozklÃ¡dÃ¡ asi 10 kilometrÅ¯ vÃ½chodnÄ› od Znojma a pÅ™ibliÅ¾nÄ› 11 kilometrÅ¯ severnÄ› od rakouskÃ½ch hranic. Tato oblast je v tÄ›snÃ© blÃ­zkosti turisticky atraktivnÃ­ho NÃ¡rodnÃ­ho parku PodyjÃ­. 

Obec je dobÅ™e dopravnÄ› dostupnÃ¡ jak vlakem tak autobusem. LeÅ¾Ã­ na hlavnÃ­ silnici vedoucÃ­ ze Znojma na hraniÄnÃ­ pÅ™echod HevlÃ­n. ObÄanÃ© i turistÃ© zde disponujÃ­ dobrou sociÃ¡lnÃ­ a obÄanskou vybavenostÃ­ (praktickÃ½ lÃ©kaÅ™, mateÅ™skÃ¡ Å¡kolka, DPS, kulturnÃ­ dÅ¯m, knihovna, sportovnÃ­ areÃ¡l, poÅ¡ta, atd.).

CelÃ½m prÅ¯bÄ›hem financovÃ¡nÃ­ rÃ¡di provedeme  napÅ™.: prodÃ¡vÃ¡te byt/dÅ¯m a chtÄ›li byste koupit novÃ½ byt? VÃ­me, jak na to!

Budu se moc tÄ›Å¡it na vaÅ¡e zavolÃ¡nÃ­ a osobnÃ­ schÅ¯zku!","Prodej bytu 2+kk, 54Â mÂ², Hodonice",https://www.century21.cz/nemovitosti/prodej-byty-prodej-bytu-2+kk-54-m2-hodonice-id=ac38869f-87d3-43a2-bb7a-caca1bf45aed,Ano (11 mÂ²),30. 09. 2026,"Autobus, Silnice prvnÃ­ tÅ™Ã­dy, Vlak","220V, 380V",B â€“ velmi ÃºspornÃ¡,ac38869f,VeÅ™ejnÃ¡ kanalizace,Byty 2+kk,AsfaltovÃ¡,JihomoravskÃ½ kraj,59abff0ad51c52dd9f0b19380b661c71789ad4519e33117387d941ad66d9d8b1,,"PanskÃ¡, Znojmo","PÅ™idÄ›lenÃ©, GarÃ¡Å¾",1 mÂ²,54 mÂ²,,NenÃ­,1. patro (2. NP),4 NP,2025,"Internet, KabelovÃ© rozvody",Ano (3 mÂ²),Novostavba,Ne,TepelnÃ© Äerpadlo,,Cihla,2+kk,OsobnÃ­,VeÅ™ejnÃ½ vodovod,Ano,,ÄŒÃ¡steÄnÄ› zaÅ™Ã­zenÃ½,StejnÃ© jako vytÃ¡pÄ›nÃ­,Vesnice
N/A,N/A,3Â 590Â 000Â KÄ,"Na pozemku o rozloze 474 mÂ² se nachÃ¡zÃ­ pÅ™Ã­zemnÃ­ chata s obytnÃ½m podkrovÃ­m o ploÅ¡e cca 24 mÂ². PÅ™Ã­zemÃ­, postavenÃ© z kamene, ukrÃ½vÃ¡ kuchyÅˆ, koupelnu se sprchovÃ½m koutem a WC a takÃ© praktickÃ½ kamennÃ½ sklep. DÃ¡le je zde obytnÃ¡ mÃ­stnost, ze kterÃ© se po sklÃ¡pÄ›cÃ­ch schodkÃ¡ch dostanete do 2 menÅ¡Ã­ch pokojÅ¯.
VytÃ¡pÄ›nÃ­ zajiÅ¡Å¥ujÃ­ kamna, kterÃ¡ dodÃ¡vajÃ­ interiÃ©ru Ãºtulnou atmosfÃ©ru, v obytnÃ© mÃ­stnosti je umÃ­stÄ›na klimatizace a pÅ™Ã­motopy. OhÅ™ev vody zajiÅ¡Å¥uje bojler.
PÅ™ed chatou si mÅ¯Å¾ete uÅ¾Ã­vat chvÃ­le pohody na terase s krbem a posezenÃ­m. Zahrada je v mÃ­rnÃ©m svahu a nabÃ­zÃ­ terasovitÃ© zÃ¡hony, ideÃ¡lnÃ­ pro pÄ›stovÃ¡nÃ­ bylinek Äi zeleniny.
Chata je napojena na obecnÃ­ vodovod a elektÅ™inu, coÅ¾ umoÅ¾Åˆuje celoroÄnÃ­ vyuÅ¾itÃ­. Dle novÃ©ho ÃºzemnÃ­ho plÃ¡nu je moÅ¾nÃ© chatu dÃ¡le rozÅ¡Ã­Å™it, coÅ¾ otevÃ­rÃ¡ dalÅ¡Ã­ moÅ¾nosti pro jejÃ­ vyuÅ¾itÃ­. K chatÄ› je moÅ¾nÃ½ bezproblÃ©movÃ½ pÅ™Ã­jezd autem.
OkolÃ­, kterÃ© vÃ¡s okouzlÃ­
Kanice jsou malebnÃ¡ obec leÅ¾Ã­cÃ­ asi 10 km severovÃ½chodnÄ› od Brna, na jiÅ¾nÃ­ hranici CHKO MoravskÃ½ kras. Obklopeny zalesnÄ›nÃ½mi kopci a mÃ­rnÃ½m ÃºdolÃ­m, nabÃ­zejÃ­ ideÃ¡lnÃ­ prostÅ™edÃ­ pro odpoÄinek i aktivnÃ­ rekreaci. 
V obci najdete zÃ¡kladnÃ­ obÄanskou vybavenost, jako je obchod, restaurace a zastÃ¡vka autobusu. DÃ­ky blÃ­zkosti Brna mÃ¡te zÃ¡roveÅˆ na dosah veÅ¡kerÃ© sluÅ¾by a moÅ¾nosti, kterÃ© mÄ›sto nabÃ­zÃ­.
MoravskÃ½ kras na dosah
Chata se nachÃ¡zÃ­ na jiÅ¾nÃ­ hranici CHKO MoravskÃ½ kras, nejrozsÃ¡hlejÅ¡Ã­ho krasovÃ©ho ÃºzemÃ­. Tato oblast je znÃ¡mÃ¡ svÃ½mi vÃ­ce neÅ¾ 1100 jeskynÄ›mi. 
KromÄ› jeskynÃ­ nabÃ­zÃ­ MoravskÃ½ kras takÃ© hlubokÃ© kaÅˆony, propasti a bohatou faunu a flÃ³ru, coÅ¾ z nÄ›j ÄinÃ­ ideÃ¡lnÃ­ mÃ­sto pro milovnÃ­ky pÅ™Ã­rody a turistiky. Kdo rÃ¡d houbaÅ™Ã­ nebo jezdÃ­ na kole, tak si takÃ© pÅ™ijde na svÃ©.
Pokud hledÃ¡te mÃ­sto, kde mÅ¯Å¾ete uniknout ruchu mÄ›sta a naÄerpat novou energii, tato chata v KanicÃ­ch je tou pravou volbou. PÅ™ijÄte se pÅ™esvÄ›dÄit a domluvte si prohlÃ­dku.",Prodej chaty naÂ klidnÃ©m mÃ­stÄ› vÂ KanicÃ­ch uÂ Brna,https://www.century21.cz/nemovitosti/prodej-domy-prodej-chaty-na-klidnem-miste-v-kanicich-u-brna-id=bf530c75-cfb0-4a73-813a-a7945904d7fc,Ne,Ihned,,380V,G â€“ mimoÅ™Ã¡dnÄ› nehospodÃ¡rnÃ¡,bf530c75,Septik,Chaty,,JihomoravskÃ½ kraj,496002a44ed55e056c1a73937d22e8c9b043505a4cd4de7f048e5af98cf431a1,,Kanice,VenkovnÃ­,474 mÂ²,45 mÂ²,23 mÂ²,NenÃ­,,2 NP,,,Ano,DobrÃ½,Ne,,PatrovÃ½,SmÃ­Å¡enÃ¡,2+1,OsobnÃ­,VeÅ™ejnÃ½ vodovod,,,,,
N/A,N/A,22Â 800Â KÄ / mÄ›sÃ­c,"NabÃ­zÃ­me VÃ¡m ÃºplnÄ› novÃ½ byt po kompletnÃ­ rekonstrukci v centru Brna na ulici PanskÃ¡. Byt mÃ¡ dispozici 2+1 (jeden pokoj prÅ¯chozÃ­ do druhÃ©ho) a podlahovou plochu 77 m2. Byt je k dispozici od 1.6.2025.

Byt mÃ¡ prostornou chodbu ze kterÃ© jsou pÅ™Ã­stupnÃ© pokoje, kuchynÄ›, spÃ­Å¾ka, koupelna s vanou a samostatnÃ¡ toaleta. LoÅ¾nice je pÅ™Ã­stupnÃ¡ z obÃ½vacÃ­ho pokoje, kterÃ½ je prÅ¯chozÃ­. KuchynÄ› je vybavena varnou deskou, troubou, lednicÃ­, myÄkou a je z nÃ­ pÅ™Ã­stup na balkÃ³n. 
K nÃ¡jmu je nutnÃ© pÅ™ipoÄÃ­st sluÅ¾by v pauÅ¡Ã¡lu ve vÃ½Å¡i 3.882,- KÄ ( pro dvÄ› os., kaÅ¾dÃ¡ dalÅ¡Ã­ os. je + 500 KÄ vÄ. DPH) a elektÅ™ina se pÅ™episuje na nÃ¡jemce (3000 KÄ). SluÅ¾by obsahujÃ­ odpady, el. spoleÄnÃ½ch prostor, vÃ½tahy, Ãºklidy, vodnÃ© a stoÄnÃ© do vÃ½Å¡e 40 m3/os./mÄ›sÃ­c. PronajÃ­mÃ¡ se nezaÅ™Ã­zenÃ½.
Jistota je ve vÃ½Å¡i dvou nÃ¡jmÅ¯ 45.600,- KÄ a dÃ¡ se hradit na dvakrÃ¡t. Provize pro RK je jeden nÃ¡jem plus 21% DPH.

Pro vÃ­ce informacÃ­ kontaktujte maklÃ©Å™e Petra VyskoÄila.","KrÃ¡snÃ½ novÃ½ byt poÂ rekonstrukci 2+1, 77Â mÂ² naÂ ul. PanskÃ¡ 10",https://www.century21.cz/nemovitosti/pronajem-byty-krasny-novy-byt-po-rekonstrukci-2+1-77-m2-na-ul-panska-10-id=f4850aff-335c-4b68-82c7-a38f8d905e58,Ano (1 mÂ²),Ihned,,,E â€“ nehospodÃ¡rnÃ¡,f4850aff,NenÃ­,Byty 2+1,,JihomoravskÃ½ kraj,3db8fd160ae0f2f343e61f5360d024dd35b6d42e0299524af1981a9db28a49cc,,"PanskÃ¡ 391/12, Brno-mÄ›sto",Na ulici,,77 mÂ²,,,2. patro (3. NP),6 NP,,,Ne,Po rekonstrukci,Ne,,,Cihla,2+1,OsobnÃ­,,Ano,3 m,NezaÅ™Ã­zenÃ½,,
N/A,N/A,1Â 422Â 900Â â‚¬,"Brodarica, stavebnÃ­ pozemek o rozloze 5270 mÂ².VeÅ¡kerÃ¡ potÅ™ebnÃ¡ infrastruktura se nachÃ¡zÃ­ pÅ™Ã­mo u pozemku. Pozemek lze rozdÄ›lit na vÄ›tÅ¡Ã­ mnoÅ¾stvÃ­ parcel.Pozemek mÃ¡ pravidelnÃ½ tvar, s pÅ™ibliÅ¾nÃ½mi rozmÄ›ry 100x50 metrÅ¯. MÃ¡ pÅ™Ã­stup k asfaltovÃ© silnici.Pro jakÃ©koliv dalÅ¡Ã­ informace jsme VÃ¡m k dispozici.","Prodej pozemku, 5270Â mÂ², Brodarica, Chorvatsko",https://www.century21.cz/nemovitosti/prodej-pozemky-prodej-pozemku-5270-m2-brodarica-chorvatsko-id=d3b0eaf5-cfe3-4668-ae24-d46159da2817,,Ihned,,,,d3b0eaf5,,StavebnÃ­ pozemky smÃ­Å¡enÃ©,,Å ibenicko-kninskÃ¡ Å¾upa,5d82b7a834a0e22a55a9b4120e2ab96d70dada18b1856f3660166b585ca22b27,,"Ulica Gomnjanik 50, Å ibenik",Bez parkovÃ¡nÃ­,5Â 270 mÂ²,,,,,,,,,,,,,SmÃ­Å¡enÃ¡,AtypickÃ½,OsobnÃ­,,,,,,
N/A,N/A,3Â 990Â 000Â KÄ,"Relax v srdci KrkonoÅ¡! ÃštulnÃ½ apartmÃ¡n v Rokytnici â€“ ideÃ¡lnÃ­ pro jednotlivce, pÃ¡ry i rodiny!

PÅ™edstavte si romantickÃ½ vÃ­kend ve dvou po dni strÃ¡venÃ©m na horskÃ½ch tÃºrÃ¡ch. Nebo rodinnou dovolenou plnou lyÅ¾ovÃ¡nÃ­, vÃ½letÅ¯ a smÃ­chu vaÅ¡ich dÄ›tÃ­. Tento apartmÃ¡n v Rokytnici nad Jizerou je ideÃ¡lnÃ­ zÃ¡kladnou pro obojÃ­.

ProÄ si zamilujete prÃ¡vÄ› tento apartmÃ¡n?

- PerfektnÃ­ velikost: PromyÅ¡lenÃ½ prostor o dispozici 1+kk a ploÅ¡e 27,5 mÂ² nabÃ­zÃ­ pohodlÃ­ pro jednotlivce, pÃ¡ry i menÅ¡Ã­ rodinu (1-2 dÄ›ti).

- SkvÄ›lÃ¡ lokalita: KlidnÃ© horskÃ© stÅ™edisko s vÃ½bornou dostupnostÃ­ ke sjezdovkÃ¡m, turistickÃ½m trasÃ¡m i cyklostezkÃ¡m. 

- PraktickÃ© vybavenÃ­: plnÄ› zaÅ™Ã­zenÃ½ apartmÃ¡n vhodnÃ½ k okamÅ¾itÃ©mu vyuÅ¾itÃ­, s manÅ¾elskou postelÃ­ a pÅ™istÃ½lkou, plnÄ› vybavenÃ¡ kuchyÅˆskÃ¡ linka s mikrovlnou troubou a vestavÄ›nou lednicÃ­ s mrazÃ¡kem, koupelna se sprchovÃ½m koutem, ÃºloÅ¾nÃ© prostory, uzamykatelnÃ½ prostor v pÅ™Ã­zemÃ­ domu pro uskladnÄ›nÃ­ lyÅ¾aÅ™skÃ©ho vybavenÃ­.

- InvestiÄnÃ­ potenciÃ¡l: DÃ­ky svÃ© atraktivnÃ­ poloze a velikosti je apartmÃ¡n skvÄ›lou investiÄnÃ­ pÅ™Ã­leÅ¾itostÃ­ pro krÃ¡tkodobÃ© pronÃ¡jmy. NÃ­zkÃ© celkovÃ© mÄ›sÃ­ÄnÃ­ nÃ¡klady do 1.500 KÄ a perfektnÃ­ sprÃ¡va domu jsou velkÃ½m plus. 

- UmÃ­stÄ›nÃ­ v domÄ›: V Ãºrovni pÅ™Ã­jezdovÃ© komunikace v blÃ­zkosti vchodu ocenÃ­ jak rodiÄe s malÃ½mi dÄ›tmi tak hostÃ© se snÃ­Å¾enou mobilitou. VÃ½hled je do zelenÄ›.

- VÃ½hody domu: CihlovÃ¡ novostavba z roku 2014, ÃºstÅ™ednÃ­ centrÃ¡lnÃ­ vytÃ¡pÄ›nÃ­ a vlastnÃ­ zdroj vody, ÃºtulnÃ¡ klubovÃ¡ restaurace urÄenÃ¡ vÃ½hradnÄ› pro hosty apartmÃ¡nÅ¯. Na slunnÃ© terase si v lÃ©tÄ› mÅ¯Å¾ete vychutnat svoji rannÃ­ kÃ¡vu, dÄ›ti si uÅ¾ijÃ­ dovÃ¡dÄ›nÃ­ na bezpeÄnÃ©m dÄ›tskÃ©m hÅ™iÅ¡ti s pÃ­skoviÅ¡tÄ›m a trampolÃ­nou pÅ™Ã­mo u domu. 

- ParkovÃ¡nÃ­: na oznaÄenÃ©m krytÃ©m parkovacÃ­m stÃ¡nÃ­.

- FinancovÃ¡nÃ­: V pÅ™Ã­padÄ› preference financovÃ¡nÃ­ hypotÃ©kou VÃ¡m rÃ¡da pomohu i v procesu jejÃ­ho zajiÅ¡tÄ›nÃ­.

OkolÃ­ a aktivity:

DÅ¯m se nachÃ¡zÃ­ v lese nad mÄ›stem na turisticky znaÄenÃ© stezce, ideÃ¡lnÃ­ pro nenÃ¡roÄnÃ© prochÃ¡zky v lÃ©tÄ› 
s koÄÃ¡rkem i malÃ½mi dÄ›tmi po vrstevnici k nedalekÃ© kapliÄce (do 20 minut chÅ¯ze), kde si v zimÄ› bÄ›Å¾kaÅ™i vychutnajÃ­ upravenÃ© tratÄ›. AsfaltovÃ¡ pÅ™Ã­jezdovÃ¡ cesta je v zimÄ› prÅ¯jezdnÃ¡ bez nutnosti pouÅ¾itÃ­ Å™etÄ›zÅ¯. 
 
V Rokytnici jsou k dispozici sjezdovky v celkovÃ© dÃ©lce pÅ™es 14km, nejdelÅ¡Ã­ z nich z LysÃ© hory je zasnÄ›Å¾ovanÃ¡. VaÅ¡e dÄ›ti se mohou nauÄit lyÅ¾ovat v pouze 100m vzdÃ¡lenÃ©m areÃ¡lu Studenov. VyuÅ¾Ã­t mÅ¯Å¾ete takÃ© nedalekÃ½ Harrachov Äi Paseky, bÄ›Å¾kaÅ™i uvÃ­tajÃ­ biatlonovÃ½ areÃ¡l za hranicemi ve Szklarske Porebe s volnÄ› pÅ™Ã­stupnÃ½mi trasami a zÃ¡zemÃ­m s restauracÃ­ i pÅ¯jÄovnou vybavenÃ­. 

V lÃ©tÄ› ocenÃ­te malebnÃ© turistickÃ© trasy a cyklostezky s ÃºchvatnÃ½mi vÃ½hledy na KrkonoÅ¡e. Za 10 minut dojdete na nÃ¡mÄ›stÃ­ s restauracemi, supermarketem Tesco (otevÅ™enÃ½ dennÄ›), obchody vÄetnÄ› farmÃ¡Å™skÃ©ho s lokÃ¡lnÃ­mi produkty, prodejnou sportovnÃ­ho vybavenÃ­, poÅ¡tou, bankomatem, mÄ›stskÃ½m ÃºÅ™adem, zastÃ¡vkami autobusÅ¯ a dalÅ¡Ã­mi sluÅ¾bami pro vÃ¡Å¡ komfortnÃ­ pobyt. 

Nenechte si ujÃ­t tuto jedineÄnou pÅ™Ã­leÅ¾itost vlastnit svÅ¯j kousek KrkonoÅ¡! Zavolejte a pÅ™ijeÄte si apartmÃ¡n prohlÃ©dnout.","Prodej bytu 1+kk 27,5Â mÂ²",https://www.century21.cz/nemovitosti/prodej-byty-prodej-bytu-1+kk-27-5-m2-id=c9b8675c-1e02-4439-8882-3fbc9738593b,Ne,Ihned,"Autobus, OsobnÃ­ auto",220V,G â€“ mimoÅ™Ã¡dnÄ› nehospodÃ¡rnÃ¡,c9b8675c,VeÅ™ejnÃ¡ kanalizace,Byty 1+kk,AsfaltovÃ¡,LibereckÃ½ kraj,3bd4ecdd2e1e9dc0ac5594b52d14607eef615b81f47eadcfafec2ada02c1c132,,"DolnÃ­ Rokytnice, Rokytnice nad Jizerou",KrytÃ©,,28 mÂ²,,Ano,pÅ™Ã­zemÃ­ (1. NP),3 NP,2014,"ADSL, KabelovÃ© rozvody",Ano (10 mÂ²),Velmi dobrÃ½,Ne,PlynovÃ©,,Cihla,1+kk,OsobnÃ­,Studna,,,ZaÅ™Ã­zenÃ½,,MalÃ© mÄ›sto
N/A,N/A,5Â 990Â 000Â KÄ,"HledÃ¡te mÃ­sto, kde zaÄnete ÃºplnÄ› od zaÄÃ¡tku a vytvoÅ™Ã­te si domov pÅ™esnÄ› podle svÃ½ch pÅ™edstav?HledÃ¡te prostor, kde si vÅ¡e vytvoÅ™Ã­te podle sebe? Tohle mÃ­sto vÃ¡m dÃ¡vÃ¡ volnÃ© ruce â€“ a skvÄ›lou polohu k tomu. Nemovitost je urÄena ke kompletnÃ­ rekonstrukci, coÅ¾ z nÃ­ dÄ›lÃ¡ ideÃ¡lnÃ­ volbu pro ty, kteÅ™Ã­ chtÄ›jÃ­ tvoÅ™it bez omezenÃ­ â€“ aÅ¥ uÅ¾ plÃ¡nujete rodinnÃ© bydlenÃ­, vÃ­kendovou chalupu, nebo menÅ¡Ã­ investiÄnÃ­ projekt. 

DÅ¯m se nachÃ¡zÃ­ v klidnÃ© obci Vinec, jen pÃ¡r minut od MladÃ© Boleslavi. Je v pÅ¯vodnÃ­m stavu a vyÅ¾aduje celkovou rekonstrukci, dÃ­ky kterÃ© si ale mÅ¯Å¾ete vÅ¡e pÅ™izpÅ¯sobit vlastnÃ­m potÅ™ebÃ¡m a stylu. MÃ¡ dvÄ› plnohodnotnÃ¡ nadzemnÃ­ podlaÅ¾Ã­, zÄÃ¡sti pÅ¯vodnÃ­ dÅ™evÄ›nÃ¡ a zÄÃ¡sti plastovÃ¡ okna, terasu i sklep. U domu se nachÃ¡zÃ­ menÅ¡Ã­ pozemek, kterÃ½ poskytuje dostatek prostoru pro odpoÄinek, zahrÃ¡dku i zÃ¡zemÃ­ k posezenÃ­. Pro uloÅ¾enÃ­ rÅ¯znÃ©ho nÃ¡Å™adÃ­ nebo tÅ™eba kol mÅ¯Å¾e slouÅ¾it i menÅ¡Ã­ domek u domu. ParkovÃ¡nÃ­ je moÅ¾nÃ© pÅ™Ã­mo u domu.

Vinec je pÅ™Ã­jemnÃ¡, klidnÃ¡ obec s vesnickÃ½m charakterem, kterÃ¡ tÄ›Å¾Ã­ z vÃ½bornÃ© dostupnosti â€“ do MladÃ© Boleslavi se dostanete autem za 5 minut, do Prahy za cca 40 minut. VeÅ¡kerÃ¡ obÄanskÃ¡ vybavenost (Å¡koly, Å¡kolky, obchody, lÃ©kaÅ™i, kultura, sport) je v blÃ­zkÃ©m dosahu. Lokalita zÃ¡roveÅˆ nabÃ­zÃ­ krÃ¡snÃ© pÅ™Ã­rodnÃ­ okolÃ­, ideÃ¡lnÃ­ pro prochÃ¡zky, cyklovÃ½lety a vÃ­kendovÃ© vydechnutÃ­ z mÄ›stskÃ©ho tempa.

PÅ™ijeÄte se podÃ­vat, projdÄ›te si prostory, zeptejte se na detaily. MoÅ¾nÃ¡ prÃ¡vÄ› tady najdete to, co hledÃ¡te uÅ¾ dlouho.","DÅ¯m kÂ rekonstrukci, Vinec",https://www.century21.cz/nemovitosti/prodej-domy-dum-k-rekonstrukci-vinec-id=e7d06de4-4d24-4675-bf4a-467e6ca9336c,Ne,,,380V,G â€“ mimoÅ™Ã¡dnÄ› nehospodÃ¡rnÃ¡,e7d06de4,Å½umpa,RodinnÃ© domy,,StÅ™edoÄeskÃ½ kraj,1e42ec5296e06cf2cd7e9993f821cd5252da80116a500d0b8e1bdc61bc5ca5c7,,"93, Vinec","Na ulici, VenkovnÃ­",574 mÂ²,157 mÂ²,117 mÂ²,NenÃ­,,2 NP,,,Ano,PÅ™ed rekonstrukcÃ­,Ano,,,"Cihla, SmÃ­Å¡enÃ¡",5+1,JinÃ©,VeÅ™ejnÃ½ vodovod,,,,,
N/A,N/A,Cena na vyÅ¾Ã¡dÃ¡nÃ­,"V klidnÃ© obci Å˜Ã­Äky u Brna nabÃ­zÃ­me k prodeji slunnÃ½ stavebnÃ­ pozemek o vÃ½mÄ›Å™e 1 139 mÂ². NachÃ¡zÃ­ se v novÃ© zÃ¡stavbÄ› modernÃ­ch rodinnÃ½ch domÅ¯ a je ideÃ¡lnÃ­ pro vÃ½stavbu rodinnÃ©ho domu s pÅ™Ã­zemÃ­m a obytnÃ½m podkrovÃ­m se sedlovou stÅ™echou. Dle ÃºzemnÃ­ho plÃ¡nu je moÅ¾nÃ© zastavÄ›t aÅ¾ 40 % plochy.

Pozemek mÃ¡ Å¡Ã­Å™ku 22 metrÅ¯ a dÃ©lku 52 metrÅ¯. TerÃ©n je velmi mÃ­rnÄ› svaÅ¾itÃ½, coÅ¾ umoÅ¾Åˆuje pohodlnou realizaci stavby i zahradnÃ­ho prostoru. ÄŒelnÃ­ strana pozemku smÄ›rem k pÅ™Ã­jezdovÃ© cestÄ› mÃ¡ orientaci na severozÃ¡pad, zatÃ­mco zadnÃ­, klidovÃ¡ ÄÃ¡st, ideÃ¡lnÃ­ pro zahradu a relaxaÄnÃ­ zÃ³nu, je orientovÃ¡na na jihovÃ½chod, tedy se sluncem po vÄ›tÅ¡inu dne.

VeÅ¡kerÃ© inÅ¾enÃ½rskÃ© sÃ­tÄ› jsou pÅ™ipraveny, pÅ™Ã­pojka vody a kanalizace se nachÃ¡zÃ­ pÅ™Ã­mo pÅ™ed pozemkem a elektÅ™ina je jiÅ¾ pÅ™ivedena na pozemek, coÅ¾ umoÅ¾Åˆuje okamÅ¾itÃ© napojenÃ­ a zahÃ¡jenÃ­ stavby bez zbyteÄnÃ½ch prÅ¯tahÅ¯.

Obec Å˜Ã­Äky nabÃ­zÃ­ zÃ¡kladnÃ­ obÄanskou vybavenost, najdete zde obchod s potravinami, dÄ›tskÃ© i fotbalovÃ© hÅ™iÅ¡tÄ› a mÃ­stnÃ­ hospÅ¯dku. MateÅ™skÃ¡ Å¡kola a zÃ¡kladnÃ­ Å¡kola pro 1.â€“5. roÄnÃ­k se nachÃ¡zÃ­ v nedalekÃ©m DomaÅ¡ovÄ› (3 minuty autem). Pro Å¾Ã¡ky 6.â€“9. roÄnÃ­ku je k dispozici plnÄ› vybavenÃ¡ zÃ¡kladnÃ­ Å¡kola v OstrovaÄicÃ­ch (pÅ™ibliÅ¾nÄ› 5 minut jÃ­zdy), kterÃ¡ nabÃ­zÃ­ vÃ½uku od 1. do 9. roÄnÃ­ku.

DopravnÃ­ dostupnost je vÃ½bornÃ¡, autobusovÃ¡ linka 401 vÃ¡s doveze pÅ™Ã­mo k FakultnÃ­ nemocnici v BrnÄ›â€“BohunicÃ­ch, odkud lze pohodlnÄ› pokraÄovat tramvajÃ­ Ä. 8 do centra mÄ›sta. Autem jste v BrnÄ› do 25 minut. NÃ¡jezd na dÃ¡lnici D1 je moÅ¾nÃ½ jak u DomaÅ¡ova (exit 168), tak u OstrovaÄic (exit 178), obojÃ­ do 5 minut jÃ­zdy.

Pro volnoÄasovÃ© aktivity a prochÃ¡zky s rodinou nabÃ­zÃ­ okolÃ­ Å˜Ã­Äek krÃ¡snÃ© pÅ™Ã­rodnÃ­ scenÃ©rie â€“ vyrazit mÅ¯Å¾ete k rybnÃ­ku BahÅˆÃ¡k, do lesÅ¯ smÄ›rem na Å˜Ã­Äany nebo po polnÃ­ch cestÃ¡ch s vÃ½hledy na krajinu. OkolÃ­ je ideÃ¡lnÃ­ i pro cyklovÃ½lety a klidnÃ© vÃ­kendovÃ© vÃ½lety.

Pokud hledÃ¡te mÃ­sto pro pohodlnÃ½ rodinnÃ½ Å¾ivot s vÃ½bornÃ½m zÃ¡zemÃ­m, pÅ™Ã­rodou na dosah a skvÄ›lou dostupnostÃ­ do Brna, tento pozemek mÅ¯Å¾e bÃ½t prÃ¡vÄ› tÃ­m pravÃ½m.",LukrativnÃ­ stavebnÃ­ pozemek 1139Â mÂ² vÂ zÃ¡stavbÄ› novÃ½ch rodinnÃ½m domÅ¯ vÂ Å˜Ã­Äka uÂ Brna,https://www.century21.cz/nemovitosti/prodej-pozemky-lukrativni-stavebni-pozemek-1139m2-v-zastavbe-novych-rodinnym-domu-v-ricka-u-brna-id=48f72a57-7c2e-46ec-93f2-7146b1f42253,,,"Autobus, MHD, Silnice prvnÃ­ tÅ™Ã­dy, DÃ¡lnice, OsobnÃ­ auto",,,48f72a57,VeÅ™ejnÃ¡ kanalizace,Pozemky pro bydlenÃ­,AsfaltovÃ¡,JihomoravskÃ½ kraj,24fc014ee922528d33574f9d06211ff192483d779bbdd53d7208ec9003e8d872,,"Å˜Ã­Äky u Brna, Å˜Ã­Äky",,1Â 139 mÂ²,,,NenÃ­,,,,Telefon,,,,,,,,OsobnÃ­,VeÅ™ejnÃ½ vodovod,,,,,Vesnice
N/A,N/A,9Â 600Â 000Â KÄ,"HledÃ¡te domov, kterÃ½ pÅ¯sobÃ­ modernÄ›, ale zÃ¡roveÅˆ hÅ™ejivÄ›? Kde kaÅ¾dÃ½ kout dÃ¡vÃ¡ smysl a kde se hned po pÅ™Ã­chodu cÃ­tÃ­te â€domaâ€œ?
V Nehvizdech na vÃ¡s ÄekÃ¡ pÅ™esnÄ› takovÃ½ â€“ byt 3+kk o velikosti 65,9 mÂ² s balkonem (2,13 mÂ²), sklepnÃ­ kÃ³jÃ­ a vlastnÃ­m venkovnÃ­m parkovacÃ­m stÃ¡nÃ­m.

Byt se nachÃ¡zÃ­ ve 3. patÅ™e energeticky ÃºspornÃ©ho domu bez vÃ½tahu, kterÃ½ je souÄÃ¡stÃ­ modernÃ­ho projektu Canaba. DÃ­ky energetickÃ© tÅ™Ã­dÄ› B vÃ¡s potÄ›Å¡Ã­ nÃ­zkÃ½mi mÄ›sÃ­ÄnÃ­mi nÃ¡klady a promyÅ¡lenÃ½m provedenÃ­m.

Co vÃ¡s na tomto bytÄ› nadchne:
VzduÅ¡nÃ½ obÃ½vacÃ­ prostor s kuchyÅˆskÃ½m koutem, propojenÃ½ s balkonem â€“ interiÃ©r je ladÄ›nÃ½ do svÄ›tlÃ½ch a pÅ™Ã­rodnÃ­ch tÃ³nÅ¯ a doplnÄ›nÃ½ o vkusnÃ© designovÃ© prvky, kterÃ© vytvÃ¡Å™ejÃ­ pÅ™Ã­jemnou atmosfÃ©ru

KuchyÅˆskÃ¡ linka s vestavÄ›nÃ½mi spotÅ™ebiÄi, dostatkem pracovnÃ­ plochy i ÃºloÅ¾nÃ©ho prostoru

DvÄ› samostatnÃ© loÅ¾nice â€“ hlavnÃ­ loÅ¾nice s postelÃ­ s nebesy a vestavÄ›nou skÅ™Ã­nÃ­, druhÃ½ pokoj aktuÃ¡lnÄ› zaÅ™Ã­zen jako dÄ›tskÃ½ s hernÃ­m a pracovnÃ­m koutem

StylovÃ¡ koupelna v pÅ™Ã­rodnÃ­ch tÃ³nech s vanou, praÄka a suÅ¡iÄka znaÄky AEG

SamostatnÃ© WC s chytrÃ½m ÃºloÅ¾nÃ½m Å™eÅ¡enÃ­m

VstupnÃ­ chodba s ÃºloÅ¾nÃ½m prostorem a mÃ­stem pro vestavbu

Balkon s vÃ½hledem do vnitrobloku â€“ ideÃ¡lnÃ­ na rannÃ­ kÃ¡vu i veÄernÃ­ klid

SklepnÃ­ kÃ³je

VenkovnÃ­ parkovacÃ­ stÃ¡nÃ­ u domu

Lokalita:
Nehvizdy jsou oblÃ­benÃ© pro svou kombinaci klidu a vÃ½bornÃ© dostupnosti. V obci najdete vÅ¡e potÅ™ebnÃ© â€“ Å¡kolku, Å¡kolu, obchody, restaurace, kavÃ¡rnu, sportovnÃ­ halu i dÄ›tskÃ© hÅ™iÅ¡tÄ›.

Do Prahy se dostanete:

cca 10 minut autem na metro ÄŒernÃ½ Most

cca 20 minut pÅ™Ã­mÃ½m autobusem

Byt je ve skvÄ›lÃ©m stavu a pÅ™ipravenÃ½ k nastÄ›hovÃ¡nÃ­ bez nutnosti dalÅ¡Ã­ch investic. IdeÃ¡lnÃ­ volba pro pÃ¡r, mladou rodinu nebo jako investiÄnÃ­ pÅ™Ã­leÅ¾itost.

ğŸ“ Zaujala vÃ¡s tahle nabÃ­dka? OzvÄ›te se mi jeÅ¡tÄ› dnes â€“ rÃ¡da vÃ¡m byt osobnÄ› ukÃ¡Å¾u a odpovÃ­m na vÅ¡e, co vÃ¡s bude zajÃ­mat. MoÅ¾nÃ¡ je to prÃ¡vÄ› ten novÃ½ zaÄÃ¡tek, kterÃ½ jste hledali.","Nehvizdy | ÃštulnÃ½ aÂ stylovÃ½ byt 3+kk sÂ balkonem, sklepem aÂ parkovacÃ­m stÃ¡nÃ­m â€“ 2. patro, nÃ­zkÃ© nÃ¡klady (B)",https://www.century21.cz/nemovitosti/prodej-byty-nehvizdy-|-utulny-a-stylovy-byt-3+kk-s-balkonem-sklepem-a-parkovacim-stanim-2-patro-nizke-naklady-b-id=1ade4c7a-64ba-46fe-bf72-ab96d1669485,Ano (2 mÂ²),,"Autobus, MHD, OsobnÃ­ auto",220V,B â€“ velmi ÃºspornÃ¡,1ade4c7a,VeÅ™ejnÃ¡ kanalizace,Byty 3+kk,AsfaltovÃ¡,StÅ™edoÄeskÃ½ kraj,bec7f38576cbd044e111360efe66ba3ec3c3127c22ea787c063ab9a76d337501,,"PraÅ¾skÃ¡ 1143/2, Nehvizdy",PÅ™idÄ›lenÃ©,,68 mÂ²,,Ano,2. patro (3. NP),3 NP,2022,KabelovÃ© rozvody,Ano (2 mÂ²),Novostavba,Ne,PlynovÃ©,,PREFABRICATED,3+kk,OsobnÃ­,VeÅ™ejnÃ½ vodovod,,,ZaÅ™Ã­zenÃ½,,
N/A,N/A,Cena na vyÅ¾Ã¡dÃ¡nÃ­,"Na prodej VÃ¡m nabÃ­zÃ­me byt 3+1 o vÃ½mÄ›Å™e 71 mÂ² v bytovÃ©m domÄ› v Å atovÄ›.
Byt se nachÃ¡zÃ­ ve 2. NP bytovÃ©ho domu a jeho dispozice je nÃ¡sledujÃ­cÃ­:
- vstupnÃ­ chodba 7,80 mÂ², kterÃ¡ jde stÅ™edem bytu a z nÃ­ pak je pÅ™Ã­stup do vÅ¡ech pokojÅ¯
- vpravo technickÃ¡ mÃ­stnost 1,80 mÂ² (zde je umÃ­stÄ›nÃ½ plynovÃ½ kotel)
- dÃ¡le loÅ¾nice 17 mÂ²
- obÃ½vacÃ­ pokoj 19,30 mÂ²
- vlevo kuchyÅˆ s jÃ­delnou 21 mÂ², kde je takÃ© klimatizace 
- koupelna se sprchovÃ½m koutem 3,40 mÂ²
- toaleta 0,80 mÂ²

K bytu nÃ¡leÅ¾Ã­ dva zdÄ›nÃ© sklepy 24 mÂ².

V bytÄ› je novÃ¡ podlaha v pokojÃ­ch a kuchyni, novÃ© dveÅ™e a byla provedena vÃ½malba.
Je moÅ¾nÃ© se ihned nastÄ›hovat a vyuÅ¾Ã­t tak novÃ© bydlenÃ­ v krÃ¡snÃ©m prostÅ™edÃ­ obce Å atov, kterÃ¡ leÅ¾Ã­ v tÄ›snÃ© blÃ­zkosti hranic s Rakouskem a je vyhlÃ¡Å¡enÃ¡ svou vinaÅ™skou tradicÃ­. 

V obci Å atov je veÅ¡kerÃ¡ obÄanskÃ¡ vybavenost (MateÅ™skÃ¡ a ZÃ¡kladnÃ­ Å¡kola, sportovnÃ­ klub a hÅ™iÅ¡tÄ›, camp Å atov, obchody, restaurace, vinnÃ© sklepy, vlakovÃ¡ a autobusovÃ¡ doprava). 
Vlakem se dÃ¡ pohodlnÄ› dostat aÅ¾ do centra VÃ­dnÄ›. 
Å atov patÅ™Ã­ k vyhledÃ¡vanÃ½m destinacÃ­m zejmÃ©na dÃ­ky ideÃ¡lnÃ­m podmÃ­nkÃ¡m pro vinaÅ™skou, cyklo, ale i pÄ›Å¡Ã­ turistiku.

RÃ¡da vÃ¡m poradÃ­m a pomohu s pÅ™Ã­padnÃ½m financovÃ¡nÃ­m nemovitosti. 
V pÅ™Ã­padÄ› zÃ¡jmu o prohlÃ­dku mÄ› jiÅ¾ nynÃ­ kontaktujte.","Prodej bytu 3+1 71Â mÂ², Å atov",https://www.century21.cz/nemovitosti/prodej-byty-prodej-bytu-3+1-71-mÂ²-satov-id=4007a412-53ee-4f3f-896e-934a3d9865d7,Ne,Ihned,"Autobus, Silnice prvnÃ­ tÅ™Ã­dy, OsobnÃ­ auto, Vlak",,G â€“ mimoÅ™Ã¡dnÄ› nehospodÃ¡rnÃ¡,4007a412,VeÅ™ejnÃ¡ kanalizace,Byty 3+1,AsfaltovÃ¡,JihomoravskÃ½ kraj,c8ae9d63f4cf4e4eeedab73162b4c4157db8e6f69a7aae0d0548062c54ea6e9c,,"449, Å atov",Na ulici,,72 mÂ²,,Ano,2. patro (3. NP),3 NP,,,Ano (24 mÂ²),Velmi dobrÃ½,Ne,PlynovÃ©,,Cihla,3+1,OsobnÃ­,VeÅ™ejnÃ½ vodovod,,,ÄŒÃ¡steÄnÄ› zaÅ™Ã­zenÃ½,,
N/A,N/A,16Â 900Â KÄ / mÄ›sÃ­c,"NabÃ­zÃ­me k pronÃ¡jmu krÃ¡snÃ½ byt 2+kk o rozloze 45 mÂ², kterÃ½ se nachÃ¡zÃ­ na prestiÅ¾nÃ­ adrese 1976/1 BÃ¶hmova, Praha StodÅ¯lky. Stanice metra HÅ¯rka je vzdÃ¡lenÃ¡ cca 5 min chÅ¯ze. Tento elegantnÃ­ byt je situovÃ¡n v sedmÃ©m patÅ™e dvanÃ¡ctipatrovÃ©ho panelovÃ©ho domu s vÃ½tahem, coÅ¾ vÃ¡m poskytne panoramatickÃ½ vÃ½hled na okolnÃ­ Ätvrti. V bytÄ› lze takÃ© mÃ­t domÃ¡cÃ­ho mazlÃ­Äka. 

Byt je v udrÅ¾ovanÃ©m stavu a nabÃ­zÃ­ pohodlnÃ½ a modernÃ­ obytnÃ½ prostor. ObÃ½vacÃ­ pokoj s kuchyÅˆskÃ½m koutem je ideÃ¡lnÃ­m mÃ­stem pro odpoÄinek i pÅ™Ã­pravu jÃ­del. VybavenÃ­ kuchynÄ› zahrnuje zÃ¡kladnÃ­ spotÅ™ebiÄe, kterÃ© usnadnÃ­ kaÅ¾dodennÃ­ vaÅ™enÃ­. LoÅ¾nice poskytuje dostatek mÃ­sta pro velkou postel a dalÅ¡Ã­ nÃ¡bytek. SouÄÃ¡stÃ­ bytu je rovnÄ›Å¾ praktickÃ¡ koupelna s oddÄ›lenou toaletou a sprchovÃ½m koutem.

I pÅ™esto, Å¾e byt nenabÃ­zÃ­ balkÃ³n, mÅ¯Å¾ete vyuÅ¾Ã­vat sklepnÃ­ kÃ³ji o rozloze 2 mÂ², kterÃ¡ je ideÃ¡lnÃ­ pro uloÅ¾enÃ­ sezÃ³nnÃ­ch vÄ›cÃ­ nebo jinÃ½ch pÅ™edmÄ›tÅ¯. VytÃ¡pÄ›nÃ­ bytu je centrÃ¡lnÃ­, coÅ¾ zajiÅ¡Å¥uje pohodlnou regulaci teploty v zimnÃ­ch mÄ›sÃ­cÃ­ch.

Tento byt se nachÃ¡zÃ­ v dynamickÃ© Ätvrti Prahy s vynikajÃ­cÃ­ dostupnostÃ­ mÄ›stskÃ© dopravy. Stanice metra a autobusovÃ© zastÃ¡vky jsou jen pÃ¡r krokÅ¯ od domu, coÅ¾ umoÅ¾Åˆuje snadnÃ½ a rychlÃ½ pÅ™Ã­stup do rÅ¯znÃ½ch ÄÃ¡stÃ­ mÄ›sta. V okolÃ­ najdete veÅ¡kerÃ© sluÅ¾by â€“ obchody, restaurace, Å¡koly, zdravotnickÃ¡ zaÅ™Ã­zenÃ­ a parky.

MÄ›sÃ­ÄnÃ­ nÃ¡jemnÃ© ÄinÃ­ 16 900 KÄ a mÄ›sÃ­ÄnÃ­ poplatky za sluÅ¾by jsou stanoveny na 4 800 KÄ, coÅ¾ zahrnuje vÅ¡echny bÄ›Å¾nÃ© domovnÃ­ a lokÃ¡lnÃ­ nÃ¡klady. ElektÅ™ina bude pÅ™epsÃ¡na na novÃ©ho nÃ¡jemnÃ­ka. MÄ›sÃ­ÄnÃ­ zÃ¡lohy jsou 1000 KÄ. Provize je jeden mÄ›sÃ­ÄnÃ­ nÃ¡jem 16 900 KÄ + DPH.  Kauce je jeden mÄ›sÃ­ÄnÃ­ nÃ¡jem 16 900 KÄ. Byt je volnÃ½ ihned k nastÄ›hovÃ¡nÃ­.

V pÅ™Ã­padÄ› zÃ¡jmu kontaktujte maklÃ©Å™e.","ÃštulnÃ½ aÂ svÄ›tlÃ½ byt 2+kk, 45Â mÂ² sÂ vÃ½tahem aÂ sklepem vÂ klidnÃ© lokalitÄ› StodÅ¯lky, Praha, BÃ¶hmova 1976/1.",https://www.century21.cz/nemovitosti/pronajem-byty-utulny-a-svetly-byt-2+kk-45-mÂ²-s-vytahem-a-sklepem-v-klidne-lokalite-stodulky-praha-bohmova-1976-1-id=eb3e1652-e02a-45f6-8ed5-35f033ec531f,Ne,Ihned,MHD,220V,G â€“ mimoÅ™Ã¡dnÄ› nehospodÃ¡rnÃ¡,eb3e1652,VeÅ™ejnÃ¡ kanalizace,Byty 2+kk,,HlavnÃ­ mÄ›sto Praha,f2f03d5c520b902e75b378e464f734e7cea472b28366dd1a3eab8d64618deb62,,"BÃ¶hmova 1976/1, Praha",Na ulici,,45 mÂ²,531 mÂ²,Ano,7. patro (8. NP),13 NP,,,Ano (2 mÂ²),DobrÃ½,Ne,,,Panel,2+kk,OsobnÃ­,VeÅ™ejnÃ½ vodovod,Ano,,NezaÅ™Ã­zenÃ½,,
N/A,N/A,18Â 000Â KÄ / mÄ›sÃ­c,"NabÃ­zÃ­me pronÃ¡jem bytu 4+kk (71 mÂ²) po rozsÃ¡hlÃ© nadstandardnÃ­ rekonstrukci na ulici Lechowiczova v ÄÃ¡sti MoravskÃ¡ Ostrava. DÃ­ky rekonstrukci, kterÃ¡ zahrnovala i zmÄ›nu dispozice, byt pÅ¯sobÃ­ velmi vzduÅ¡nÄ› a prostornÄ›. SladÄ›nÃ­ modernÃ­ch dekorÅ¯ a kvalitnÃ­ch materiÃ¡lÅ¯ dodÃ¡vÃ¡ bytu luxusnÃ­ a nadÄasovÃ½ vzhled.

Rekonstrukce zahrnovala: novÃ© rozvody elektÅ™iny, vody, odpadÅ¯, nivelace a poklÃ¡dka vinylovÃ© podlahy a dlaÅ¾by, novÃ© omÃ­tky, snÃ­Å¾enÃ© sÃ¡drokartonovÃ© stropy, kvalitnÃ­ interiÃ©rovÃ© a protihlukovÃ© bezpeÄnostnÃ­ vchodovÃ© dveÅ™e. ProstornÃ¡ kuchyÅˆskÃ¡ linka s vestavnÃ½mi spotÅ™ebiÄi. Koupelna se sprchovÃ½m koutem a samostatnÃ© WC. 

Z obÃ½vacÃ­ho pokoje spojenÃ©ho s kuchyÅˆskÃ½m koutem je vstup na lodÅ¾ii (5,5mÂ² ). V bytÄ› k dispozici 3 samostatnÃ© pokoje, jeden aktuÃ¡lnÄ› vyuÅ¾Ã­vanÃ½ jako Å¡atna a technickÃ¡ mÃ­stnost. K bytu nÃ¡leÅ¾Ã­ sklep. Za domem novÄ› vybudovÃ¡n velkÃ½ park/hÅ™iÅ¡tÄ› pro pÅ™Ã­jemnÃ© trÃ¡venÃ­ volnÃ©ho Äasu nejen pro dÄ›ti.

Byt se nabÃ­zÃ­ vybavenÃ½. SedaÄka, jÃ­delnÃ­ stÅ¯l s Å¾idlemi, postel, praÄka, vybavenÃ¡ kuch. linka

MÄ›sÃ­ÄnÃ­ nÃ¡jemnÃ© 18.000,- + energie 4.800,- (vytÃ¡pÄ›nÃ­, voda, elektÅ™ina). VratnÃ¡ kauce 36.000,-. OdmÄ›na RK 5.000,-. VolnÃ½ od 1. Äervence.","PronÃ¡jem bytu 4+kk sÂ lodÅ¾iÃ­, poÂ rozsÃ¡hlÃ© rekonstrukci, Lechowiczova, MoravskÃ¡ Ostrava",https://www.century21.cz/nemovitosti/pronajem-byty-pronajem-bytu-4+kk-s-lodzii-po-rozsahle-rekonstrukci-lechowiczova-moravska-ostrava-id=62209e1b-a3ca-45fe-a974-6b010f88b174,Ne,01. 07. 2025,,220V,C â€“ ÃºspornÃ¡,62209e1b,VeÅ™ejnÃ¡ kanalizace,Byty 4+kk,,MoravskoslezskÃ½ kraj,4cd44ddb9e0d98da75364ebf8ff075ce137984fd76bf0479fc499b63f03201e2,"Ano (5,5 mÂ²)","Lechowiczova 2826/13, Ostrava",Na ulici,,78 mÂ²,264 mÂ²,Ano,3. patro (4. NP),9 NP,,KabelovÃ© rozvody,Ano,Po rekonstrukci,Ne,PlynovÃ©,,Panel,4+kk,OsobnÃ­,VeÅ™ejnÃ½ vodovod,Ano,,ÄŒÃ¡steÄnÄ› zaÅ™Ã­zenÃ½,DÃ¡lkovÃ© vytÃ¡pÄ›nÃ­,
N/A,N/A,21Â 500Â KÄ / mÄ›sÃ­c,"NabÃ­zÃ­me k pronÃ¡jmu prostornÃ½ byt o dispozici 3+1 v klidnÃ© lokalitÄ› Brno-Slatina. Byt se nachÃ¡zÃ­ ve 4. nadzemnÃ­m podlaÅ¾Ã­ panelovÃ©ho domu s vÃ½tahem. CelkovÃ¡ uÅ¾itnÃ¡ plocha je cca 73 mÂ². K bytu nÃ¡leÅ¾Ã­ takÃ© zasklenÃ¡ lodÅ¾ie, kterÃ¡ nabÃ­zÃ­ ideÃ¡lnÃ­ prostor pro odpoÄinek, praktickÃ¡ Å¡atna a sklepnÃ­ kÃ³je pro uloÅ¾enÃ­ vÄ›cÃ­.

Dispozice bytu:
ProstornÃ½ obÃ½vacÃ­ pokoj
2 samostatnÃ© pokoje (ideÃ¡lnÃ­ pro rodinu nebo pÃ¡r)
KuchynÄ› s jÃ­delnÃ­m koutem
Koupelna s vanou a samostatnÃ© WC
ZasklenÃ¡ lodÅ¾ie - mÃ­sto pro relaxaci
Å atna - jako ÃºloÅ¾nÃ½ prostor

NÃ¡jemnÃ©: 21 500 KÄ/mÄ›sÃ­c
ZÃ¡lohy na sluÅ¾by: 5 500 KÄ/mÄ›sÃ­c (teplo, voda, elektÅ™ina, plyn atd.)
VratnÃ¡ kauce: 27 000 KÄ
K nastÄ›hovÃ¡nÃ­: od 1. 9. 2025

BytovÃ½ dÅ¯m je udrÅ¾ovanÃ½ a nachÃ¡zÃ­ se v klidnÃ© lokalitÄ› s dobrou dostupnostÃ­ MHD, obchodÅ¯, Å¡kolky a dalÅ¡Ã­ch sluÅ¾eb. OkolÃ­ je zelenÃ©, ideÃ¡lnÃ­ pro prochÃ¡zky nebo volnoÄasovÃ© aktivity.

Pro vÃ­ce informacÃ­ nebo domluvenÃ­ prohlÃ­dky mÄ› nevÃ¡hejte kontaktovat.","Byt pro rodinnÃ½ Å¾ivot â€“ zeleÅˆ, klid aÂ pohodlÃ­ vÂ BrnÄ›-SlatinÄ›",https://www.century21.cz/nemovitosti/pronajem-byty-byt-pro-rodinny-zivot-zelen-klid-a-pohodli-v-brne-slatine-id=c830c253-e080-4e2a-9642-5c42eb00e2ea,Ne,01. 09. 2025,,220V,G â€“ mimoÅ™Ã¡dnÄ› nehospodÃ¡rnÃ¡,c830c253,VeÅ™ejnÃ¡ kanalizace,Byty 3+1,,JihomoravskÃ½ kraj,560d770071aa586e173b9731f6782fd38fd5dfc75012831ec215d169f873b591,Ano (4 mÂ²),"MikulÄickÃ¡ 1073/10, Brno",Na ulici,,73 mÂ²,,Ano,3. patro (4. NP),6 NP,,,Ano (2 mÂ²),Po rekonstrukci,Ne,,,Panel,3+1,OsobnÃ­,VeÅ™ejnÃ½ vodovod,Ano,,ÄŒÃ¡steÄnÄ› zaÅ™Ã­zenÃ½,DÃ¡lkovÃ© vytÃ¡pÄ›nÃ­,
N/A,N/A,1Â 443Â 129Â KÄ,"NabÃ­zÃ­me k prodeji soubor pozemkÅ¯ o celkovÃ© vÃ½mÄ›Å™e 972 mÂ², nachÃ¡zejÃ­cÃ­ch se v katastrÃ¡lnÃ­m ÃºzemÃ­ KunÄina, pÅ™Ã­mo v centru obce. 
JednÃ¡ se o Å¡est parcel, kterÃ© tvoÅ™Ã­ atraktivnÃ­ celek vhodnÃ½ k budoucÃ­ vÃ½stavbÄ› nebo investici.

Struktura pozemkÅ¯:
3 parcely vedenÃ© jako zahrada â€“ celkem 452 mÂ²
2 parcely vedenÃ© jako ostatnÃ­ plocha â€“ celkem 142 mÂ²
1 parcela vedenÃ¡ jako zastavÄ›nÃ¡ plocha a nÃ¡dvoÅ™Ã­ â€“ 378 mÂ²
(na tÃ©to parcele se nachÃ¡zÃ­ zboÅ™eniÅ¡tÄ› pÅ¯vodnÃ­ho domu)

Dle ÃºzemnÃ­ho plÃ¡nu obce KunÄina se vÅ¡echny pozemky nachÃ¡zejÃ­ v plochÃ¡ch oznaÄenÃ½ch jako BV â€“ plochy bydlenÃ­ v rodinnÃ½ch domech â€“ venkovskÃ©. 
Tyto plochy jsou urÄeny pÅ™edevÅ¡Ã­m pro individuÃ¡lnÃ­ bydlenÃ­ v souladu s venkovskÃ½m charakterem obce.
FunkÄnÃ­ vyuÅ¾itÃ­ ploch BV:
HlavnÃ­m ÃºÄelem je vÃ½stavba rodinnÃ½ch domÅ¯ se zahradami a moÅ¾nostÃ­ chovu Äi pÄ›stovÃ¡nÃ­ pro samozÃ¡sobenÃ­, pÅ™Ã­pustnÃ¡ je i menÅ¡Ã­ zemÄ›dÄ›lskÃ¡ vÃ½roba nebo agroturistika. DÃ¡le je povoleno:

zÅ™Ã­zenÃ­ drobnÃ½ch provozoven, sluÅ¾eb, obchodÅ¯ Äi malÃ½ch ubytovacÃ­ch zaÅ™Ã­zenÃ­, pokud nenaruÅ¡ujÃ­ obytnou funkci,
dÄ›tskÃ¡ hÅ™iÅ¡tÄ›, zeleÅˆ, vodnÃ­ plochy, technickÃ¡ infrastruktura a nutnÃ© komunikace.
VÃ½stavba musÃ­ respektovat architektonickÃ½ styl a vÃ½Å¡kovou hladinu okolnÃ­ zÃ¡stavby. 
NepÅ™Ã­pustnÃ© jsou napÅ™. bytovÃ© domy, ubytovny, rozsÃ¡hlÃ© vÃ½robnÃ­ nebo skladovÃ© objekty, Äinnosti s negativnÃ­mi vlivy na Å¾ivotnÃ­ prostÅ™edÃ­ a hmotovÄ› Äi vizuÃ¡lnÄ› ruÅ¡ivÃ© stavby.

DÃ­ky vÃ½bornÃ© poloze v srdci obce s pÅ™Ã­mou dostupnostÃ­ obÄanskÃ© vybavenosti se jednÃ¡ o zajÃ­mavou pÅ™Ã­leÅ¾itost jak pro vlastnÃ­ klidnÃ© bydlenÃ­, tak i investici s dlouhodobÃ½m potenciÃ¡lem.

Pro vÃ­ce informacÃ­ nÃ¡s nevÃ¡hejte kontaktovat.",Prodej souboru pozemkÅ¯ vÂ centru obce KunÄina â€“ 972Â mÂ²,https://www.century21.cz/nemovitosti/prodej-pozemky-prodej-souboru-pozemku-v-centru-obce-kuncina-972-mÂ²-id=bc70c3b8-9b12-4182-bd0d-75e0e1bff1f0,,Ihned,,,,bc70c3b8,,Pozemky pro bydlenÃ­,,PardubickÃ½ kraj,865e1d4208a27f588c7485ca42fc521ac1019a761cc46a114dac376a07defacb,,KunÄina,,972 mÂ²,,,,,,,,,,,,,,,JinÃ©,,,,,,
N/A,N/A,1Â 608Â 567Â KÄ,"NabÃ­zÃ­me k prodeji soubor pozemkÅ¯ o celkovÃ© vÃ½mÄ›Å™e 31 600 mÂ² v katastrÃ¡lnÃ­m ÃºzemÃ­ KunÄina. 
Pozemky tvoÅ™Ã­ kompaktnÃ­ celek, nachÃ¡zejÃ­ se v blÃ­zkosti obce KunÄina a majÃ­ pÅ™Ã­mÃ½ pÅ™Ã­stup z obecnÃ­ komunikace, coÅ¾ zajiÅ¡Å¥uje vÃ½bornou dostupnost.

Struktura pozemkÅ¯:
5 parcel ornÃ© pÅ¯dy o vÃ½mÄ›Å™e 28 211 mÂ²
1 parcela ostatnÃ­ plochy o vÃ½mÄ›Å™e 661 mÂ²
1 parcela trvalÃ©ho travnÃ­ho porostu (TTP) o vÃ½mÄ›Å™e 2 503 mÂ²
1 parcela vodnÃ­ plochy o vÃ½mÄ›Å™e 225 mÂ²

Pozemky jsou aktivnÄ› obhospodaÅ™ovÃ¡ny a zapsÃ¡ny v registru LPIS (Land Parcel Identification System), coÅ¾ umoÅ¾Åˆuje ÄerpÃ¡nÃ­ zemÄ›dÄ›lskÃ½ch dotacÃ­ a dalÅ¡Ã­ zemÄ›dÄ›lskÃ© vyuÅ¾itÃ­.
JednÃ¡ se o zajÃ­mavou investiÄnÃ­ pÅ™Ã­leÅ¾itost s dlouhodobÃ½m potenciÃ¡lem, vhodnou pro zemÄ›dÄ›lce i investory.

Pro vÃ­ce informacÃ­ nÃ¡s nevÃ¡hejte kontaktovat.",Prodej souboru zemÄ›dÄ›lskÃ½ch pozemkÅ¯ vÂ k.Ãº. KunÄina â€“ 31 600Â mÂ²,https://www.century21.cz/nemovitosti/prodej-pozemky-prodej-souboru-zemedelskych-pozemku-v-k-u-kuncina-31-600-mÂ²-id=d3ec2b7a-7893-4c74-b524-4ba52a7b263d,,Ihned,,,,d3ec2b7a,,ZemÄ›dÄ›lskÃ© pozemky,,PardubickÃ½ kraj,46c28ed86e55d28909ad58c48d7e5460a00c389b6c9e8d371aa5128155f1f9d7,,"KunÄina, KunÄina",,31Â 600 mÂ²,,,,,,,,,,,,,,,JinÃ©,,,,,,
N/A,N/A,10Â 773Â 000Â KÄ,"NabÃ­zÃ­me k prodeji modernÃ­ rodinnÃ½ dÅ¯m, kterÃ½ VÃ¡s zaujme nejen svÃ½m provedenÃ­m, ale i umÃ­stÄ›nÃ­m v Å¾Ã¡danÃ© a klidnÃ© lokalitÄ› s dobrou dostupnostÃ­ do KromÄ›Å™Ã­Å¾e.

PÅ™Ã­zemnÃ­ novostavba 4+kk, zkolaudovanÃ¡ v roce 2020 disponuje uÅ¾itnou plochou 106,4m2. DÅ¯m je postaven z pÃ³robetonovÃ½ch blokÅ¯ Ytong, se sedlovou stÅ™echou a betonovÃ½m stropem. PÅ¯da nabÃ­zÃ­ moÅ¾nost menÅ¡Ã­ vestavby. PlastovÃ¡ okna jsou doplnÄ›na o modernÃ­ venkovnÃ­ Å¾aluzie s elektrickÃ½m ovlÃ¡dÃ¡nÃ­m. DÅ¯m disponuje krytou terasou o vÃ½mÄ›Å™e 18,8m2.

VstupnÃ­ chodba je doplnÄ›na vestavnou Å¡atnou. ObÃ½vacÃ­ pokoj je propojenÃ½ s kuchynÃ­ coÅ¾ vytvÃ¡Å™Ã­ velkorysÃ½ prostor doplnÄ›nÃ½ krbovÃ½mi kamny. SouÄÃ¡stÃ­ kuchynÄ› je samostatnÃ¡ komora na potraviny, kterÃ¡ nabÃ­zÃ­ dostatek ÃºloÅ¾nÃ©ho prostoru. Koupelna disponuje vanou i sprchovÃ½m koutem a dvÄ›ma umyvadly, WC je samostatnÃ¡ mÃ­stnost. V technickÃ© mÃ­stnosti je umÃ­stÄ›na praÄka se suÅ¡iÄkou. 
VytÃ¡pÄ›nÃ­ zajiÅ¡Å¥uje plynovÃ½ kotel s rozvody do radiÃ¡torÅ¯, doplnÄ›nÃ½ o podlahovÃ© topenÃ­ v koupelnÄ› pro zvÃ½Å¡enÃ­ komfortu.

Zahrada za domem o vÃ½mÄ›Å™e 417m2 je situovÃ¡na v naprostÃ©m soukromÃ­. K dispozici je takÃ© retenÄnÃ­ nÃ¡drÅ¾ na deÅ¡Å¥ovou vodu, kterÃ¡ pomÃ¡hÃ¡ Å¡etÅ™it nÃ¡klady na zalÃ©vÃ¡nÃ­ zahrady. ParkovÃ¡nÃ­ je moÅ¾nÃ© pÅ™Ã­mo na pozemku, nebo v garÃ¡Å¾i o vÃ½mÄ›Å™e 21m2. DalÅ¡Ã­ moÅ¾nosti parkovÃ¡nÃ­ jsou pÅ™Ã­mo na ulici, nebo na blÃ­zkÃ©m parkoviÅ¡ti. 

HlavnÃ­ pÅ™ednosti domu:

ïƒ˜	ProstornÃ½ obÃ½vacÃ­ pokoj propojenÃ½ s kuchynÃ­ 
ïƒ˜	UdrÅ¾ovanÃ¡ zahrada v naprostÃ©m soukromÃ­
ïƒ˜	DÅ¯m bez nutnosti dalÅ¡Ã­ch Ãºprav, Äi investic
ïƒ˜	KvalitnÃ­ stavba v nÃ­zkoenergetickÃ©m standardu
ïƒ˜	PÅ™Ã­roda na dosah-pÅ™itom pÃ¡r minut od KromÄ›Å™Ã­Å¾e

Obec Å eleÅ¡ovice je ideÃ¡lnÃ­m mÃ­stem pro klidnÃ© bydlenÃ­ s dobrou dostupnostÃ­ do okolnÃ­ch mÄ›st a krÃ¡snou pÅ™Ã­rodou v okolÃ­. 

Tento dÅ¯m ÄekÃ¡ na novÃ© majitele â€“ moÅ¾nÃ¡ prÃ¡vÄ› na vÃ¡s!
NevÃ¡hejte a zavolejte jeÅ¡tÄ› dnes a domluvte si prohlÃ­dku! RÃ¡da VÃ¡m dÅ¯m ukÃ¡Å¾u.","Prodej rodinnÃ©ho domu 106,m2, pozemek 660Â mÂ² Å eleÅ¡ovice",https://www.century21.cz/nemovitosti/prodej-domy-prodej-rodinneho-domu-106-m2-pozemek-660m2-selesovice-id=ee2741d7-e17e-4c01-87b8-4b19f438480b,Ne,,"Autobus, Silnice prvnÃ­ tÅ™Ã­dy, OsobnÃ­ auto, Vlak","220V, 380V",B â€“ velmi ÃºspornÃ¡,ee2741d7,Å½umpa,RodinnÃ© domy,AsfaltovÃ¡,ZlÃ­nskÃ½ kraj,d36c39a0d97da44b43328da83da45dccd491c36b2cf3c4518a1cad7b85b0a9ec,,Å eleÅ¡ovice,"PÅ™ipojenÃ©, GarÃ¡Å¾, Na ulici, VenkovnÃ­",660 mÂ²,106 mÂ²,177 mÂ²,Ano,,1 NP,2018,Internet,Ne,Novostavba,Ano (19 mÂ²),PlynovÃ©,JednopodlaÅ¾nÃ­,Cihla,4+kk,OsobnÃ­,VeÅ™ejnÃ½ vodovod,,,ZaÅ™Ã­zenÃ½,KombinovanÃ½ bojler,Vesnice
N/A,N/A,13Â 500Â KÄ / mÄ›sÃ­c,"NÄ›kterÃ¡ mÃ­sta majÃ­ vÃ½hodu, Å¾e se o nich nemusÃ­ moc mluvit. ProstÄ› fungujÃ­. StejnÄ› jako tento byt na ulici VÃ½stavnÃ­ â€“ 2+kk, 51 mÂ², druhÃ© patro, lodÅ¾ie, sklep, vÃ½tah. Rekonstrukce probÄ›hla pÅ™ed nÄ›kolika lety, a poÅ™Ã¡d drÅ¾Ã­ styl i formu. ÄŒistÃ½, svÄ›tlÃ½, pÅ™ipravenÃ½ na novÃ½ pÅ™Ã­bÄ›h.

UvnitÅ™ vÃ¡s ÄekÃ¡:
ObÃ½vacÃ­ pokoj propojenÃ½ s kuchyÅˆskÃ½m koutem â€“ vzduÅ¡nÃ½ prostor pro klidnÃ© veÄery i rannÃ­ shon. SamostatnÃ¡ loÅ¾nice s dostatkem mÃ­sta na vÅ¡e dÅ¯leÅ¾itÃ©. Koupelna, kde vÅ¡e dÃ¡vÃ¡ smysl. WC zvlÃ¡Å¡Å¥. A samozÅ™ejmÄ› pÅ™edsÃ­Åˆ s mÃ­stem, kam si povÄ›sÃ­te bundu i odloÅ¾Ã­te starosti. K tomu lodÅ¾ie na kÃ¡vu a sklep na zbyteÄnosti, kterÃ© nechcete mÃ­t na oÄÃ­ch.

A co okolÃ­?
Tramvaj stavÃ­ pÃ¡r krokÅ¯ od domu. Centrum? Za pÄ›t minut. A pokud zrovna nechcete nikam jezdit â€“ obchody, sluÅ¾by, Å¡kola i zeleÅˆ jsou doslova za rohem. Tahle lokalita usnadÅˆuje Å¾ivot.

Prakticky:
ğŸ’° NÃ¡jem: 13.500 KÄ/mÄ›sÃ­c
ğŸ’¡ SluÅ¾by: dle poÄtu osob
ğŸ”Œ ElektÅ™ina + internet: pÅ™epis na nÃ¡jemnÃ­ka
ğŸ”’ Kauce: 2 nÃ¡jmy
ğŸ“ Provize RK: 1 nÃ¡jem

NehledÃ¡te luxus ani kompromis. HledÃ¡te mÃ­sto, kde vÅ¡echno dÃ¡vÃ¡ smysl. A tohle je ono. OzvÄ›te se â€“ a pojÄte se podÃ­vat osobnÄ›.","StylovÃ½ byt 2+kk kÂ pronÃ¡jmu, 51Â mÂ² sÂ lodÅ¾iÃ­ â€“ 5 minut tramvajÃ­ doÂ centra Ostravy",https://www.century21.cz/nemovitosti/pronajem-byty-stylovy-byt-2+kk-k-pronajmu-51-mÂ²-s-lodzii-5-minut-tramvaji-do-centra-ostravy-id=0a2dcf69-aa9e-4de9-a70a-05366a502d0a,Ne,01. 06. 2025,,,E â€“ nehospodÃ¡rnÃ¡,0a2dcf69,VeÅ™ejnÃ¡ kanalizace,Byty 2+kk,,MoravskoslezskÃ½ kraj,7c6fd0427e04eb2e32626e05126ce62ec80b536d73c00c305efd27fae806b832,Ano (2 mÂ²),"VÃ½stavnÃ­ 2593/1, Ostrava",Na ulici,,51 mÂ²,,Ano,2. patro (3. NP),9 NP,,,Ano (2 mÂ²),Velmi dobrÃ½,Ne,JinÃ©,,Panel,2+kk,OsobnÃ­,VeÅ™ejnÃ½ vodovod,,,,DÃ¡lkovÃ© vytÃ¡pÄ›nÃ­,
N/A,N/A,8Â 490Â 000Â KÄ,"Dovolujeme si VÃ¡m nabÃ­dnout prodej detailnÄ› Å™eÅ¡enÃ©, velmi kvalitnÄ› postavenÃ©, zdÄ›nÃ© budovy Å™adovÃ©ho rodinnÃ©ho domu s obytnou stodolou, jenÅ¾ bÃ½vala dÅ™Ã­ve kampeliÄkou, umÃ­stÄ›nÃ© v nÃ¡dhernÃ©m prostÅ™edÃ­ typickÃ© jihoÄeskÃ© krajiny v obci KrÄ - ProtivÃ­n. HlavnÃ­ pÅ™ednostÃ­ nabÃ­zenÃ©ho domu je skvÄ›le Å™eÅ¡enÃ½ prostor se zamÄ›Å™enÃ­m na detail a uÅ¾itnou hodnotu, pouÅ¾itÃ© nadstandardnÃ­ materiÃ¡ly stavebnÃ­ch konstrukcÃ­, stav po rekonstrukci v roce 2021, umÃ­stÄ›nÃ­ v oblÃ­benÃ© lokalitÄ› s vynikajÃ­cÃ­ alternativnÃ­ dostupnostÃ­ do Prahy, PÃ­sku a ÄŒeskÃ½ch BudÄ›jovic. 

JednÃ¡ se o ÄÃ¡steÄnÄ› podsklepenou (UP=25m2), v Å™adÄ› stojÃ­cÃ­ zdÄ›nou stavbu rodinnÃ©ho domu (ZP=146m2, UP=230m2), jenÅ¾ byla zbudovÃ¡na kolem roku 1900 (pÅ¯v. finanÄnÃ­ Ãºstav), dispoziÄnÄ› orientovanou JV-SZ, se dvÄ›ma NP (1. NP UP=71,79, 2. NP UP=84,17) a obytnÃ½m podkrovÃ­m v sedlovÃ© stÅ™eÅ¡e (UP=73,37), s dispozicÃ­ 6+2 (7+3). KonstrukÄnÃ­ a materiÃ¡lovÃ© charakteristiky rodinnÃ©ho domu vÄetnÄ› ÄÃ¡steÄnÃ© stavebnÃ­ dokumentace jsou k dispozici u maklÃ©Å™e. Velmi dobÅ™e vybavenÃ½ RD disponuje vlastnÃ­ studnou ve sklepÄ› domu. VytÃ¡pÄ›nÃ­ je Å™eÅ¡eno elektrickÃ½m kotlem, pÅ™Ã­padnÄ› krbovÃ½mi kamny, nebo kachlovou pecÃ­. Koupelny a WC (3x) jsou vybaveny keramickÃ½mi obklady, dlaÅ¾bou a sanitÃ¡rnÃ­ technikou-umyvadla, sprch. kout, vana, WC. 

SouÄÃ¡stÃ­ pÅ™Ã­sluÅ¡enstvÃ­ tohoto domu je zrekonstruovanÃ¡ stodola (ZP=80m2, UP=60m2) s dosud nevyuÅ¾itÃ½m podkrovÃ­m (UP=60m2), kterÃ¡ slouÅ¾Ã­ k ubytovÃ¡nÃ­ nÃ¡vÅ¡tÄ›v, se saunou a letnÃ­ kuchynÃ­ a s okrasnou zahrÃ¡dkou dvorku (202m2).
 
Obec KrÄ je mÃ­stnÃ­ ÄÃ¡stÃ­ mÄ›sta ProtivÃ­na a nachÃ¡zÃ­ se cca 2 km V od ProtivÃ­na a cca 12 km JV od PÃ­sku a dÃ¡lnice D4/E49. V obci je zÃ¡kladnÃ­ obÄanskÃ¡ vybavenost. MÅ , ZÅ , obchod, rozÅ¡Ã­Å™enÃ¡ obÄanskÃ¡ vybavenost pak v ProtivÃ­nÄ›, kompletnÃ­ vybavenost se nachÃ¡zÃ­ v PÃ­sku. DopravnÃ­ dostupnost je vynikajÃ­cÃ­. Sjezd na dÃ¡lnici D4 v dosahu 12 km  a dÃ¡le je k dispozici BUS, ÄŒD). Nemovitost je umÃ­stÄ›na v klidnÃ© centrÃ¡lnÃ­ ÄÃ¡sti obce a je situovÃ¡na ve stabilizovanÃ© lokalitÄ› nÃ¡vsi (Å¾Ã¡dnÃ¡ dalÅ¡Ã­ vÃ½stavba), podÃ©l zpevnÄ›nÃ© komunikace, kterÃ¡ umoÅ¾Åˆuje bezproblÃ©movÃ½ pÅ™Ã­stup k nabÃ­zenÃ© nemovitosti. 

Tento rozsÃ¡hlÃ½ dÅ¯m lze vyuÅ¾Ã­t nejenom pro velkou rodinu, ale rovnÄ›Å¾ pro zÅ™Ã­zenÃ­ podnikÃ¡nÃ­, nebo jej vyuÅ¾Ã­vat jako ÃºtulnÃ½ pension.
NabÃ­zÃ­me vÃ½hodnÃ© financovÃ¡nÃ­. Pro vÃ­ce informacÃ­ volejte maklÃ©Å™e. V pÅ™Ã­padÄ› vÃ­ce zÃ¡jemcÅ¯ bude upÅ™ednostnÄ›na vÃ½hodnÄ›jÅ¡Ã­ nabÃ­dka.
Zveme VÃ¡s na prohlÃ­dku.","Prodej, RodinnÃ½ dÅ¯m, 230Â mÂ² - KrÄ (ProtivÃ­n)",https://www.century21.cz/nemovitosti/prodej-domy-prodej-rodinny-dum-230-mÂ²-krc-protivin-id=99d23594-67c5-414e-924a-d31f55f78224,Ne,,PÅ™Ã­mÄ›stskÃ¡ doprava,"220V, 380V",G â€“ mimoÅ™Ã¡dnÄ› nehospodÃ¡rnÃ¡,99d23594,Å½umpa,Å˜adovÃ© domy,AsfaltovÃ¡,JihoÄeskÃ½ kraj,d5475e590d4608d1e6be8c305a8d44f974eafb77a4516d956b1770baf0c52d0b,,"KrÄ 72, ProtivÃ­n","KrytÃ©, Na ulici",1 mÂ²,225 mÂ²,432 mÂ²,NenÃ­,,2 NP,1900,Internet,Ano (25 mÂ²),Velmi dobrÃ½,Ano (25 mÂ²),"ElektrickÃ©, TuhÃ¡ paliva",PatrovÃ½,Cihla,6+2,OsobnÃ­,VeÅ™ejnÃ½ vodovod,,,ÄŒÃ¡steÄnÄ› zaÅ™Ã­zenÃ½,Bojler,Vesnice
