Bezbariérový byt,Celková plocha,Celková plocha nebytových prostor,Cena,Charakter okolní zástavby,Další nebytové prostory,Dispozice,Doprava,Druh objektu,Druh pozemku,Druh prostor,Dílny a provozovny,Elektřina,Energetická náročnost budovy,GPS coordinates,Garáž,Images,Inženýrské sítě,K nastěhování,Měrná vypočtená roční spotřeba energie v kWh/m²/rok,Občanská vybavenost,Odpad,Ostatní rozvody,Plocha kanceláří,Plocha parcely,Plocha skladů,Plocha zahrady,Plyn,Podlahová plocha,Poloha objektu,Poznámka k ceně,Počet parkovacích míst,Počet podlaží pod zemí,Počet podlaží v objektu,Property Description,Property Name,Rok výstavby,Stav objektu,Telekomunikace,Topení,Typ domu,Typ nemovitosti,URL,Umístění objektu,Umístění v chráněných lokalitách,Upozornění,Užitná plocha,Vlastnictví,Voda,Vybaveno,Výtah,Zastavěná plocha,id,listing_hash,Číslo podlaží,Číslo zakázky
,21 819 m²,,"10 999 000
																		CZK/ za nemovitost",,,,,,Pro bydlení,,,,,"49°37'12.7""N,18°13'07.2""E",,N/A,Vodovod,,,,,,,,,,,,,,,,,"Nabízíme k prodeji atraktivní pozemek o rozloze 21 819 m², nacházející se v části obce Sklenov, v malebné obci Hukvaldy, okres Frýdek-Místek.Tyto pozemky se nachází z části v návrhové zastavitelné ploše SO (smíšené obytné), zčásti v plochách SN (smíšené nezastavěné, vzrostlé zeleně), zčásti MK (místní komunikace) a zbylá část pozemků v plochách Z (zemědělských).Díky platnému územnímu plánu je možné na pozemku vytvořit více stavebních parcel, což umožňuje realizaci výstavby rodinných domů, a tím nabídnout atraktivní možnosti pro budoucí obyvatele.Sjezd na předmětné parcely je dle mapových podkladů částečně vybudovaný.V dosahu se nacházejí sítě, což značně urychlí proces výstavby a sníží náklady na inženýrské sítě.Dále je k dispozici vypracovaný kompletní rozbor pozemku, který zahrnuje všechny důležité parametry a informace potřebné k efektivnímu využití pozemku.Pozemek se nachází v krásném okolí, které je obklopeno přírodou a malebnými místy. V nedaleké oblasti se nachází Hrad Hukvaldy, historická památka, která přitahuje návštěvníky a dodává této lokalitě jedinečný charakter. Je to také rodiště významného skladatele Leoše Janáčka, což přidává na kulturní hodnotě regionu. Navíc v blízkosti se nachází golfové hřiště, které přispívá ke kvalitnímu životnímu stylu a rekreačním aktivitám, a tímto činí tuto lokalitu atraktivní pro investory zaměřené na rezidenční výstavbu.Lokalita se pyšní výbornou dostupností. V okolí se nacházejí školy a školky, což je ideální pro rodiny s dětmi. Tímto způsobem můžete oslovit i široké spektrum potenciálních nájemníků či budoucích majitelů domů, což zajišťuje dlouhodobou návratnost investice.Tato nabízená nemovitost je tedy skvělou příležitostí pro všechny investory, kteří hledají pozemek s vysokým potenciálem a možností zhodnocení svých investic.Srdce obce Hukvaldy, jejíž přírodní krása a historické památky představují lákavou kombinaci pro život i rekreaci, dává této lokalitě jedinečné postavení na trhu.V případě zájmu o prohlídku nás neváhejte kontaktovat.","Prodej pozemku 21819 m², Hukvaldy(ID 133-NP02377)",,,,,,Pozemky,https://www.remax-czech.cz/reality/detail/409347/prodej-pozemku-21819-m2-hukvaldy,Klidná část obce,,Prodávající si vyhrazuje právo vybrat kupujícího na základě jím zvolených kritérií.,,,,,,,409347,f9f535b49a749f14db17dc3b9734e6e1f01b40b109ed33d42919058e3c13d9f1,,ID 133-NP02377
,,,"3 500 000
																		CZK/ za nemovitost",Obytná,,,"Vlak, Silnice, Autobus",Cihlová,,,,400 V,G,"50°23'50.1""N,14°00'40.6""E",,N/A,,1. 6. 2025,,,Septik,,,707 m²,,390 m²,Plynovod,,Řadový,"V ceně je zahrnuta provize RK, služby advokátní kanceláře, advokátní úschovu peněz a poplatek 2 000,- Kč za návrh na vklad na KÚ.",,,2,"Dobrý den,nabízíme vám k prodeji rodinný dům v obci Dubany, která se nachází jen několik minut od Libochovic. Dům má užitnou plochu 147 m² a je celý podsklepený, což zajišťuje dostatek úložného i technického prostoru.V přízemí domu se nachází prostorný obývací pokoj a velká vstupní místnost, ze které se vchází do centrální chodby. Odtud je zajištěn přístup do všech obytných částí domu i ke schodišti vedoucímu do sklepa. V patře jsou k dispozici tři samostatné pokoje a prostorná půda, která nabízí další možnosti využití dle potřeb nového majitele.Dům je zateplený, vybaven plastovými okny. Vytápění je řešeno kotlem na uhlí nebo dřevo, přičemž plyn je již přiveden a je možnost změny vytápění podle preferencí nového majitele. Dům je napojen na obecní vodovod, odpad je sveden do jímky.Přístup k domu je možný ze dvou stran – z hlavní ulice i zadní části pozemku, což zvyšuje komfort každodenního užívání i případnou obslužnost nemovitosti.Na pozemku o celkové výměře 707 m² se nacházejí dvě vedlejší stavby. První je využitelná jako dílna, pracovna nebo sklad, druhá dříve sloužila jako menší obytný dům a v současnosti je ve zhoršeném technickém stavu. I tato budova však může po rekonstrukci nabídnout zajímavé využití.Velkou předností této nemovitosti je poloha – dům se nachází přibližně 150 metrů od řeky Ohře, ale mimo zónu záplavového rizika. Díky tomu si můžete užívat blízkost přírody, a přitom mít klid ohledně bezpečnosti a pojištění.Dubany jsou klidnou obcí v malebné krajině Dolního Poohří. V bezprostředním okolí se nachází cyklostezky, přírodní zákoutí podél řeky a řada možností pro volnočasové aktivity. Milovníci historie a výhledů jistě ocení blízkou zříceninu hradu Hazmburk, která je dominantou krajiny a oblíbeným výletním cílem.Do Libochovic, kde najdete veškerou občanskou vybavenost včetně škol, lékařů a obchodů, je to jen pár minut autem nebo autobusem. Obec je dobře dostupná i směrem na Lovosice, Litoměřice a Louny. Díky vlakové i autobusové dopravě je spojení do okolních měst pohodlné i bez automobilu.Možné financování hypotékou, se kterou Vám rádi pomůžeme.Zavolejte mi a domluvíme se na prohlídce.","Prodej domu 147 m², Libochovice(ID 281-NP00234)",,Dobrý,,,Přízemní,Domy a vily,https://www.remax-czech.cz/reality/detail/415687/prodej-domu-147-m2-libochovice,Klidná část obce,,Prodávající si vyhrazuje právo vybrat kupujícího na základě jím zvolených kritérií.,147 m²,,Dálkový rozvod,,,66 m²,415687,a22897f8cc3bdbd25afb2d09df1473c1ad71495ae3dbd32f3c8a01a96346a8a1,,ID 281-NP00234
,,,"16 750 000
																		CZK/ za nemovitost",,,3+kk,"Silnice, MHD, Autobus",Cihlová,,,,230 V,C,"50°06'08.8""N,14°31'48.5""E",Ano,N/A,,,,,Kanalizace,,,,,174 m²,,71 m²,,,,,5,"Ve výhradním zastoupení nabízíme byt 3kk 71 m2 s prostornou vzrostlou předzahrádkou 174 m2 do písmene L podél všech pokojů. Navíc je v bytě komora s úklidem, pračkou i sušičkou a pod bytem garážové stání 16m2.Tato nemovitost se nachází v soukromém střeženém areálu, který je výsledkem unikátního projektu rekonstrukce Kejřova mlýnu s dostavbou 4 nízkých bytových budov, zasazených do přírody lesoparku podél Rokytky. Areál vznikl přestavbou bývalého mlýna ze 16. století, což mu dodává jedinečný charakter, jsou zde v oploceném areálu ke starším budovám vkusně připojeny menší obytné budovy s předzahrádkami a garážemi.Kejřův mlýn jako nová rezidence z roku 2008 tvoří ideální bydlení pro rodiny, které hledají domov blízko centra Prahy, ale zároveň preferují přísné soukromí a zeleň. U prodávaného bytu zahrada není vidět z žádného veřejného prostoru, má velmi atraktivní pozici i v rámci soukromého areálu, ráda pošlu bližší plánek. Kromě vzrostlého živého plotu a zelené plochy tento byt je lemován vlastní terasou plus 4 podloubí, v jednom z nich je malý venkovní bar a posezení, další podloubí je s grilem a slunným prostorem, další strana je s vířivkou a posezením. Každá část má stín a slunce v jinou denní dobu. Dětský pokoj nemá z bezpečnostních důvodů dveře na terasu, pouze okna, ostatní pokoje mají vstupy na zahradu.Byt je ve velmi dobrém novém stavu, při realizaci byly použity nadstandartní materiály, podlahy jsou z pravého dřeva. Zůstávají zde vestavné skříně v pokojích i v předsíni, kuchyňská linka se spotřebiči a některé větší kusy vybavení v bytě či na zahradě (na přání nového majitele lze vyklidit).Lokalita lesoparku a areálu Kejřova mlýna je doslova skryta zelení uprostřed Prahy 9, přitom velmi blízko se nachází školy, školky, MHD na hlavní ulici Poděbradská, dvě obchodní centra, zdravotní péče a veškerá občanská vybavenost.Kupující získá u této nemovitosti celkem 261 m2 do osobního vlastnictví, cena je stanovena na 16.750.000 Kč. Máte-li zájem o další fotografie a informace, napište mi prosím email s dotazy a ráda odpovím, případně zajistím prohlídku nemovitosti.","Prodej bytu 3+kk v osobním vlastnictví 71 m², Praha 9 - Hloubětín(ID 218-NP06493)",,Velmi dobrý,,,,Byty,https://www.remax-czech.cz/reality/detail/415685/prodej-bytu-3-kk-v-osobnim-vlastnictvi-71-m2-praha-9-hloubetin,Klidná část obce,,Prodávající si vyhrazuje právo vybrat kupujícího na základě jím zvolených kritérií.,71 m²,Osobní,Dálkový rozvod,Ano,Ano,,415685,a8584881e19c602a69bd809f332280ac115261db5ac53be709a5e7ebe8ace8cf,1,ID 218-NP06493
,160 m²,,"4 900 000
																		CZK/ za nemovitost",Obytná,,,,Smíšená,,Jiné,,,G,"49°50'02.8""N,18°11'41.2""E",,N/A,,,,,Kanalizace,,160 m²,,,230 m²,Plynovod,,,,1,,1,"Exkluzivně nabízíme k prodeji velkorysý rodinný dům ve vyhledávané lokalitě Ostrava - Třebovice. Dům se skládá ze dvou nadzemních a jednoho podzemního podlaží. Celková zastavěná plocha domu činí 107m², ostatní je plocha pozemku 230m².Pozemek je celooplocený. Poloha domu v klidné části obce zaručuje soukromí a skvělou dostupnost MHD či služeb. Tento objekt je ideální  pro komerční využití - ať už jako kanceláře, obchodní prostory, ordinace nebo služby. Nemovitost je napojena na elektřinu, veřejný vodovod včetně kanalizace a plynu. Dům je zcela vyklizený a připravený k rekonstrukci, což vám umožní přizpůsobit ho přesně podle vašich potřeb.Pro investory je v takto vyhledávané lokalitě ideální příležitost pro své podnikání.Nezmeškejte příležitost stát se majitelem tohoto klenotu v oblíbené lokalitě Ostravy.Více informací rádi poskytneme na vyžádání.Doporučuji Vám prohlídku. Ráda Vám také případně pomohu s nabídkou financování nemovitosti.","Prodej jiných prostor 160 m², Ostrava(ID 306-NP83339)",,Dobrý,,,Přízemní,Komerční prostory,https://www.remax-czech.cz/reality/detail/415688/prodej-jinych-prostor-160-m2-ostrava,Klidná část obce,,Prodávající si vyhrazuje právo vybrat kupujícího na základě jím zvolených kritérií.,,,Dálkový rozvod,,,107 m²,415688,881b688fb21ff89eb2a0742442ee5201220fd2caff04e96eb7fa95c90eb5486e,,ID 306-NP83339
,2 517 m²,,Cena na vyžádání v kanceláři,,,,"Vlak, Silnice, Autobus",,Pro bydlení,,,"230 V, 400 V",,"49°53'24""N,14°09'09.8""E",,N/A,"Vodovod, Kanalizace, Plyn, Elektřina",1. 6. 2025,,,Septik,,,,,,Plynovod,,,Informace o ceně v realitní kanceláři RE/MAX All Up - Lukáš Hrubý - 739 899 990,,,,"Bydlení u rybníka, v klidu a soukromí s výhledem na Brdy, jižní strana... Nabízím pozemek se starým rodinným domem číslo popisné 37 v Leči u Litně, okres Beroun, 30 km od Prahy. Jedná se o 2 517m2 pro splnění všech Vašich snů. Samotný dům má výměru přes 150 m2 a je určen k celkové rekonstrukci, či přepracování na Váš individuální projekt. Před domem je plocha přes 300 m2, která je částečně podsklepena objekty jako je dílna, bývalý chlívek, sklep a dřevník. Na pozemku je též prostorný skleník a malý domek. Od terasy vede pozemek mírným svahem až k přilehlému rybníku... Díky umístění mezi přiléhající nefrekventovanou silnicí, oddělením od sousedů a přístupu k rybníku, se jedná o božsky klidné místo, kde vás nebude nikdo rušit.Zavedena je elektřina, připraveny jsou přípojky plynu a vody. Současní majitelé plánovali meditační zónu, několik nájemních pokojů, výsadbu ovocného sadu a meditační molo u rybníka. I vy si můžete vytvořit ráj dle svých preferencí.Lokalita Leč patří k městysu Liteň, který je vzdálen 4km od Karlštejna a jeho golfového resortu, 5km od Řevnic, kde je veškerá občanská vybavenost a 12km od města Berouna. Doprava je možná autobusem, případně lokálkou do Zadní Třebaně a dále na Prahu nebo Plzeň. Autem je možné jet údolím Berounky přes Řevnice, Dobřichovice, Černošice a Radotín, případně ze Řevnic přes Řitku na Strakonickou dálnici. Další směr je na Beroun a připojení na D5, či do Hořovic, Hostomic, Dobříše a Příbrami.Okolí Leči nabízí přírodní krásy Českého krasu - jeskyně Koněprusy, lom Čertovy schody, Kobyla, Homolák a další, královský hrad Karlštejn, lom Amerika, hřeben Brd a další. Cyklostezky vás provedou údolím Berounky, Srbskem okolo poustevnické jeskyně Koda, nebo po Brdských lesích až k Hostomicům a rozhledně Studený vrch. Toulky okolím na motocyklu jsou zde nádherné, skvělý relax...Více Informací a informace o ceně v realitní kanceláři REMAX All Up - Lukáš HrubýProhlídka s překvapením je možná dle dohody na 739 899 990.","Prodej pozemku 2517 m², Liteň(ID 318-NP00108)",,,,,,Pozemky,https://www.remax-czech.cz/reality/detail/415666/prodej-pozemku-2517-m2-liten,Klidná část obce,,Prodávající si vyhrazuje právo vybrat kupujícího na základě jím zvolených kritérií.,,,,,,,415666,f2c4ccc612d3d61a27ee8116d5ed3baa5e405c2327c84919afa877bb0af0198d,,ID 318-NP00108
,,,"19 490 000
																		CZK/ za nemovitost",,,,,Cihlová,,,,,G,"50°06'36.6""N,14°19'32.9""E",,N/A,,,,,Kanalizace,,,723 m²,,387 m²,Plynovod,,Samostatný,"cena včetně provize RK, právního a finančního servisu",,,1,"Exkluzivně nabízím k prodeji přízemní částečně podsklepený rodinný dům 3+kk (3+1) o výměře 138 m2 na pozemku 723 m2 v prestižní lokalitě Praha 6 - Nebušice v ulici V březinkách.Dispozice domu - zádveří, obývací pokoj s krbem a kuchyní, 2x ložnice, koupelna s vanou a samostatné WC.Dům je vhodný pro ty, kteří hledají nemovitost s potencionálem, ať už plánujete modernizaci stávajících prostor nebo kompletní přestavbu podle vlastních potřeb.Veškeré inženýrské sítě (voda, kanalizace a plyn). Vytápění plynovým kotlem.Rodinný dům situovaný na výjimečně řešeném kaskádovitém pozemku, který poskytuje nejen dostatek soukromí, ale také atraktivní výhledy a zajímavé možnosti využití. Je zde dostatek místa pro posezení či grilování s přáteli.Výhodou pozemku jsou dvě přístupové cesty (z ulice V březinkách a z ulice K Noskovně).Klidné místo v atraktivní lokalitě a možností vytvořit si bydlení přesně podle svých představ.Koupi domu lze financovat hypotečním úvěrem, s jehož vyřízením Vám moc rádi pomůžeme.Neváhejte mě kontaktovat, ráda Vám dům osobně představím.PENB připravujeme, proto je dle zákona zatím uvedena hodnota G.","Prodej domu 138 m², Praha 6 - Nebušice(ID 228-NP02306)",,Dobrý,,,Přízemní,Domy a vily,https://www.remax-czech.cz/reality/detail/415682/prodej-domu-138-m2-praha-6-nebusice,,,Prodávající si vyhrazuje právo vybrat kupujícího na základě jím zvolených kritérií.,138 m²,,Dálkový rozvod,Ano,,336 m²,415682,872f108e2769afcf842ad65320161625229377b4695994af5150db519f1727a9,,ID 228-NP02306
Ano,,,"4 750 000
																		CZK/ za nemovitost",,,1+kk,"Vlak, Dálnice, Silnice, MHD, Autobus",Smíšená,,,,"120 V, 230 V, 400 V",C,"50°04'08.7""N,14°21'02.6""E",Ano,N/A,,1. 6. 2025,,"Škola, Školka, Zdravotnická zařízení, Pošta, Supermarket, Kompletní síť obchodů a služeb",Kanalizace,"Satelit, Kabelová televize, Kabelové rozvody, Ostatní rozvody",,,,,Plynovod,31 m²,,včetně právního servisu,,,6,"Dovolujeme si vám nabídnout prodej bytu 1+kk v 2. poschodí (3.np) udržovaného domu v klidné lokalitě plné zeleně - Cibulka, Košíře-Motol, Skalka, rybníky, navíc v blízkosti nemocnic Motol a Homolka. Bezbariérový byt v ulici Zahradníčkova o dispozici 1+kk a velikosti 31 m² nabízí předsíň, koupelnu se sprchovým koutem, umyvadlem a toaletou a prostornou hlavní místnost s kuchyňským koutem, velkoformátovými okny s výhledem do zeleně. Dispozici hlavní místnosti nabízí zajímavé možnosti přestavby dle vlastních představ s využitím například šikovného prostoru pro spaní nebo naopak jako pracovní kout.K bytu je možné přikoupit garáž v suterénu domu.Budova má nový výtah, renovované topení (2019) a novou fasádu (2020). V areálu je k dispozici večerka. Adresa domu nabízí výbornou dopravní dostupnost díky tramvajové zastávce vzdálené jen pár minuty pěšky od vchodu, odsud pak je přímé spojení na metro Anděl. V těsné blízkosti najdete také oblíbené rybníky s koupalištěm Motol, golfový areál Golf Club Praha, cvičiště pro psy a tenisové kurty. V nedalekém sídlišti Homolka jsou základní škola, dvě mateřské školy, lékař, dětské hřiště a obchody.","Prodej bytu 1+kk v osobním vlastnictví 31 m², Praha 5 - Košíře(ID 218-NP06491)",,Novostavba,"Telefon, Internet",,,Byty,https://www.remax-czech.cz/reality/detail/415667/prodej-bytu-1-kk-v-osobnim-vlastnictvi-31-m2-praha-5-kosire,Centrum obce,,Prodávající si vyhrazuje právo vybrat kupujícího na základě jím zvolených kritérií.,31 m²,Osobní,"Zdroj pro celý objekt, Dálkový rozvod",,,31 m²,415667,545237b9eec6b5826280f1e2e40e999ca9f5efe06072b6b4b04b6d1b3de8677a,3,ID 218-NP06491
,,,"4 795 000
																		CZK/ za nemovitost",Obytná,,2+1,"Vlak, Dálnice, Silnice, MHD, Autobus",Panelová,,,,230 V,B,,,N/A,,30. 5. 2025,,,Kanalizace,,,,,,Plynovod,64 m²,,,,,7,"Nabízíme Vám prostorný a světlý byt o dispozici 2+1 s lodžií a užitnou plochou 64 m², nacházející se v 6. podlaží bytového domu v Plzni na Skvrňanech, konkrétně v Lábkově ulici.Byt je dispozičně rozdělen na chodbu s šatnou, kuchyň s jídelním koutem, obývací pokoj, ložnici, koupelnu s vanou, sociální zázemí a lodžii s příjemným výhledem do krajiny.  Bytové jádro je zde zděné, okna jsou plastová, elektřina je kompletně v mědi, přímo do bytu je zavedena i plynovodní přípojka, vytápění a ohřev vody je řešen dálkově. Výhodou bytu je neprůchodnost každé místnosti, což zajišťuje dostatek soukromí a pohodlí pro vícečlennou domácnost. K bytu náleží i sklepní kóje, ideální pro uskladnění sezónních věcí, sportovního vybavení nebo dalších osobních potřeb. Parkování je zde dostupné přímo před domem.Lokalita disponuje vynikající dopravní dostupností, pouhých pár desítek metrů od bytu se nachází zastávka tramvaje číslo 2, i autobusová zastávka autobusu číslo 55 a 66. Do centra města se dostaneme do 10 minut jízdy autem. V těsné blízkosti máte veškerou občanskou vybavenost včetně obchodů, restaurací, škol, školek, pošty, lékárny nebo i fitness centra. Přírodu pro odpočinek nebo sportovní vyžití najdeme v přilehlém okolí.V případě zájmu je možné poskytnout kompletní služby financování.Pokud Vás naše nabídka zaujala, neváhejte se ozvat a rádi se s Vámi setkáme na osobní prohlídce.","Prodej bytu 2+1 v osobním vlastnictví 64 m², Plzeň(ID 334-NP00105)",,Dobrý,,,,Byty,https://www.remax-czech.cz/reality/detail/415625/prodej-bytu-2-1-v-osobnim-vlastnictvi-64-m2-plzen,Klidná část obce,,Prodávající si vyhrazuje právo vybrat kupujícího na základě jím zvolených kritérií.,64 m²,Osobní,Dálkový rozvod,,Ano,1 891 m²,415625,e2aa2e7d03960f4ae451313a4b9cd0b00ea2a0b8a47ea8b6ffacd5af5131d742,6,ID 334-NP00105
,192 m²,,"6 200 000
																		CZK/ za nemovitost",,,,"Silnice, Autobus",Smíšená,,,,230 V,G,"49°54'15.8""N,15°45'24.2""E",,N/A,,25. 7. 2024,,,"Kanalizace, Septik",,,1 932 m²,,1 740 m²,Plynovod,,Samostatný,,,,2,"Prodej rodinného domu 192 m2 (užitná plocha objektu), s pozemkem 1740 m2 (zahrada) a prostornou garáží/dílnouNabízíme Vám ve výhradním zastoupení realitní kanceláře RE/MAX Vox k prodeji tradiční venkovské stavení, dvoupodlažní zděný RD o aktuální velikostí 4 + kk, celkové výměře užitné plochy domu 192 m2, nacházející se ve velice vyhledávané lokalitě pro bydlení, když se za 10 minut dostanete do centra Chrudimi, do 20 minut do centra Pardubic, přitom budete žít uvnitř CHKO Železné hory.Dům je situován do lokality několika mála tradičních rodinných domů venkovského typu, obklopeného památkami, přírodou a zelení (např. zřícen. hradu Rabštejnek, Kochánovické rybníky, Sečská přehrada, Křižanovice a mnohá další), což poskytuje ideální prostředí pro klidné a pohodové bydlení, cyklovýlety, turistiku, houbaření a další zábavu.Prostorové uspořádání domu se skládá ze dvou obytných podlaží, přičemž 1.NP , o dispozicí 2 +kk ze zádveří, obývacího pokoje s kuchyní, spojených s ložnicí, koupelny s vanou a toaletou, dřevníku/technické místnosti a samostatné garáže/dílny. Ve 2.NP naleznete dva prostorné pokoje, přičemž jeden z nich disponuje vstupem na terasu a mezi oběma pokoji se nachází velký meziprostor. Objekt garáže/dílny disponuje vlastním přístupem a není propojen s vnitřními prostorem domu.RD je napojen na veškeré inženýrské sítě, vč. splaškové kanalizace, vodovodu, plynu a elektřiny. Elektřina je již v provedení měď, vodovodní a kanalizační přípojky jsou zcela nové!Vytápění domu je řešeno plynovým kotlem/kotlem na pevná paliva. Zájemci o potenciálně další zdroj tepla mohou zabudovat do objektu krbová/kachlová kamna. Objekt je osazen dřevěnými okny z 80.let minulého století.Dům je samostatně stojící, obklopen krásnou ovocnou zahradou, která poskytuje naprosté soukromí a klid (stranou komunikace procházející obcí) a udržovaným trávníkem. Novému nabyvateli se naskýtá jedinečná možnost dobudování připravené terasy navazující na dům právě do zahrady/exteriéru nemovitosti.Součástí prezentace je i vizuálně zpracovaný architektonický koncept rekonstrukce nemovitosti (viz. sekce fotografie).V případě více vážných zájemců bude kupující vybrán na základě parametrů stanovených prodávajícím.Pokud Vás tato nabídka zaujala a máte zájem se dozvědět více informací, tak mě neváhejte kontaktovat. Budu se těšit na osobní setkání během prohlídek nemovitosti.","Prodej chaty / chalupy 192 m², Rabštejnská Lhota(ID 297-NP00246)",,Dobrý,,"Lokální - plynové, Lokální - tuhá paliva",Patrový,Chaty a rekreační objekty,https://www.remax-czech.cz/reality/detail/415660/prodej-chaty-chalupy-192-m2-rabstejnska-lhota,Klidná část obce,,Prodávající si vyhrazuje právo vybrat kupujícího na základě jím zvolených kritérií.,192 m²,,Zdroj pro celý objekt,Ano,,192 m²,415660,f21008779bc6ecd7c8b7e27793494c72609adb255687716ade0d1f195c4b1237,,ID 297-NP00246
,,,"8 614 000
																		CZK/ za nemovitost",,,2+kk,,Cihlová,,,,,G,"50°02'58.2""N,14°26'51.9""E",,N/A,,30. 5. 2025,,,,,,,,,,53 m²,,,,,4,"Bytová jednotka č. 42 ve 4. podlaží domu má praktickou dispozici 2+kk a podlahovou plochu 40,2 m². Orientovaná je na jih do ulice. Součástí bytu je velkorysá terasa 9,3 m² a vlastní sklepní kóje. Všichni obyvatelé domu mohou navíc využívat rozlehlou společnou zahradu lemovanou vzrostlými stromy, která díky tomu nabízí dostatek soukromí. Bytová jednotka prošla rekonstrukci a prodává se  včetně vybavení. Pro informace nebo prohlídku mně kontaktujte.","Prodej bytu 2+kk v osobním vlastnictví 53 m², Praha 4 - Michle(ID 175-NP01508)",,Velmi dobrý,,,,Byty,https://www.remax-czech.cz/reality/detail/415606/prodej-bytu-2-kk-v-osobnim-vlastnictvi-53-m2-praha-4-michle,,,Prodávající si vyhrazuje právo vybrat kupujícího na základě jím zvolených kritérií.,40 m²,Osobní,,,,97 m²,415606,caa9094eed932237839246f29f349ffb2f9cede77df03b59b74b1eaf8be6a825,4,ID 175-NP01508
,3 470 m²,,"5 790 000
																		CZK/ za nemovitost",,,,"Dálnice, Silnice, Autobus",,Pro bydlení,,,"230 V, 400 V",,"50°07'07.5""N,15°34'22.5""E",,N/A,"Kanalizace, Plyn, Elektřina",30. 5. 2025,,,,,,,,,Plynovod,,,včetně realitních služeb,,,,"Prodej stavebních pozemků a rodinného domu. Rodinný dům je v původním stavu, je určen ke kompletní rekonstrukci, nebo demolici. Pozemky je možné rozdělit na tři stavební pozemky. Nemovitosti se nachází v centru obce, v klidné části a je možné je koupit (zarezervovat) i zvlášť.Inženýrské sítě: RD je napojený na el., plyn, odpad, zbývající dva pozemky jsou připojeny na el., (voda, plyn, kanalizace jsou v dosahu). Na budovu (stodola) je již vypracovaný a schválený demoliční výměr. Obec Voleč se nachází na výborném strategickém místě. 3,5 km od dálnice D 11, (Prah – Černý Most 70 km), (Hradec Králové 25 km), (Rohovládova Bělá 2 km – škola 1.-9.tř. školka atd.), (Lázně Bohdaneč 9 km), (Pardubice 20 km).","Prodej pozemku 3470 m², Voleč(ID 297-NP00244)",,,,,,Pozemky,https://www.remax-czech.cz/reality/detail/415656/prodej-pozemku-3470-m2-volec,Klidná část obce,,Prodávající si vyhrazuje právo vybrat kupujícího na základě jím zvolených kritérií.,,,,,,,415656,0cc923bc37963b597c97a98e3db95c0c496bd4b98c2427b62e8f4565859c278b,,ID 297-NP00244
,,,"4 650 000
																		CZK/ za nemovitost",,,2+1,,Cihlová,,,,,,,,N/A,,30. 5. 2025,,,,,,,,,,50 m²,,,,,,"Nově vám nabízíme prodej bytu v osobním vlastnictví, který se nachází v žádané a klidné lokalitě v Příbrami. Jedná se o byt s dispozicí 2+1 s prostorným balkónem o celkové výměře 54 m2. K bytu také náleží samostatný sklep o výměře 2 m2. Byt se nachází v posledním patře cihlového domu bez výtahu. Dům je v udržovaném stavu, zateplený, s novou fasádou a novými balkony.K bytu také náleží samostatně stojící garáž hned vedle domu, která má 20 m2 a je v osobním vlastnictví. Garáž tak zajišťuje bezproblémové parkování u domu.Byt je po částečné rekonstrukci, je zde zděné jádro a původní elekřina. V bytě je menší nová kuchyně s jídelním stolem, koupelna se sprchovým koutem a samostatná toaleta. Z kuchyně a obývacího pokoje se dostanete do ložnice. Obývací pokoj má přístup na balkon. Byt má skvěle řešenou dispozici a dostatek přirozeného světla. Byt také majitel přenechá vybavený (pračka, lednice, veškerý nábytek v ložnici - dle fotografií, sedací souprava a zbylé kusy nábytku dle domluvy se zájemci.)Lokalita disponuje kompletní občanskou vybaveností, vše máte v docházkové vzdálenosti, obchody, supermarket, restaurace, cukrárnu, poštu, lékaře a další služby. V blízkosti jsou také školy, školky i dětská hřiště. Díky vynikající dopravní dostupnosti snadno dojedete do centra a okolí, autobusové zastávky jsou od domu vzdálené pár minut chůze.Pokud vás naše nabídka zaujala, neváhejte se ozvat a rádi vám poskytneme další informace.","Prodej bytu 2+1 v osobním vlastnictví 50 m², Příbram(ID 273-NP03973)",,Velmi dobrý,,,,Byty,https://www.remax-czech.cz/reality/detail/415644/prodej-bytu-2-1-v-osobnim-vlastnictvi-50-m2-pribram,,,Prodávající si vyhrazuje právo vybrat kupujícího na základě jím zvolených kritérií.,50 m²,Osobní,,Ano,,,415644,c78fa103fc625095e4e00168951c75237fe9cda4198709d29207a0686ccd6ebd,3,ID 273-NP03973
,,,"6 950 000
																		CZK/ za nemovitost",Obytná,,,"Vlak, Dálnice, Silnice, Autobus",Cihlová,,,,230 V,G,"49°05'19.4""N,16°38'08.2""E",Ano,N/A,,1. 6. 2025,,,Kanalizace,,,377 m²,,414 m²,Plynovod,,Řadový,Cena je kompletní vč. provize a ostatních poplatků,,,1,"Hledáte prostor, kde můžete vytvořit domov přesně podle svých představ?Dům v klidné obci Rajhradice, jen pár minut od Brna, je ideální příležitostí pro ty,kteří chtějí spojit bydlení s investicí, životem i podnikáním.Nemovitost, která má duši, prostor i potenciál růstu.Hlavní přednosti:Dispozice 6+1Obytná plocha 113 m²Garáž 16 m²Uzavřený dvůr se souborem hospodářských budov:výměra dvora: 52,4 m²dílna (14,5 m²), nářaďovna (22 m²), sklad (6,8 m²), sklep (8,7 m²), prádelna s kotelnou (5 m²)Celková zastavěná plocha a nádvoří: 377 m²Navíc: zahrada o výměře 414 m², vedená dle územního plánu jako plocha k venkovskému bydlení– vhodná pro výstavbu doplňkového objektu pro rekreaci, i k bydleníTechnické informace:Napojeno na elektřinu, vodu, kanalizaci i plyn (měřiče jsou momentálně odpojeny)Vytápění: plynový kotel Thermona + ohřívač vody 75 lPlastová okna do ulice, modernizovaná koupelna (cca 2010)Proč právě tento dům:- Klidná lokalita s výbornou dostupností do Brna- Soubor staveb pro zázemí, podnikání i sklad- Zahrada s možností výstavby další stavby- Kompletní technická připravenostZaujala vás tahle příležitost? Zavolejte a pojďme se sejít přímo na místě. Ukážu vám prostor, který může růst s vámi.","Prodej domu 186 m², Rajhradice(ID 077-NP06639)",,Před rekonstrukcí,,,Přízemní,Domy a vily,https://www.remax-czech.cz/reality/detail/415661/prodej-domu-186-m2-rajhradice,,,Prodávající si vyhrazuje právo vybrat kupujícího na základě jím zvolených kritérií.,186 m²,,Dálkový rozvod,,,113 m²,415661,5c2845b4d1976b8b4bfa43831d846a1a3f6eb9a1be173b497f53834a382df78a,,ID 077-NP06639
,,,"1 700 000
																		CZK/ za nemovitost",,,3+1,"Silnice, MHD, Autobus",Panelová,,,,230 V,G,"50°03'45.7""N,12°59'04.9""E",,N/A,,30. 5. 2025,,,Kanalizace,,,,,,Plynovod,80 m²,,,,,5,"Prodej bytu 3+1 se zasklenou lodžií v družstevním vlastnictví, 1.patro panelového domu, ul. Sídliště. Byt je v půdním stavu ideální k vlastním úpravám. Dům po kompletní revitalizaci. Rozlohou bytu a lokalitou vhodné pro vlastní bydlení. Parkování u domu, v okolí veškerá obč. vybavenost. Klidná lokalita, dům i vchod.","Prodej bytu 3+1 v družstevním vlastnictví 80 m², Toužim(ID 032-NP09187)",,Dobrý,Internet,,,Byty,https://www.remax-czech.cz/reality/detail/415649/prodej-bytu-3-1-v-druzstevnim-vlastnictvi-80-m2-touzim,Klidná část obce,,Prodávající si vyhrazuje právo vybrat kupujícího na základě jím zvolených kritérií.,80 m²,Družstevní,,,,415 m²,415649,d3d47d20fc0ce376942f744ebfb5aed85720492b913822b9c855cd9d47dd6455,2,ID 032-NP09187
,,,"15 750 000
																		CZK/ za nemovitost",,,,,Smíšená,,,,,G,"50°07'11.6""N,14°41'58.9""E",Ano,N/A,,1. 6. 2025,,,Kanalizace,,,1 063 m²,,656 m²,Plynovod,,Řadový,,2,1,2,"Nabízím k prodeji prostorný rodinný dům 230 m2 se zahradou a celkovým pozemkem 1063m2 a potenciálem další výstavby v obci Jirny.Rodinný dům s celkovou podlahovou plochou 230 m² disponuje dvěma podlažími. V přízemí se nachází 4 místností, z toho 3 jsou neprůchozí a jedna průchozí. V patře jsou tři další pokoje – obývací pokoj, dvě ložnice a kuchyň, dále je zde také koupelna. V obou patrech je koupelna a WC.Dům prošel rekonstrukcí rozvodů a elektroinstalace, byl instalován nový plynový kombinovaný kotel značky Bosch s vysokou energetickou účinností (instalace včetně nového komína byla dokončena v říjnu 2023). V témže roce byla provedena také výměna oken (9/2023), rekonstrukce odpadů (11/2023), nové dřevěné obložení v zadní části domu a u přístavku, podlahy na balkoně a terase, a nová střecha na garáži (5/2023). V roce 2024 byl zrealizován nový rozvod s uzávěrem pro přepínání mezi obecním vodovodem a studnou. Kuchyň v patře je z roku 2023. Okna jsou nová a technický stav domu je dobrý, přesto je třeba počítat s dokončením kosmetických úprav. Dům je téměř celý podsklepený – sklepní prostory jsou rozlehlé, je zde kotel a boiler a další prostor na skladování.Pozemek má celkovou výměru 1 063 m², z čehož 656 m² tvoří zahrada. Ta má příjezdovou cestu i z druhé strany, což představuje významnou přidanou hodnotu – pozemek lze využít jako stavební a případně zde vystavět další rodinný dům, nebo jej prodat samostatně. Na pozemku se nachází garáž s dílenským zázemím a další prostor, který může sloužit jako sklad nebo být přestavěn například na wellness zónu se saunou či vířivkou.Dům je napojen na veřejný vodovod, kanalizaci a elektřinu. Vytápění je zajištěno efektivním plynovým kotlem.V domě je zaveden bezdrátový internet od T-Mobile s rychlostí 100 Mbps.Čtvrtletní zálohy za vodu činí 2 720 Kč.Pokud máte zájem o prohlídku, prosím vyplňte formulář pod inzerátem a budeme vás kontaktovat s možnými termíny.V případě většího zájmu bude nemovitost prodána nejlepší nabídce.","Prodej domu 230 m², Jirny(ID 205-NP11551)",,Dobrý,,,Patrový,Domy a vily,https://www.remax-czech.cz/reality/detail/415585/prodej-domu-230-m2-jirny,Klidná část obce,,Prodávající si vyhrazuje právo vybrat kupujícího na základě jím zvolených kritérií.,230 m²,,"Zdroj pro celý objekt, Dálkový rozvod",,,129 m²,415585,4e68a24fcaaa301bbafe63e019514bbab5de9a88f745935fcaea9cf92a4e5974,,ID 205-NP11551
,200 m²,,"16 750 000
																		CZK/ za nemovitost",,,,"Vlak, Dálnice, Silnice, MHD, Autobus",Cihlová,,,,,G,"50°13'48.1""N,14°05'18.1""E",,N/A,,,,,Kanalizace,,,,,,Plynovod,,,,,,3,"Dovolujeme si Vám ve výhradním zastoupení majitele nabídnout zajímavou investiční příležitost v podobě bytového domu v samotném centru města Slaného. Jedná se řadový bytový dům, který Vám nabídne, jak komfortní bydlení na dobré adrese, tak i zajímavý a jistý měsíční příjem. V přízemí domu se nachází dva nebytové prostory - větší komerční prostor je o velikosti 58m2 a jeho dispozice zahrnuje kancelář (obchod), zázemí, kuchyňskou linku a WC. Tento prostor je dlouhodobě pronajatý prověřeným nájemníkem.Menší komerční prostor o velikosti 15m2 je vhodný jako kancelář nebo kontaktní místo a má zázemí s WC ve dvoře (6m2). Dále je v přízemí k dispozici malý byt - garsoniéra s patrem na spaní. Prvnímu patru vévodí luxusní byt 3+1 s velkorysou dispozicí o velikosti 104 m2. Tento byt prošel zdařilou rekonstrukcí a díky prostorné terase, technické místnosti a úložným prostorům poskytne komfortní bydlení i pro větší rodinu. Ve druhém patře je velká půda, která nabízí rozšíření obytného prostoru, v případě investice možnost rozšíření o dvě bytové jednotky (ateliéry). Benefitem této nabídky je menší dvůr se vstupem do dvoupodlažního původního sklepení. Součástí této nabídky je i další stavba (60m2), která je přístupná z vedlejší ulice Štechova a v současné době je tato budova dlouhodobě pronajata jako skladové prostory.Zde se nabízí i možnost navýšení budovy o další patro. Díky jedinečné poloze domu je veškerá občanská vybavenost v pěší dostupnosti. Pro více informací o této atraktivní nabídce a domluvení prohlídky kontaktujte makléřku nemovitosti.","Prodej nájemního domu 200 m², Slaný(ID 023-NP08474)",,Velmi dobrý,,,,Nájemní domy,https://www.remax-czech.cz/reality/detail/415608/prodej-najemniho-domu-200-m2-slany,Centrum obce,,Prodávající si vyhrazuje právo vybrat kupujícího na základě jím zvolených kritérií.,200 m²,,Dálkový rozvod,,,166 m²,415608,e5b686e0af0366788fc8acb95f4143d2611ab27c368708132b32c345ad2ff068,,ID 023-NP08474
,,,"3 990 000
																		CZK/ za nemovitost",Obchodní a obytná,,3+1,"Vlak, Dálnice, Silnice, MHD",Cihlová,,,,230 V,C,"49°48'23.5""N,18°14'57.6""E",,N/A,,1. 7. 2025,87,"Škola, Školka, Zdravotnická zařízení, Supermarket, Kompletní síť obchodů a služeb",Kanalizace,,,,,,Plynovod,93 m²,,včetně advokátní úschovy a provize,,1,6,"Ve výhradním zastoupení majitele nabízíme ke koupi družstevní byt 3+1 v Ostravě - Vítkovicích na ulici Závodní. Bytová jednotka o podlahové ploše 86 m2 je situována ve 4.np šestipodlažního cihlového domu, okna orientována na východ, jih a západ, k dispozici je lodžie s výhledem do klidného dvora. Byt je ve velmi pěkném stavu po částečné rekonstrukci, nabízíme ho bez vybavení. Dům je po celkové revitalizaci, instalován byl nový výtah a kamerový systém.Nemovitost se nachází v těsné blízkosti hokejové arény, veškerá občanská vybavenost je v blízkém okolí, lokalita je výborně dopravně dostupná. Parkování u domu, ve vedlejší ulici nebo na 100 m vzdáleném parkovišti.","Prodej bytu 3+1 v družstevním vlastnictví 93 m², Ostrava(ID 344-NP00407)",,Velmi dobrý,Internet,,,Byty,https://www.remax-czech.cz/reality/detail/415389/prodej-bytu-3-1-v-druzstevnim-vlastnictvi-93-m2-ostrava,Rušná část obce,,Prodávající si vyhrazuje právo vybrat kupujícího na základě jím zvolených kritérií.,86 m²,Družstevní,Dálkový rozvod,,Ano,,415389,62c88fa9fe8f7246d997f01e737f79c2a45b61efb6fff6a4b6969e17ec4cd961,4,ID 344-NP00407
,,,"11 990 000
																		CZK/ za nemovitost",Obytná,,,"Dálnice, Silnice, MHD, Autobus",Dřevěná,,,,230 V,B,"49°55'49.3""N,14°00'10.2""E",,N/A,,,,,Kanalizace,"Satelit, Kabelová televize",,416 m²,,350 m²,,,Řadový,,2,,2,"Moderní dům 4+kk s bazénem a výhledem do krajiny – Levín u BerounaHledáte dům, který má styl, komfort i kus přírody za okny? Jeden takový pro vás máme – postavený v roce 2020, promyšlený do detailu a připravený k nastěhování.Na pozemku o velikosti 416 m² najdete vše, co dělá domov domovem. Upravenou zahradu pro chvíle klidu, prostornou terasu ideální pro grilování s přáteli, a když teplota stoupne? Bazén se postará o příjemné ochlazení – a navíc vypadá skvěle i na Instagramu.Dispozice 4+kk nabízí vzdušných 100 m². Obývací pokoj s krbovými kamny navodí příjemnou atmosféru v každém ročním období. Kuchyně? Moderní, plně vybavená, a navazuje na jídelní kout s přímým vstupem na terasu. Ranní káva s výhledem – vaše nová rutina.V patře vás čeká útulná ložnice s vestavěnými skříněmi, dětský pokoj plný fantazie a praktická pracovna, kde zvládnete i pondělní poradu bez ztráty nervů. Koupelna je moderní, elegantní a především funkční – tak, jak to má být.Technické vybavení potěší každého, kdo má rád chytrá řešení – podlahové vytápění v celém domě a elektrické rolety ovládané přes mobil. Energetická třída B zase znamená nižší náklady na provoz a vyšší ohleduplnost k přírodě.A lokalita? Do centra Berouna dojedete za 5 minut, Králův Dvůr s kompletní občanskou vybaveností a nájezd na D5 doslova za rohem. Na okraji Prahy jste odtud za krásných 20 minut.Zní to jako místo, kde byste si dokázali představit nový začátek?Ozvěte se mi – rád vám dům ukážu osobně. A pokud bude potřeba, pomohu i s výhodným financováním.Pokud jste se také zamilovali, tento dům by vám neměl utéct.","Prodej domu 100 m², Králův Dvůr(ID 273-NP03974)",,Novostavba,"Telefon, Internet",,Patrový,Domy a vily,https://www.remax-czech.cz/reality/detail/415650/prodej-domu-100-m2-kraluv-dvur,Klidná část obce,,Prodávající si vyhrazuje právo vybrat kupujícího na základě jím zvolených kritérií.,100 m²,,Dálkový rozvod,Ano,,67 m²,415650,e00687f61112a0410ca58c5ab3056120b9eb4c7144a614f2f47dc4efd5ecc64e,,ID 273-NP03974
,,,"2 890 000
																		CZK/ za nemovitost",,,3+1,,Cihlová,,,,,C,"49°35'15.2""N,18°08'17.2""E",,N/A,,,,,,,,,,,,61 m²,,,,,,"Nabízím k prodeji družstevní bytovou jednotku 3+1 o výměře 61 m2. Tento byt je ideální volbou pro všechny věkové generace, ať už hledáte útulný domov pro rodinu s dětmi, nebo klidné místo pro starší osoby. Byt se nachází v klidné lokalitě na ulici Máchova v Kopřivnici.Byt se nachází v prvním nadzemním podlaží, což zajišťuje snadný přístup. V okolí bytu je veškerá občanská vybavenost v pěší dostupnosti, což znamená, že máte vše potřebné na dosah ruky. Navíc zde najdete nepřeberné množství kulturního a sportovního vyžití, které obohatí váš volný čas.Dostatek parkovacích míst je dalším plusem této lokality. Dům, ve kterém se byt nachází, prošel celkovou revitalizací, což zajišťuje moderní a příjemné bydlení. Bytové družstvo má již úvěr na revitalizaci zaplacen, a v letošním roce došlo ke snížení fondu oprav, což vedlo ke snížení nákladů na bydlení.Jedná se o byt s okny na tři světové strany, což zajišťuje dostatek přirozeného světla. Byt má původní bytové jádro s novějšími obklady a kuchyňská linka je také modernizována, což přispívá k celkovému komfortu bydlení.Pokud máte zájem o bližší informace nebo si chcete domluvit prohlídku, neváhejte mě kontaktovat. Těším se na Vás!","Prodej bytu 3+1 v družstevním vlastnictví 61 m², Kopřivnice(ID 133-NP02425)",,Velmi dobrý,,,,Byty,https://www.remax-czech.cz/reality/detail/415621/prodej-bytu-3-1-v-druzstevnim-vlastnictvi-61-m2-koprivnice,,,Prodávající si vyhrazuje právo vybrat kupujícího na základě jím zvolených kritérií.,61 m²,Družstevní,,,,,415621,8945d5cabd87b1e391bdd8f4aa6029a028c46e51c86a92ca6549cd6b3d2f1291,1,ID 133-NP02425
,,,"12 500 000
																		CZK/ za nemovitost",,,,"Vlak, MHD, Autobus",Cihlová,,,,"230 V, 400 V",F,"50°21'49.3""N,13°09'32.1""E",Ano,N/A,,30. 5. 2025,,,Septik,,,1 966 m²,,1 726 m²,,,Samostatný,,,,1,"Máme pro Vás na prodej tento dům k okamžitému nastěhování, který je umístěn v nádherné přírodě.Dům je patrový o dispozici 4+1 a do aktuální podoby prošel kompletní rekonstrukcí.přízemí domu:- zádveří- chodba- samostatná kuchyň- koupelna se sprchovým koutem a WC vč. prostoru na pračku a sušičku- jídelní část s obývacím pokojem a dobovým krbem1.patro:-	3x pokoj-	koupelna se sprchovým koutem a WCpůdní prostory:-	velký potenciál pro vybudování podkrovního bydleníZdrojem vytápění je elektrokotel a krbová kamna s výměníkem. V přízemí je podlahové vytápění, v 1. patře radiátory.Dům napojen na obecní vodovodní řád, kanalizace formou septiku s trativodem. Voda na zahradu a do přístavby z lesního pramene.V druhé části domu, se samostatným vstupem, se nachází dílna, technická místnost (elektrokotel, bojler na ohřev vody, systém podlahového vytápění) a další podkrovní prostor.Pozemek je oplocen se vstupem pomocí pojezdové brány na dálkové ovládání. K využití garáž velikostí na 2 auta vč. úložného prostoru.Jeden ze skvostů této nemovitosti je zděná stavba určená pro posezení, oslavy, relax ….., kde je k dispozici kuchyň se spotřebiči, krbová kamna, gril, posezení pro spoustu „přátel“ a v podkroví možnost přespání.Venkovní posezení je možné pod dřevěnou pergolou, vedle které je umístěna solární sprcha a je zde dostatek místa na případný bazén.A samozřejmě nechybí klasický zahradní domek pro potřebné zahradní náčiní.V horní části zahrady stylové ohniště s posezením. Sousedy v této části zahrady jsou koně a nádherná příroda.Kotvina je vesnice a část obce Okounov v okrese Chomutov v Ústeckém kraji. Město Kadaň je vzdáleno 11 km, město Chomutov cca 30 km. Několikadenní autobusový spoj na trase Kotvina – Kadaň – Kotvina. Lékař v obci Okounov (praktický, dětský, zubní), další obč. vybavenost v Kadani (školka, škola, obchody, pošta, úřady ….).Pokud hledáte klidné bydlení s možností okamžitého nastěhování, prostornou zahradou, zastřešenou garáží, vlastními prostory na „oslavy“ a především okolní přírodou, je právě tato nemovitost pro Vás.Pro domluvení termínu prohlídky, mně neváhejte kontaktovat.","Prodej domu 200 m², Okounov(ID 032-NP09188)",,Velmi dobrý,Internet,,Patrový,Domy a vily,https://www.remax-czech.cz/reality/detail/415655/prodej-domu-200-m2-okounov,Klidná část obce,,Prodávající si vyhrazuje právo vybrat kupujícího na základě jím zvolených kritérií.,200 m²,,,,,149 m²,415655,59f04ed9b0c0dcc386465317dad1fa5e066a5c5994a0436b9736ad683517cec6,,ID 032-NP09188
,4 428 m²,,Cena na vyžádání v kanceláři,,,,"Vlak, Dálnice, Silnice, Autobus",,Pro komerční výstavbu,,,"230 V, 400 V",,"49°01'45.4""N,17°28'06.6""E",,N/A,"Vodovod, Kanalizace, Plyn, Elektřina",1. 7. 2025,,,Kanalizace,,,,,,Plynovod,,,cena vč. právních služeb a provize RK,,,,"Představujeme Vám investičně zajímavou nemovitost, která se nachází v okrajové části města Kunovice, okres Uherské Hradiště, ve směru na Hluk a také v dobré dostupnosti na dálnici D 55. Nabízené nemovitosti  se nacházejí v části bývalé kunovické ,,Abrhámovy cihelny“, kdy dvě rozsáhlejší budovy slouží v dnešní době k provozování soukromých škol, a další starší administrativní budova s rozsáhlými pozemky je v současnosti nevyužitá.Nabízíme Vám tedy koupi nemovitosti jako celek, tzn. všechny budovy a pozemky o celkové evidované výměře 11 035 m². Anebo přicházíme s pracovním návrhem na dělení a vytvoření třech funkčních celků pracovně označených 1, 2, 3 se zajištěním přístupových cest a parkování na plochách pracovně označených 4 a 5. Budoucí využití stávajících budov a pozemků záleží již na budoucích nových vlastnicích buďto s možností koupě celku a nebo, dle jednotlivě navržených ploch 1, 2, 3 se spolupodílem na plochách 4 a 5.Předmětem funkčního celku (3) je stavba ,,Kunovice č.p. 1127“. Od roku cca 1994 do současnosti je cit. budova provozována soukromou školou v nájemním vztahu na dobu určitou do 30.06.2025. V budově naleznete v 1.NP - 9 větších místností, prostornou vstupní chodbu a sekretariát, prostorná hala – čítárna, dále sociální zařízení, a dále v 1.PP se nachází sklepy/sklady, sklady a schodiště.Dle dostupných výkresů (půdorysy 1.PP, 1.NP, 2.NP a 3.NP - půdní vestavba) z pasportu roku 2013 je pravděpodobná výměra obvodu budovy cca 610 m² s užitnou plochou cca 662 m². Uvedené údaje mají pouze informativní charakter.Inženýrské sítě (vše pozastaveno):- elektřina- plyn- voda- oddílná kanalizaceRádi vás blíže provedeme touto zajímavou nemovitostí a sdělíme vám další pro vás potřebné informace či zajistíme odpovědi na vaše případné dotazy. Zajistíme Vám možnost financování koupě této nemovitosti – bezplatná konzultace s našim finančním poradcem. Více fotografií na stránkách RE/MAX. Bližší informace u makléře nabídky.","Prodej pozemku 4428 m², Kunovice(ID 160-NP02723)",,,,,,Pozemky,https://www.remax-czech.cz/reality/detail/415611/prodej-pozemku-4428-m2-kunovice,Okraj obce,,Prodávající si vyhrazuje právo vybrat kupujícího na základě jím zvolených kritérií.,,,Dálkový rozvod,,,,415611,62e3439c7c7295cdeafd98ded08d664a31c399a1db88efe0d0deb4b30eb754b3,,ID 160-NP02723
,,,"6 300 000
																		CZK/ za nemovitost",Obytná,,3+1,"Silnice, MHD, Autobus",Panelová,,,,230 V,C,"49°09'59.1""N,16°34'42.4""E",,N/A,,,349,,Kanalizace,,,,,,Plynovod,69 m²,,Včetně realitních služeb a advokátní úschovy.,,,12,"Ve výhradním zastoupení majitele, mám pro Vás v nabídce tento útulný byt v družstevním vlastnictví o dispozici 3+1 s výměrou 68 m2 se zaskleným balkónem a výhledem, který Vás okouzlí každý den.Některá rána totiž mohou začínat jinak...Třeba když celé Brno leží před Vámi a slunce Vás vítá skrz zasklený balkón.Přesně takový pocit na Vás čeká v tomto příjemném bytě po částečné rekonstrukci na Rolnické ulici v brněnských Bohunicích.Byt je v nejvyšším patře panelového domu, což Vám zajistí nejen klid, ale především výhled, na který jen tak nezapomenete – celé Brno budete mít jako na dlani a východy slunce si z prostorného zaskleného balkónu zamilujete hned první ráno.Bytová jednotka je po částečné rekonstrukci – nové elektrické rozvody ve většině místností, zrekonstruovaný obývací pokoj, ložnice i vstupní chodba. Kuchyně, koupelna a toaleta zůstávají v původním, ale velmi zachovalém stavu – dává Vám to tak volnost proměnit si je přesně podle svého vkusu, klidně postupně, v tempu, které Vám bude příjemné.Přesto už teď působí útulně, harmonicky a klidně. Je čistý, světlý a připravený přivítat nové majitele – ať už hledáte nový začátek, pohodlný život ve městě nebo byt jako investici.Všechny kousky vybavení, které vidíte na fotografiích, jsou součástí prodeje.Můžete se tak hned zabydlet, nebo si vybavení přizpůsobit podle sebe.Lokalita? Praktická a oblíbená – Bohunice jsou skvělou adresou pro každodenní život.Výborná dostupnost do centra města, blízko univerzitní nemocnice, obchodů, škol i MHD.Zároveň však dostatek klidu, zeleně a prostoru pro vlastní tempo.Věřím, že tento byt je jako stvořený proto, aby někomu nabídl nový domov. Možná změnu. Možná první investici.Ať už je Váš příběh jakýkoli, moc ráda Vám pomohu a tímto bytem Vás osobně provedu.Jsem součástí RE/MAX už od roku 2008 a stejně jako se s láskou starám o svou vlastní cestu, starám se ráda i o ty Vaše.Těším se na setkání a na další nový příběh...Nina TedováREMAX DeluxV případě většího počtu zájemců bude nemovitost prodána nejvýhodnější nabídce dle kritérií stanovených majitelem, který si zároveň vyhrazuje právo zvolit kupujícího. Všechny uvedené údaje mají pouze informativní charakter a nepředstavují nabídku ve smyslu § 1731 nebo § 1732 občanského zákoníku, ani veřejný příslib dle § 1733 občanského zákoníku. Z této nabídky tak nevzniká nárok na uzavření smlouvy.","Prodej bytu 3+1 v družstevním vlastnictví 69 m², Brno(ID 268-NP03070)",,Dobrý,,,,Byty,https://www.remax-czech.cz/reality/detail/415646/prodej-bytu-3-1-v-druzstevnim-vlastnictvi-69-m2-brno,Sídliště,,Prodávající si vyhrazuje právo vybrat kupujícího na základě jím zvolených kritérií.,69 m²,Družstevní,Dálkový rozvod,,Ano,432 m²,415646,281592bff6a5eeb40624b849b502c471ddc0b92e09f21fe6f8d58870abeebe3e,12,ID 268-NP03070
,169 m²,,"6 290 000
																		CZK/ za nemovitost",Rekreační,,,"Vlak, Silnice, Autobus",Cihlová,,,,"230 V, 400 V",G,"50°35'53""N,16°12'38.7""E",,N/A,,27. 5. 2025,,,Septik,Satelit,,1 482 m²,,1 333 m²,,,Řadový,,,,2,"Prodej rodinného domu/domu k rekreaci 149 m2 (užitná plocha objektu), s pozemkem 1333 m2 (zahrada), prostornou garáží/dílnou (15 m2) a sklepem 15 m2Nabízíme Vám ve výhradním zastoupení realitní kanceláře RE/MAX Vox k prodeji tradiční venkovské stavení broumovského typu. Původní dům pochází z 19. století, roku 1910 prošel rekonstrukcí, když ta poslední proběhla před necelými 10 lety. Jedná se o dvoupodlažní, zděný RD/chalupu, o aktuální dispozici 6 + 2kk a celkové výměře užitné plochy domu 149 m2. Nemovitost se nachází ve velice atraktivní, zatím málo dotčené lokalitě, na pomezí Adršpašsko-teplických skal a Broumovských stěn, v samém srdci CHKO Broumovsko.Dům se nachází na polosamotě, obklopený množstvím znamenitých pískovcových skal a barokních kostelů, jakož i bohatou sítí stezek pro pěší turisty i cyklisty, což poskytuje majitelům ideální prostředí pro aktivní odpočinek, s klidným a pohodovým zázemím. V okolí domu vede i nejslavnější závod v maratonu na horských kolech, pořádaný v ČR, ikonické Rallye Sudety. V bezprostřední blízkosti se nachází železniční stanice, z roku 1875, kterou si v dobách minulých ""vymohl"", ač ode vsi poměrně vzdálena, sám majitel původního, nabízeného, objektu.Prostorové uspořádání domu se skládá ze dvou obytných podlaží, přičemž 1.NP , o dispozicí 3 +1 tvoří zádveří, obývací pokoj, s navazující kuchyní, ložnici, pokoj a koupelna s vanou a samostatná toaleta, technické místnosti a samostatná garáž/dílna. Ve 2.NP naleznete tři prostorné pokoje, kuchyně a koupelna se sprchovým koutem. Objekt garáže/dílny disponuje vlastním, venkovním, přístupem a je spojen s vnitřními prostorem domu.Rozvody elektřiny jsou nové, kompletně v Cu provedení, voda z vodovodního řadu + možnost čerpána z 20 m hlubokého, vlastního vrtu, kanalizace je řešena dvoukomorovou, objemnou nádrží.Vytápění domu je řešeno tepelným čerpadlem (vzduch/voda), zn. ACOND, o výkonu 13,6 kW, s alternativní možností využití kotle na tuhá paliva. Zájemci o potenciálně další zdroj tepla mohou zabudovat do objektu krbová/kachlová kamna. Objekt je osazen novými plastovými okny, novou střešní krytinou (tašky, potažené plastem), Al okapy a funkčním zabezpečovacím systémem. Satelitní a internetové připojení je ve výborné kvalitě. Celkově se objekt nachází ve výborném stavebně technickém stavu, připraven ihned k nastěhování, bez nutnosti jakýchkoliv úprav.Dům stojí na polosamotě, obklopen udržovanou zahradou, která poskytuje naprosté soukromí a klid (stranou komunikace), s udržovaným trávníkem.Vedle domu se kromě železniční, nachází i autobusová zastávka, obojí s pravidelným provozem. V blízkém Meziměstí se nachází příjemné koupaliště, k polským sousedům na nákupy/výlety je to coby kamenem dohodil.V případě více vážných zájemců bude kupující vybrán na základě parametrů stanovených prodávajícím.Pokud Vás tato nabídka zaujala a máte zájem se dozvědět více informací, tak mě neváhejte kontaktovat. Budu se těšit na osobní setkání během prohlídek nemovitosti.","Prodej chaty / chalupy 169 m², Teplice nad Metují(ID 297-NP00245)",,Velmi dobrý,Internet,,Patrový,Chaty a rekreační objekty,https://www.remax-czech.cz/reality/detail/415659/prodej-chaty-chalupy-169-m2-teplice-nad-metuji,,Ochranné pásmo,Prodávající si vyhrazuje právo vybrat kupujícího na základě jím zvolených kritérií.,169 m²,,"Zdroj pro celý objekt, Dálkový rozvod",,,149 m²,415659,b02e155977965cf3833453b54fce1df243a931d260cf776274cbd7522c404beb,,ID 297-NP00245
,54 m²,,"2 950 000
																		CZK/ za nemovitost",Rekreační,,,"Vlak, Silnice, Autobus",Cihlová,,,,400 V,G,"49°15'25.7""N,16°40'44.7""E",,N/A,,4. 6. 2025,,,,,,400 m²,,362 m²,,,Samostatný,"včetně realitních, právních služeb a vkladu na katastr nemovitostí",1,1,3,"Bílovice nad Svitavou, místo, kde lesy šeptají příběhy a řeka nese po staletí tisíce vzpomínek, kouzelné místo lesů, vod a strání, nádherná lokalita uprostřed přírody, která inspirovala S.K.Neumanna k vytvoření stejnojmenné básnické sbírky.Zde na chvíli utichne ruch světa a rodí se krása v podobě slov, tonů a obrazů.Dovoluji si vám nabídnout ke koupi krásnou zděnou podsklepenou chatu s obytným podkrovím orientovanou na západ na ulici Mladova č.e.7 jen kousek za Bílovickým mlýnem, v srdci přírody, na místě, kde se minulost potkává s budoucností v krásném údolí.Čeká na Vás nemovitost připravená k novému příběhu, k Vašemu tichému útočišti, která Vám nabídne prostor pro rekreaci nebo k trvalému domovu v prostředí, kde najdete v současné době již mnoho nemovitostí, které slouží k trvalému bydlení.Hlavní přednosti chaty:– dispozice 2+kk, podlahová plocha 42 m²– z obývacího pokoje vstup po schodech do obytného podkroví– u vstupu do chaty malá krytá terasa – ideální pro relax při nepřízni počasí– sklep 9 m² v suterénu stavby pro rodinnou rekreaci se vstupem vedle chaty– krytí sklad na nářadí se vstupem z obou stran chaty– vlastní studna s užitkovou vodou, nový atest vody vyhotovenVybavení a technické parametry:– Kuchyňská linka součástí obytného prostoru s keramickou dlažbou a keramickými obklady– Vinylová podlaha v obytných místnostech, keramická dlažba a obklady na toaletě– Keramická dlažba v obývacím pokoji– Dřevěná podlaha v podkroví– Vytápění litinovými kamny s velkou výhřevností– Nízké provozní náklady– Rekonstrukce v roce 2016Bílovice bývaly oblíbeným místem výletů obyvatel města Brna již za první republiky.Zejména před druhou světovou válkou se staly Bílovice vyhledávaným letním sídlem a výletním místem řady českých umělců.V současné době jsou Bílovice častým výletním cílem turistů a cyklistů, kteří tudy projíždějí nejen z Brna údolím řeky Svitavy, ale i snílků a možná právě tady začíná Váš nový příběh.V Bílovicích se nespěchá, zde se žije, je to místo, kde příroda dává smysl každému dni.V případě více zájemců bude nemovitost prodána nejlepší nabídce a majitel si vyhrazuje právo vybrat kupujícího na základě jim zvolených kritérií. Veškeré zveřejněné údaje obsažené v tomto inzerátu mají pouze informativní charakter a nejsou nabídkou ve smyslu § 1731 nebo § 1732 občanského zákoníku, ani se nejedná o veřejný příslib dle § 1733 občanského zákoníku.Prohlídkový den nemovitosti ve středu 4.6.2025Zaujala Vás tato nemovitost?Zavolejte mi!Jsem makléř ze štatlu a plním Vaše realitní sny.","Prodej chaty / chalupy 54 m², Bílovice nad Svitavou(ID 268-NP03068)",,Velmi dobrý,,,Patrový,Chaty a rekreační objekty,https://www.remax-czech.cz/reality/detail/415591/prodej-chaty-chalupy-54-m2-bilovice-nad-svitavou,Klidná část obce,,Prodávající si vyhrazuje právo vybrat kupujícího na základě jím zvolených kritérií.,54 m²,,,Ano,,38 m²,415591,4caa56b37c3abf0a6b974b018558492e7818f8bd321aec66ab15da484584a31b,,ID 268-NP03068
,,,"5 995 000
																		CZK/ za nemovitost",Obytná,,,,Smíšená,,,,"230 V, 400 V",G,"50°25'29.1""N,14°14'50.5""E",Ano,N/A,,,,,Kanalizace,,,472 m²,,345 m²,Plynovod,,Rohový,"aukce, včetně provize, hypotečního a právního servisu i advokátní úschovy kupní ceny",,,2,"Roudnice nad Labem je město ležící na levém břehu řeky Labe v okrese Litoměřice. Podle statistických údajů trvale žije na území města přibližně 13 tisíc obyvatel. Roudnice se rozkládá na ploše 16,67 km² a patří k ní vesnice Podlusky. Historické jádro města a okolní zástavba jsou chráněny jako městská památková zóna.Jedná se o město s velmi dobrou občanskou vybaveností pro život a nedalekým nájezdem na dálnici D8.V exkluzivním zastoupení majitele nabízíme k prodeji rodinný dům nacházející se na adrese Čechova 1116. Tento krajový patrový rodinný dům je určen k celkové revitalizaci a představuje budoucí Vaše ideální místo pro život Vaší rodiny s dětmi, kde si užijete nejen prostor, ale také bezpečí a rodinnou atmosféru.Dům s celkovou užitnou plochou 85 m² a zastavěnou plochou 103 m² se nachází na rovinatém pozemku o celkové velikosti 472 m², který nabízí dostatek místa pro hry a aktivity dětí. Prostorná zahrada je skvělým místem pro rodinné oslavy, grilování či relaxaci či pěstování plodin. U domu je zahrada osázena stromy a keři, zahradní domek na nářadí a zděná skladovací místnostDům postaven v roce 1927 disponuje třemi pokoji + kuchyní a šatnou. Prostorné a vzdušné místnosti zajišťují, že se zde každá rodina bude cítit pohodlně. Topení zajištuje plynový kotel. Okna kombinace původních a plastových. Střecha je z betonových tašek, stáří dvacet let.Na místě se nachází také garáž, která poskytuje parkování pro vaše jízdní prostředky a může být využita i jako úložný prostor. Dům je napojen na veškeré inženýrské sítě – kanalizaci, vodovod, plynovod a elektřinu.Poloha nemovitosti je dalším neocenitelným benefitem. V blízkosti se nachází základní školy, dětské hřiště a zeleň, kde si děti mohou hrát a rodiče relaxovat. Roudnice nad Labem, s bohatou nabídkou volnočasových aktivit, nabízí rodinám široké možnosti zábavy a vzdělání.Tento rodinný dům je příležitostí, kterou si určitě nenechte ujít. V případě zájmu o prohlídku nás neváhejte kontaktovat a registrujte se na prohlídkový den. Po jeho absolvování bude spuštěna Aukce, kde budete mít možnost nahrát jednu unikátní nabídku. Uvedená cena v inzerci je minimální akceptovatelná. Vaši nemovitost můžete nabídnout jako protihodnotu. Cena uvedena včetně provize, hypotečního a právního servisu a poplatku za návrh na vklad do katastru nemovitostí.","Prodej domu 85 m², Roudnice nad Labem(ID 024-NP07131)",,Velmi dobrý,"Telefon, Internet",,Přízemní,Domy a vily,https://www.remax-czech.cz/reality/detail/415613/prodej-domu-85-m2-roudnice-nad-labem,Klidná část obce,,Prodávající si vyhrazuje právo vybrat kupujícího na základě jím zvolených kritérií.,85 m²,,Dálkový rozvod,,,103 m²,415613,1cb8b712780e45386ff7ccc1ebaf3c1b355a11a14803a7ac60e74d2c39339a34,,ID 024-NP07131
,,,"10 500 000
																		CZK/ za nemovitost",,,,"Vlak, Silnice, Autobus",Smíšená,,,,230 V,G,"50°19'05.3""N,12°43'33.5""E",,N/A,,30. 5. 2025,,,Kanalizace,,,725 m²,,,Plynovod,,Samostatný,,,,2,"Představte si místo, kde každý kout vypráví příběh o péči, lásce a poctivé práci. Právě takový je tento nádherný rodinný dům v klidné části města Nejdek, který prošel kompletní a náročnou rekonstrukcí, jež mu vdechla nový život. Výsledkem je domov, který nabízí komfort, prostor a klid – ideální prostředí pro rodinné zázemí i chvíle relaxace.Dům je patrový a promyšleně rozdělený na dvě části. V přízemí se nachází prostorný a světlem zalitý obývací pokoj, propojený s moderní kuchyní vybavenou vestavěnými spotřebiči – radost tu vařit i trávit čas s rodinou. Z obýváku se plynule vstupuje do zimní zahrady, která poskytuje útočiště v každém ročním období. Dále zde najdete ložnici s vlastní šatnou, koupelnu, samostatné WC, útulnou předsíň i praktickou prádelnu.Horní patro nabízí další tři samostatné pokoje – ideální pro děti, pracovnu či pokoj pro hosty. Každý má své kouzlo a dostatek soukromí.Co ale tento dům posouvá ještě o úroveň výš, je jeho vybavení moderními technologiemi. Díky solárním panelům, infratepelným panelům a tepelnému čerpadlu se stává energeticky úsporným a šetrným k přírodě – chytré řešení, které uleví jak přírodě, tak vaší peněžence.A teď to nejlepší – zahrada. Na ploše 725 m² najdete malý ráj. Pečlivě udržovaná, osázená okrasnými rostlinami a skalkami, jako stvořená pro letní večery i nedělní kávu. Velký krytý bazén nabídne osvěžení v horkých dnech, zatímco altán s letní kuchyní a kamenným krbem se stane středobodem každé oslavy. K tomu praktický zahradní domek na vše potřebné.Tento dům není jen nemovitost – je to bezpečný přístav, místo, kde budete chtít zůstat. A třeba i zapustit kořeny.","Prodej domu 144 m², Nejdek(ID 294-NP01521)",,Velmi dobrý,Internet,,Patrový,Domy a vily,https://www.remax-czech.cz/reality/detail/415610/prodej-domu-144-m2-nejdek,Klidná část obce,,Prodávající si vyhrazuje právo vybrat kupujícího na základě jím zvolených kritérií.,144 m²,,Dálkový rozvod,,,133 m²,415610,6fbc8afd2585445c5e34b2e7f84978fde40b5a35e9acd5cf97965c105b164cde,,ID 294-NP01521
,,,"5 790 000
																		CZK/ za nemovitost",Venkovská,,,"Dálnice, Silnice, Autobus",Smíšená,,,,"230 V, 400 V",G,"50°07'07.5""N,15°34'22.5""E",,N/A,,30. 5. 2025,,,Kanalizace,,,3 470 m²,,3 270 m²,Plynovod,,Samostatný,včetně realitních služeb,,,1,"Prodej rodinného domu a stavebních pozemků. Rodinný dům je v původním stavu, je určen ke kompletní rekonstrukci. Pozemky je možné rozdělit na tři stavební pozemky. Nemovitosti se nachází v centru obce, v klidné části a je možné je koupit (zarezervovat) i zvlášť.Inženýrské sítě: RD je napojený na el., plyn, odpad, zbývající dva pozemky jsou připojeny na el., (voda, plyn, kanalizace jsou v dosahu). Na budovu (stodola) je již vypracovaný a schválený demoliční výměr. Obec Voleč se nachází na výborném strategickém místě. 3,5 km od dálnice D 11, (Prah – Černý Most 70 km), (Hradec Králové 25 km), (Rohovládova Bělá 2 km – škola 1.-9.tř. školka atd.), (Lázně Bohdaneč 9 km), (Pardubice 20 km).","Prodej domu 160 m², Voleč(ID 297-NP00243)",,Před rekonstrukcí,,,Přízemní,Domy a vily,https://www.remax-czech.cz/reality/detail/415654/prodej-domu-160-m2-volec,Klidná část obce,,Prodávající si vyhrazuje právo vybrat kupujícího na základě jím zvolených kritérií.,160 m²,,,,,200 m²,415654,52cd7d310b8f1d823814e7007d85d6f5f229d742a2c33bf1186bfb3fe0ed00d7,,ID 297-NP00243
,,,"2 800 000
																		CZK/ za nemovitost",Obytná,,,,Smíšená,,,,,G,,,N/A,,,,,Septik,,,197 m²,,,Plynovod,,Řadový,,,,1,"Rodinný dům s dispozicí 3+1, půda vhodná k vestavbě. V místě veškerá občanská vybavenost (obchody, škola, školka, restaurace, lékař, sportoviště, vlakové a autobusové spojení). V okolí krásná krajina s množstvím rybníků a lesů. Praha 82 km, Blatná 10 km, Březnice  10 km, Strakonice 33 km.","Prodej domu 82 m², Bělčice(ID 205-NP11557)",,Velmi dobrý,,,Přízemní,Domy a vily,https://www.remax-czech.cz/reality/detail/415662/prodej-domu-82-m2-belcice,Centrum obce,,Prodávající si vyhrazuje právo vybrat kupujícího na základě jím zvolených kritérií.,82 m²,,Dálkový rozvod,,,105 m²,415662,31ca652485d2919712f0b1fb0e8a262aeaaaff114d14ca55c912d8e2fbd87e3c,,ID 205-NP11557
,,,"6 592 000
																		CZK/ za nemovitost",,,2+kk,,Cihlová,,,,,G,"50°02'58.1""N,14°26'42.9""E",,N/A,,30. 5. 2025,,,,,,,,,,52 m²,,,,,5,"Bytová jednotka č. 43 ve 4. podlaží domu má praktickou dispozici 2+kk a podlahovou plochu 40.1 m². Orientovaná je na jih do ulice. Součástí bytu je velkorysá terasa 9,3 m² a vlastní sklepní kóje. Všichni obyvatelé domu mohou navíc využívat rozlehlou společnou zahradu lemovanou vzrostlými stromy, která díky tomu nabízí dostatek soukromí. Bytová jednotka ve stavu před rekonstrukcí nabízí příležitost vytvořit si bydlení ve vlastním stylu, anebo ideální investiční byt.Pro prohlídku nebo dotazy mně kdykoliv kontaktujte.","Prodej bytu 2+kk v osobním vlastnictví 52 m², Praha 4 - Michle(ID 175-NP01507)",,Velmi dobrý,,,,Byty,https://www.remax-czech.cz/reality/detail/415605/prodej-bytu-2-kk-v-osobnim-vlastnictvi-52-m2-praha-4-michle,,,Prodávající si vyhrazuje právo vybrat kupujícího na základě jím zvolených kritérií.,40 m²,Osobní,,,,97 m²,415605,135f22878a97926f76e75751fc06d4a65cc68260e5e5224c5e3d887f9aedc52c,4,ID 175-NP01507
,,,"4 290 000
																		CZK/ za nemovitost",,,2+1,,Panelová,,,,,C,"50°05'13""N,14°07'43""E",,N/A,,,,,Kanalizace,,,,,,Plynovod,52 m²,,,,,5,"Exkluzivně nabízím k prodeji byt 2+1 v obci Unhošť – Komenského 725. Tento velmi pěkně řešený byt o celkové rozloze 52 m² se nachází v 1. patře zatepleného panelového domu bez výtahu.Byt je v dobrém stavu. Součástí bytu je kuchyňská linka, která je vybavena elektrickým sporákem s troubou, digestoří, mikrovlnnou troubou a lednicí. Byt nabízí prostorný obývací pokoj s dostatkem denního světla. V obytných místnostech jsou parkety pokryté kobercem, v chodbě a kuchyni je linoleum, v koupelně je dlažba. Koupelna má zděné jádro s vanou. K bytu náleží sklep o rozloze 2 m². Vytápění bytu a ohřev vody je centrální domovní. Byt má plastová okna a je k dispozici ihned. Parkování je možné v těsné blízkosti domu.Unhošť je pro svou polohu velmi žádanou lokalitou - leží 10 km od Kladna a pouhých 15 km od Prahy. Bytový dům se nachází v centru města Unhošť. V okolí domu naleznete mateřské a základní školy, zdravotnická zařízení, poštu. Je zde také široká nabídka obchodů a restaurací. Pro volný čas je zde k dispozici sportovní areál, kulturní zařízení včetně muzea, dětská hřiště, parky. Lokalita nabízí dostatek zeleně, na své si přijdou také milovníci cyklistiky, in-line bruslení či turistiky.Unhošť má vynikající dopravní spojení. Autem se na okraj Prahy dostanete za 15–20 minut. Autobusové spojení zajišťuje rychlý přístup do Prahy.Domluvte si prohlídku ještě dnes, rád Vás tímto bytem osobně provedu. S financováním Vám pomůže náš hypoteční specialista.","Prodej bytu 2+1 v osobním vlastnictví 52 m², Unhošť(ID 254-NP00794)",,Velmi dobrý,,,,Byty,https://www.remax-czech.cz/reality/detail/415581/prodej-bytu-2-1-v-osobnim-vlastnictvi-52-m2-unhost,Klidná část obce,,Prodávající si vyhrazuje právo vybrat kupujícího na základě jím zvolených kritérií.,52 m²,Osobní,,Ano,,,415581,20937ed7e8b7a202a66b0a29b626ab1e6775a6d828a313377a23363d0a7130cd,1,ID 254-NP00794
,390 m²,,"1 287 000
																		CZK/ za nemovitost",,,,,,Pro bydlení,,,,,"50°01'49""N,15°10'31.1""E",,N/A,Vodovod,,,,,,,,,,,,,Cena včetně provize a právních služeb,,,,"Nabízíme k prodeji pozemek o výměře 390 m² nacházející se v klidné a vyhledávané lokalitě Kolín – U Vodárny. Pozemek je mírně svažitý a jeho součástí je částečně podsklepená dřevěná chatka se zastavěnou plochou cca 8 m², která může sloužit jako zázemí pro rekreaci, odpočinek nebo uskladnění zahradního náčiní.Na pozemku je zavedena sezónní vodovodní přípojka (v provozu od jara do podzimu). Elektřina je přivedena na hranici pozemku.Dle platného územního plánu spadá pozemek do zóny B2 – městské bydlení. V současnosti je ideální pro rekreační využití, zahradničení či relaxaci v příjemném prostředí.Výhodou je výborná dostupnost do centra Kolína i blízkost přírody, která nabízí klidné prostředí pro volnočasové aktivity.V případě zájmu o více informací nebo sjednání prohlídky mě neváhejte kontaktovat.","Prodej pozemku 390 m², Kolín(ID 059-NP07534)",,,,,,Pozemky,https://www.remax-czech.cz/reality/detail/415574/prodej-pozemku-390-m2-kolin,Okraj obce,,Prodávající si vyhrazuje právo vybrat kupujícího na základě jím zvolených kritérií.,,,,,,,415574,d56a1a869c79215dcf6a183a30fad136ba5da5351364e06790713c694a3183f8,,ID 059-NP07534
,,,"30 000 000
																		CZK/ za nemovitost",,,,,Cihlová,,,,,G,"49°54'55.6""N,14°24'53.3""E",,N/A,,,,,,,,336 m²,,,,,Samostatný,,,,3,"Jedinečná příležitost – prodej exkluzivního projektu včetně stavebního povolení na luxusní vilu o užitné ploše 765 m² v obci Březová-OleškoNabízíme k prodeji stavební pozemek o celkové ploše 4.997 m² s již vypracovaným projektem a vydaným stavebním povolením na nadstandardní třípodlažní rodinný dům. Pozemek se nachází na konci zástavby v klidné části obce Březová-Oleško, nedaleko Vraného nad Vltavou (okres Praha-Západ), a poskytuje maximální soukromí i výjimečné zázemí pro rodinné bydlení.Projekt zahrnuje moderní vilu s užitnou plochou cca 765 m² a dispozicí 7+kk, doplněnou o wellness zónu, vnitřní bazén, vinotéku a garáž pro dvě vozidla. Dům je rozdělen do tří podlaží a nabídne nejen velkorysé obytné prostory, ale i technické zázemí, relaxační části a tři venkovní terasy o celkové výměře přes 80 m². Kvalitní architektonické řešení je připravené pro okamžité zahájení stavby – dokumentace a vizualizace jsou k dispozici na vyžádání.Pozemek je napojen na elektřinu a obecní vodovod, k dispozici jsou i dvě vlastní studny. Obec plánuje v blízké době vybudovat kanalizaci. Na pozemku se nachází původní stavba, kterou lze dočasně využít během výstavby.Lokalita je ideální pro rodinný život v přírodě s výbornou dostupností do Prahy (cca 30 minut autem nebo MHD na metro C – Kačerov). Vlaková stanice ve Vraném nad Vltavou nabízí rychlé spojení na Smíchovské nádraží během 15 minut. V obcích Zvole a Vrané nad Vltavou naleznete kompletní občanskou vybavenost včetně školek, obchodů a restaurací.Pozemek je dle územního plánu určen k výstavbě rodinných domů a nabízí i možnosti pro podnikání – drobný maloobchod, nerušící řemesla nebo rekreační ubytování do 15 lůžek. Maximální zastavěnost pozemku činí 20 % (dům + garáž), dalších 10 % je určeno pro zpevněné plochy. Zeleň musí tvořit alespoň 70 % plochy pozemku. Výškové omezení: max. 2 nadzemní podlaží, výška hřebene do 9 m.Tato nabídka je vhodná pro ty, kteří hledají kombinaci investiční příležitosti a unikátního projektu ve výjimečné lokalitě.Neváhejte nás kontaktovat pro více informací, zaslání dokumentace nebo sjednání osobní schůzky.","Prodej domu 765 m², Březová-Oleško(ID 262-NP00512)",,Projekt,,,Patrový,Domy a vily,https://www.remax-czech.cz/reality/detail/415485/prodej-domu-765-m2-brezova-olesko,Centrum obce,,Prodávající si vyhrazuje právo vybrat kupujícího na základě jím zvolených kritérií.,765 m²,,Dálkový rozvod,,,,415485,f60451850f54d5cfab1f7a17e81373881b5e2cae937225df10cc050a39ef23f7,,ID 262-NP00512
,,,"18 590 000
																		CZK/ za nemovitost",Obytná,,4+kk,MHD,Smíšená,,,,230 V,B,"50°03'56.3""N,14°23'30.4""E",Ano,N/A,,,,,Kanalizace,,,,,,Plynovod,130 m²,,včetně provize a pravniho servisu,,1,4,"Nabízím k prodeji luxusní nemovitost v Rezidenci Park Nikolajka Praha 5, Smíchov. Byt má dispozici 4+kk, rozlohu 111 m2 + 12 m2 lodžie + dvě parkovací stání v podzemí garáži a sklep 7,2 m2. Díky unikátní poloze na konci slepé ulice U Nikolajky jde o mimořádně klidné místo v zeleni. Lokalita ve svahu nad centrem Prahy poskytuje nádherné výhledy na město a dlouhodobě platí za velmi prestižní a vyhledávanou rezidenční adresu. Byt se skládá ze tří ložnic, obývacího pokoje, propojeného s jídelním prostorem a kuchyňskou linkou, šatny, samostatné toalety a ze dvou koupelen. Jedna koupelna je s hydromasážní vanou, ve druhé je sprchový kout a další toaleta. Na terasu je vstup z obývacího pokoje i z vedlejší ložnice a je orientovaná na jihozápad.Smíchov nabízí velmi příjemné bydlení, perfektní občanskou vybavenost a spoustu možností, jak trávit volný čas. K relaxaci, sportu a procházkám je možné využít například park Santoška na severním svahu Pavího vrchu, který se vypíná hned za domem, sportovní centrum Radlická (tenis, fotbal, squash, badminton, plavecký bazén), zimní stadion Nikolajka, Holmes Place Anděl a Smíchov, v Erpet GR golf, squash, tenis, volejbal, relax centrum) a mnoho dalších. Mnohé jistě také potěší nedaleké nábřeží Vltavy a převoz na druhý břeh k Žlutým lázním.","Prodej bytu 4+kk v osobním vlastnictví 130 m², Praha 5 - Smíchov(ID 315-NP00051)",,Velmi dobrý,,,,Byty,https://www.remax-czech.cz/reality/detail/415520/prodej-bytu-4-kk-v-osobnim-vlastnictvi-130-m2-praha-5-smichov,,,Prodávající si vyhrazuje právo vybrat kupujícího na základě jím zvolených kritérií.,111 m²,Osobní,Dálkový rozvod,,Ano,,415520,0421b2da60f726af06d47ac8a7e34134f412d98eaa14384e246070cd783bb5be,2,ID 315-NP00051
,,,"19 300 000
																		CZK/ za nemovitost",,,,"Silnice, MHD, Autobus",Smíšená,,,,,G,"50°07'32.9""N,14°22'08.6""E",,N/A,,29. 5. 2025,,,Kanalizace,,,862 m²,,699 m²,Plynovod,,Řadový,,,,2,"Nabízím k prodeji vícegenerační rodinný dům v původním stavu v malebné lokalitě Lysolajích, přímo u revitalizovaného Lysolajského biotopu, který nabízí celoroční možnost koupání – v létě příjemné osvěžení, v zimě ideální podmínky pro otužování.Základní informaceTyp nemovitosti: Vícegenerační rodinný dům v původním stavuCelková plocha domu: 195,5 m²Zastavěná plocha: 163 m²Velikost pozemku: 862 m²Počet bytových jednotek: 3Přístup: Dvě strany – od biotopu a z ulice Lysolajské údolíSpodní patro domu:Byt 3+1 (86,5 m²) – Po vstupu do domu se nachází chodba, z níž je přístup do koupelny, samostatného WC a k plynovému kotli. Dále se vchází do samostatné kuchyně, která je průchozí do tří dalších pokojů.Byt 1+1 (30 m²) – Z hlavní chodby se vstupuje do obytné místnosti s přípravou na kuchyňský kout, nachází se zde také malá špajzka. Z této místnosti se následně vstupuje do ložnice.Horní patro:Byt 3+1 (79 m²) – Byt po částečné rekonstrukci. Z hlavního schodiště se vstupuje do chodby, odkud je přístup do kuchyně, samostatného pokoje, obývacího pokoje, z něhož se dále vstupuje do ložnice a koupelny. Z horního patra je vstup na prostornou půdu, která nabízí možnost vybudování další bytové jednotky.Lokalita a okolíLysolaje jsou klidnou městskou částí na severozápadním okraji Prahy, která nabízí:Šárecké údolíLysolajský biotop – přírodní jezírko s čistou vodou, ideální pro koupání a relaxaciPřírodní památka Housle – skalnatá rokle s naučnou stezkou, zázračná studánkaPřírodní park Šárka – Lysolaje – rozsáhlá přírodní oblast vhodná pro pěší a cyklistické výletyZákladní a mateřská školaDětské hřiště, sportovní areál LysolajeSportovní areál ČZUDostupnost:10 minut MHD na metro Dejvická a Bořislavka10 minut automobilem na Prahu 6 - metro Veleslavín, BořislavkaVlakové spojení z nedaleké stanice Praha-SedlecSnadný přístup na Pražský okruh a letiště Václava HavlaTechnické vybaveníStudna: Vlastní studna na pozemkuVytápění: Přiveden plyn (zdroj vytápění)Teplá voda: Elektrický bojlerCena: 19 300 000 Kč – včetně všech poplatků a kompletního právního servisu.Pro více informací a domluvení prohlídky mně neváhejte kontaktovat a budu se na Vás těšit.","Prodej domu 196 m², Praha 6 - Lysolaje(ID 218-NP06486)",,Před rekonstrukcí,,,Patrový,Domy a vily,https://www.remax-czech.cz/reality/detail/415519/prodej-domu-196-m2-praha-6-lysolaje,,,Prodávající si vyhrazuje právo vybrat kupujícího na základě jím zvolených kritérií.,196 m²,,Dálkový rozvod,,,163 m²,415519,3578ee75c592746f6cc1fafe7360e64132b74ba01c8ed63024536b0c66c3ddbf,,ID 218-NP06486
Ano,230 m²,180 m²,"6 950 000
																		CZK/ za nemovitost",Obytná,180 m²,,"Silnice, Autobus",Cihlová,,,180 m²,"230 V, 400 V",G,,Ano,N/A,,9. 1. 2025,,,Kanalizace,,,1 333 m²,180 m²,12 397 m²,,,Samostatný,"Vybavený dům, vč. provize a právních služeb",,,2,"Nabízíme kompletně vybavenou chalupu o užitné ploše cca 230m² + hospodářské budovy cca 180m² na rozlehlé zahradě 1 333m² v krásné oblasti Křivoklátsko - vybavený dům s krásnou stodolou a velkou zahradou. Tato nemovitost se nachází v malebné obci Nezabudice nad Berounkou, pouhých 6km od Křivoklátu a 17km od města Rakovník, cesta do Prahy trvá jen 50 min. Okolí je známo svojí nedotčenou přírodou, hlubokými lesy a malebným údolím řeky Berounky.Dům byl postaven v r. 35 dle plánu architekta Snobla a nabízí řadu možností využití. Disponuje obývacím pokojem, kuchyní, pokojem, příjemnou společenskou místností a koupelnou v přízemí, v podkroví jsou 2 velké pokoje, druhá kuchyně a mnoho úložných prostor. K domu, který je možno využít jako dvougenerační, náleží také obrovský sklep.Hospodářské budovy ve skvělém stavu nabízejí další možnosti využití, například jako stáje pro koně nebo jako dílny pro řemeslníky, umělecký ateliér, adaptaci na krytý bazén, společenskou budovu atd. Součástí stodoly je další opravdu velký sklep, zahradní kuchyně s udírnou na kterou navazuje terasa s pergolou.Tato nemovitost je ideální pro rodiny hledající klidné bydlení v přírodě, ale také pro ty, kteří hledají možnosti pro rekreaci a turistiku. V okolí se nachází mnoho turistických tras a cyklostezek.Lokalita je také známá díky nedalekému legendárnímu Hostinci u Rozvědčíka, který otevřel v roce 1934 rodák z blízkých Nezabudic, Jaroslav Franěk, který byl za první světové války rozvědčíkem. Hostinec se stal kultovním místem trampů a turistů a byl také zmíněn v některých povídkách Otty Pavla. Romantika a kouzlo těchto míst se staly námětem jak známých literárních děl, tak i několika filmů.Více fotografií a dispozice s rozměry zašleme na vyžádání.Přijďte na nezávaznou prohlídku nemovitosti, krásného okolí a domluvení si ceny a financování dle Vašich možností. Po dohodě kdykoliv.","Prodej chaty / chalupy 230 m², Nezabudice(ID 256-NP00667)",,Velmi dobrý,,,Patrový,Chaty a rekreační objekty,https://www.remax-czech.cz/reality/detail/415524/prodej-chaty-chalupy-230-m2-nezabudice,Centrum obce,,Prodávající si vyhrazuje právo vybrat kupujícího na základě jím zvolených kritérií.,230 m²,,Zdroj pro celý objekt,Ano,,129 m²,415524,ddcee9e1472b006572b66b278c05cb4ab534bc330dd35f91814ecbd5996e3d64,,ID 256-NP00667
Ano,482 m²,,"3 500 000
																		CZK/ za nemovitost",Venkovská,,,,Cihlová,,Obchodní,,230 V,G,"49°36'42.1""N,17°17'34.8""E",,N/A,,,,,Septik,,482 m²,,,,,,,,,,2,"Nabízíme Vám skvělý objekt k podnikání či k bydlení, v katastru nemovitostí veden jako jiná stavba bez č.p a bez č.e. Jedná se o zděný objekt bývalé hospodářské budovy, na které byly kompletně nově udělány krovy a nově položena pozinkovaná střecha se zateplením – foukanou pěnou. Objekt je se sedlovou střechou, je dostatečně rozložitý, vnitřními příčkami rozdělen do tří samostatných prostor, které je možné po úpravě uzavřít či propojit dveřmi. Maximální využití objektu umožňuje i prostor pod sedlovou střechou, k níž vede nově zhotovené samonosné kovové schodiště. Na tomto patře je zhotovená nová prkenná podlaha. Celý podkrovní prostor je otevřený a vhodný k dalšímu standartnímu využití, neboť má dostatečnou výšku i na vestavbu kanceláří, ale i bydlení. Objekt je připojen k elektrické energii a má vlastní zdroj vody – studnu. Pozemek s objektem je veliký 482 m2 a je v katastru nemovitosti veden jako zastavěná plocha a nádvoří. K objektu vede po samostatném parcelním čísle účelová komunikace o velikosti 338 m2, ke které v rámci kupní ceny bude kupující podílovým spoluvlastníkem ve výši 1/3. V případě zájmu by bylo možné přikoupit ještě další sousedící pozemek o velikosti 988 m2 vedený v katastru nemovitosti jako zahrada, na kterém je nově založen ovocný sad. Objekt je možné využít k vlastní podnikatelské činnosti – zřídit si zde podnikatelské sídlo, kanceláře, využít prostor ke skladování apod. V územním plánu statutárního města Olomouc jsou tyto pozemky vedeny jako plochy smíšené obytné, takže by neměl být problém získat stavební povolení na stavbu RD či jiného objektu, např. k podnikání. Nabízí se zde možnost rekonstruovat objekt i na jiný typ využití – např. na bydlení či ubytovací zařízení pro zaměstnance, aj. Lokalita je velmi přívětivá k bydlení, ale i k podnikání, je zde klid, ale dosah a vymoženosti veškeré infrastruktury velkoměsta. Nedaleko je zastávka MHD, hřiště, fitness, školka, hasičská zbrojnice a aktivity místních dobrovolných hasičů, cyklostezka, restaurace, obchody, nemocnice, Svatý kopeček…. Pokud budete mít zájem, tak mě neváhejte kontaktovat k prohlídce či dalším podrobnostem.","Prodej obchodních prostor 482 m², Olomouc(ID 064-NP04055)",,Dobrý,,,Patrový,Komerční prostory,https://www.remax-czech.cz/reality/detail/415493/prodej-obchodnich-prostor-482-m2-olomouc,Klidná část obce,,Prodávající si vyhrazuje právo vybrat kupujícího na základě jím zvolených kritérií.,,,,,,482 m²,415493,911e2133af8a8b1ad70461bbc722ffcaff1a7e5a629fda2c3083ae2f3a021061,,ID 064-NP04055
,,,"6 253 000
																		CZK/ za nemovitost",Obytná,,2+kk,"Vlak, Dálnice, Silnice, MHD, Autobus",Smíšená,,,,230 V,G,"50°02'58.2""N,14°26'51.9""E",,N/A,,1. 6. 2025,416,,Kanalizace,"Kabelová televize, Kabelové rozvody",,,,,Plynovod,52 m²,,,,1,5,"Bytová jednotka č. 22 ve 2. podlaží domu má praktickou dispozici 2+kk a podlahovou plochu 49,7 m². Orientovaná je na jih do ulice.K jednotce náleží vlastní sklepní kóje.Všichni obyvatelé domu mohou navíc využívat rozlehlou společnou zahradu lemovanou vzrostlými stromy, která díky tomu nabízí dostatek soukromí.Bytová jednotka ve stavu před rekonstrukcí nabízí příležitost vytvořit si bydlení ve vlastním stylu, anebo ideální investiční byt.Lokalita má obrovský potenciál pro spokojený život singles i mladých párů, prostřednictvím Bydlení Hanusova ho snadno naplníte. Mezi stanicemi metra Budějovická a Pankrác najdete celé spektrum restaurací, kaváren a příjemných podniků. Arkády Pankrác, OC DBK nebo ráj kutilů Bauhaus tady provází i další nákupní možnosti, provozovny služeb, zdravotnická zařízení, školy nebo sportoviště. Asi 4 kilometry dělí dům a Žluté lázně, legendární sportovně rekreační areál na břehu Vltavy s bohatým gastro zázemím.Potřebujete do centra? Skočte si na metro či autobus, zastávky Budějovická, Zelená liška i další leží nedaleko. Autem jste za pár minut na nájezdu na ulici Podolské nábřeží, chvilku to zabere také na nájezd na ulici 5. května s připojením na dálnici.Pro více informací a sjednání prohlídky mě kontaktujte ještě dnes.","Prodej bytu 2+kk v osobním vlastnictví 52 m², Praha 4 - Michle(ID 228-NP02303)",1 945,Před rekonstrukcí,"Telefon, Internet",,,Byty,https://www.remax-czech.cz/reality/detail/415511/prodej-bytu-2-kk-v-osobnim-vlastnictvi-52-m2-praha-4-michle,,,Prodávající si vyhrazuje právo vybrat kupujícího na základě jím zvolených kritérií.,50 m²,Osobní,Dálkový rozvod,,,,415511,75f936b5afa744bf9a938d01f39cd7cbbc6346b814b15a5dded5698ac6935d7b,2,ID 228-NP02303
,904 m²,,"7 232 000
																		CZK/ za nemovitost",,,,,,Pro bydlení,,,,,"50°09'33.4""N,14°26'01.1""E",,N/A,"Vodovod, Elektřina",,,,,,,,,,,,,,,,,"V klidné části obce Zdiby - Praha východ, katastrální území Brnky - Zlatý kopec, nabízíme k prodeji slunný stavební pozemek o velikosti 904 m². Rovinatý pozemek je situovaný v ulici Zdibská na hranici prahy a je vzdálený pouhých 10 min autem od Pražské části Kobylis Prahy 8.Pozemek umožnuje napojení na vodovodní řád a elektrickou přípojku. Dle regulativ obce, se pozemek nachází v aktuálním uzemním plánu jako bydlení v rodinných domech (městské a příměstské), (izolované, dvojdomy a řadové domy) a součástí výstavby mohou být i vestavěné garáže. Maximální koeficient zastavění činí 25% plochy pozemku a výšková hladina nové zástavby na rozvojových plochách může dosahovat maximální výšky 8m. Dle přípustných funkcích v rámci obytných objektu, lze aplikovat jako vedlejší funkce, konzultační a poradenské činnosti, privátní ordinace a ateliéry. Příjezdová cesta je v podílovém vlastnictví majitele pozemku. Obec Zdiby nabízí plnou občanskou vybavenost, plno cyklostezek, přírody, procházek a pokud by Vám něco chybělo, tak Praha je vzdálená pouhých 10 min autem. Velkou výhodou je snadná dopravní dostupnost na dálnici D8. V pěší vzdálenosti od pozemku se nachází autobusová zastávka, která Vás přiblíží do centra obce Zdiby.S financováním Vám moc rádi pomůžeme.Prodávající si vyhrazuje právo vybrat kupujícího na základě jím zvolených kritérií.V případě jakýkoliv dotazu nebo zájmu o prohlídku, jsem Vám plně k dispozici.","Prodej pozemku 904 m², Zdiby(ID 096-NP05636)",,,,,,Pozemky,https://www.remax-czech.cz/reality/detail/415514/prodej-pozemku-904-m2-zdiby,Klidná část obce,,Prodávající si vyhrazuje právo vybrat kupujícího na základě jím zvolených kritérií.,,,,,,,415514,cc4ea9a1398fb656dde8617d4b73ea8ecc9ce2e6a9d0b99e48c8739c029b9192,,ID 096-NP05636
,,,"16 000 000
																		CZK/ za nemovitost",Obytná,,,,Cihlová,,,,,G,"50°41'22.3""N,13°53'47""E",Ano,N/A,,29. 5. 2025,,,Kanalizace,,,1 422 m²,,789 m²,Plynovod,,Samostatný,,,,1,"Nabízíme k prodeji krásný rodinný dům na adrese Ulice 28. Října Č. p. 350, v části obce Unčín, obec Krupka, okres Teplice. Tento samostatný přízemní cihlový objekt o dispozici 5+KK se nachází na prostorném pozemku o rozloze 1422 m², což nabízí dostatek místa pro rodinné aktivity. Dům je v velmi dobrém stavu, s užitnou plochou 179 m², která je ideální pro pohodlné rodinné bydlení.Jednou z největších výhod této nemovitosti je dostatek prostoru nejen uvnitř, ale především na zahradě. Rozsáhlá zahrada o velikosti 789m2 poskytuje bezpečné prostředí pro děti, kde si mohou hrát a objevovat své okolí.Dům se dále pyšní moderním vybavením, které usnadní každodenní život. Vytápění podlahové vodní zajišťuje tepelné čerpadlo NIBE 2040/8, které zároveň poskytuje ohřev teplé vody. To výrazně přispívá k nízkým nákladům na energie.Dále se můžete těšit na soupravu pěti klimatizačních jednotek TOSHIBA Inverter Multi, která zajišťuje příjemné klima v každém ročním období. Rozvod IT datových sítí v každé místnosti umožní snadné připojení k internetu, což ocení nejen děti při domácím učení, ale i dospělí pro práci z domova.Bezpečnost je pro rodinu na prvním místě. Dům je vybaven kamerovým systémem, který pokrývá garáž i zahradu, a zabezpečovacím systémem ""Jablotron"" pro ochranu celého objektu.V blízkosti se nachází školky a školy, které jsou ideálním místem pro vzdělávání vašich dětí. Místní parky a dětská hřiště nabídnou řadu možností pro volnočasové aktivity. Rodiče jistě ocení i blízkost obchodů a služeb, které usnadňují každodenní nákupy.Dům má jednu garáž, což je další výhoda v dnešní době. Vzhledem k celkovému uspořádání nemovitosti je ideální pro rodiny s dětmi, které hledají místo pro šťastný a komfortní život.V případě zájmu o prohlídku nás neváhejte kontaktovat.","Prodej domu 242 m², Krupka(ID 094-NP06102)",,Velmi dobrý,,,Přízemní,Domy a vily,https://www.remax-czech.cz/reality/detail/415579/prodej-domu-242-m2-krupka,Klidná část obce,,Prodávající si vyhrazuje právo vybrat kupujícího na základě jím zvolených kritérií.,242 m²,,,,,633 m²,415579,a216a5b282dd84357a892e265ccb5a4c528dd9972334272e734a63902b067def,,ID 094-NP06102
,1 369 m²,,"6 990 000
																		CZK/ za nemovitost",,,,"Vlak, Dálnice, Silnice, Autobus",,Pro bydlení,,,,,"50°11'04.8""N,14°09'15.8""E",,N/A,"Vodovod, Kanalizace, Elektřina",,,,Kanalizace,,,,,,,,,,,,,"V exkluzivním zastoupení majitele nemovitosti Vám nabízíme prodej stavebního pozemku o výměře 1.369 m2, v obci Brandýsek, okres Kladno. Obec Brandýsek se nachází pár minut SZ od Prahy, v těsné blízkosti města Kladna a 15 km od města Slaný. Obec Vám poskytuje veškerou občanskou vybavenost, včetně MŠ, ZŠ, zdravotnického zařízení (dětský lékař, praktický lékař a zubař), lékárny, České pošty včetně Czech point, sboru dobrovolných hasičů, Sokol, Kulturního domu, knihovny, obchodů s potravinami a hospod. Skvělá dopravní dostupnost je zajištěna blízkostí dálnice D7 (cca 20 min autem do centra Prahy) a pravidelnými autobusovými i železničními spoji do Kladna, Kralup nad Vltavou a Prahy.Pozemek se nachází v klidné části obce, v zástavbě novostaveb - rodinných domů. Jedná se o pozemek obdelníkového tvaru a je určen pro výstavbu rodinného domu, dle územního plánu „BV“ Bydlení venkovské. K pozemku je vybudován vjezd ze zámkové dlažby, obecní zpevněná příjezdová komunikace (zámková dlažba), chodník a veřejné městské osvětlení. Inženýrské sítě elektřina, plyn, voda a tlaková kanalizace se nachází u pozemku. Konkrétně voda (Středočeské vodárny) na hranici pozemku 938/63 a 938/44. Kanalizace tlaková spadá pod Obec Brandýsek, pro tento pozemek je rezervované napojení na základě Smlouvy o smlouvě budoucí.BV Bydlení venkovské dle územního plánu Brandýsek:1) Hlavní využití: a) bydlení v rodinných domech izolovaných, b) oplocené zahrady s funkcí okrasnou, rekreační nebo užitkovou, c) veřejná prostranství včetně místních komunikací, pěších a cyklistických cest a ploch, veřejné zeleně, s prvky drobné architektury a mobiliáře2) Přípustné využití: a) pozemky a stavby drobného občanského vybavení, b) chovatelské a pěstitelské zázemí samozásobovacího charakteru, c) dětská hřiště a plochy sportovišť o výměře do 500 m2, d) garáže a odstavná místa související se zástavbou na pozemku, e) nezbytná související technická vybavenost, f)  na 50% celkové plochy lokality Z14c je přípustné bydlení v řadových rodinných domech3) Nepřípustné využití: a) veškeré stavby a činnosti, jejichž negativní účinky na životní prostředí překračují nad přípustnou mez limity uvedené v příslušných předpisech, b) veškeré stavby a činnosti neslučitelné a nesouvisející s hlavním a přípustným využitím4) Podmínky prostorového uspořádání: a) max. výšková hladina zástavby 2+P tzn. max. 2 nadzemní podlaží plus obytné podkroví a max. 1 podzemní podlaží, b) max. výšková hladina zástavby v lokalitě „Z1a“ je 1+P, c) koeficient zastavění pozemku max. 30% (v plochách stávající zástavby /stávajícíhozastavěného území max. 40 %, d) koeficient zeleně min. 40%, v plochách stávající zástavby bude stanoven individuálně, d) u staveb RD je požadováno jednoduché tvarové řešení střech, s vyloučením velkých množství vikýřů a vyloučením historizujících a zdobných prvků.Chcete si prohlédnout nemovitost nebo potřebujete více informací, neváhejte kontaktovat makléřku nemovitosti.","Prodej pozemku 1369 m², Brandýsek(ID 253-NP02158)",,,,,,Pozemky,https://www.remax-czech.cz/reality/detail/415480/prodej-pozemku-1369-m2-brandysek,Klidná část obce,,Prodávající si vyhrazuje právo vybrat kupujícího na základě jím zvolených kritérií.,,,,,,,415480,37938dd7a0c43029d172281a20de958415c80cd6b092fb5830da4e37308bbec5,,ID 253-NP02158
,,,"3 500 000
																		CZK/ za nemovitost",Obytná,,,"Silnice, Autobus",Cihlová,,,,"230 V, 400 V",,,Ano,N/A,,31. 5. 2025,,,,,,698 m²,,296 m²,,,Řadový,,1,2,2,"Nabízíme k prodeji rodinný dům v části obce Količín, v obci Holešov, okrese Kroměříž. Tento cihlový objekt, nacházející se v řadové zástavbě, je patrový se dvěma podlažími a nabízí více než pět pokojů, což z něj činí ideální prostor pro rodinné bydlení nebo jako investici s možností přestavby na více bytů.Dům je v současnosti v předrekonstrukčním stavu, což poskytuje novému majiteli jedinečnou příležitost přizpůsobit si interiéry podle svých představ a požadavků. S užitnou plochou 120 m² a zastavěnou plochou 698 m² se nabízí dostatek prostoru pro realizaci různých architektonických řešení.Součástí nemovitosti je rozlehlá zahrada se stromy, která poskytuje příjemné místo na odpočinek a relaxaci. V zahradě je také stodola, která může sloužit jako skladovací prostor nebo jako dílna pro vaše koníčky. Dále se zde nachází i podkroví a půda, které nabízejí další možnosti využití nebo úložného prostoru.K dispozici je také jedna garáž a parkovací místo, což znamená, že nebudete mít problém s parkováním vašich vozidel. Celková plocha parcely činí 698 m², což poskytuje dostatek prostoru pro zahradní úpravy, dětské hřiště nebo venkovní posezení.Nemovitost je situována v klidné a příjemné lokalitě s dobrou dostupností k občanské vybavenosti a ostatním službám. V okolí se nachází veškerá potřebná infrastruktura, což usnadní každodenní život.  V blízkosti se nachází nájezd na dálnici, což umožňuje rychlou dopravu směrem na Brno, Olomouc, Přerov a Zlín.Jedná o velmi klidné místo a že současný majitel si nejvíce cení soukromí na vnitřní zahradě.Tento dům představuje skvělou příležitost pro ty, kteří hledají prostorné bydlení s možností úprav dle vlastních představ. Investice do nemovitosti s potenciálem rekonstrukce může být velmi výhodná.V případě zájmu o prohlídku nás neváhejte kontaktovat.","Prodej domu 120 m², Holešov(ID 223-NP02823)",,Před rekonstrukcí,,,Patrový,Domy a vily,https://www.remax-czech.cz/reality/detail/415544/prodej-domu-120-m2-holesov,Centrum obce,,Prodávající si vyhrazuje právo vybrat kupujícího na základě jím zvolených kritérií.,120 m²,,Dálkový rozvod,,,698 m²,415544,c3713bfcf1d818e97b28b0660eb676d33844058f2bdf507d25615e552df61609,,ID 223-NP02823
,,,"10 900 000
																		CZK/ za nemovitost",,,,,Smíšená,,,,230 V,G,"49°27'53.5""N,17°58'52.9""E",,N/A,,,,,Kanalizace,,,168 m²,,,Plynovod,,Řadový,,,,2,"Exkluzivní rodinný dům po kompletní luxusní rekonstrukci.V jedné z nejžádanějších lokalit  v prestižní čtvrti Štěpánov, nabízíme ke koupi výjimečný rodinný dům po kompletní a nákladné rekonstrukci dokončené v roce 2022.Vše v domě je zcela nové, pečlivě sladěné a dosud nikým nepoužité – připravené pro náročné zájemce, kteří hledají nadčasové a bezstarostné bydlení.Při vstupu do domu vás přivítá prostorná předsíň.Najdeme zde velkou multifunkční místnost, která dříve sloužila jako garáž – dnes ideální jako pracovna, ložnice pro hosty nebo ateliér. V přízemí se dále nachází toaleta a vstup do sklepních prostor.Sklepní prostory nebyly záměrně rekonstruovány – majitel zde plánoval vybudovat soukromé wellness se saunou a vířivkou, a tak ponechal novému majiteli možnost realizovat vlastní vizi relaxační zóny snů.Po vystoupání do patra vás okouzlí velkorysý a vzdušný obývací pokoj, spojený s moderní kuchyní vyrobenou na míru, která je osázena  špičkovými spotřebiči značky AEG – indukční varná deska, elegantní digestoř, mikrovlnná a horkovzdušná parní trouba, lednice a zabudovaná vakuovačka.Součástí vybavení domu je také moderní videotelefon umístěný u kuchyně, který vám umožní pohodlně sledovat a komunikovat s příchozími  hosty .Praktické, bezpečné a elegantní řešení, které zvyšuje komfort každodenního bydlení.Stylový krb obložený bílým mramorem umocňuje atmosféru tepla a pohodlí.Obývací pokoj je vybaven designovým LED podsvícením s možností dálkového ovládání a změny barev, což vytváří jedinečnou atmosféru podle vaší nálady.V patře dále naleznete tři samostatné pokoje – ložnici, dětský pokoj a pracovnu, ideálně uspořádané pro rodinné bydlení.Dětský pokoj zaujme zajímavým LED podsvícením, které dodává prostoru hravost a originalitu.Luxusní koupelna Vám nabídne každodenní relax v prostředí, které působí jako domácí spa.Před domem se nachází vlastní parkovací plocha, za domem pak útulná zahrada. Prostor postačí pro relax, grilování nebo vytvoření zeleného koutku.Lokalita je skvěle dostupná pěšky – v blízkosti najdete školy, školky, obchody i centrum města. Spojení komfortu, dostupnosti a soukromí tvoří ideální zázemí pro rodinu nebo pár, kteří touží po elegantním a pohodlném bydlení bez kompromisů.Technické informace•	Kompletní rekonstrukce  dokončená v roce 2022•	Nová fasáda, zateplení, nová okna•	Elektrické stahovací žaluzie s dálkovým ovládáním, reagující na teplotu i slunce, ovladatelné i přes mobil•	LED osvětlení s dálkovým ovládáním v hlavních obytných prostorech•	Nové podhledy a designové detaily•	Špičkové kuchyňské vybavení (AEG)Tento dům nabízí kombinaci luxusu, funkčnosti a promyšleného designu v jedné z nejprestižnějších adres ve Valašském Meziříčí. Ideální pro klienty, kteří hledají komfortní a reprezentativní bydlení bez kompromisů.Neváhejte mě kontaktovat pro více informací a domluvení osobní prohlídky.Tento dům si zaslouží vaši pozornost.Jitka Fröhlichová, Vaše realitní makléřka pro tuto oblast.","Prodej domu 119 m², Valašské Meziříčí(ID 133-NP02424)",,Po rekonstrukci,,,Patrový,Domy a vily,https://www.remax-czech.cz/reality/detail/415525/prodej-domu-119-m2-valasske-mezirici,Klidná část obce,,Prodávající si vyhrazuje právo vybrat kupujícího na základě jím zvolených kritérií.,119 m²,,Dálkový rozvod,,,79 m²,415525,a56ca4631c7c8f26bf3cebe5125fab3274002abc4b442c1b58b217de0f78ff74,,ID 133-NP02424
