,Cena,Cena za jednotku,Dispozice,Dostupné od,GPS coordinates,Images,Konstrukce budovy,Nízkoenergetický,PENB,Plocha pozemku,Podlaží,Poloha domu,Poloha rekreačního objektu,Property Description,Property Name,Provedení,Rekonstrukce,Rizika,Stav,Stáří,Typ pozemku,URL,Umístění,Užitná plocha,Vlastnictví,Vybaveno,Vytápění,id,listing_hash,Číslo inzerátu
Energie,3 900 000 Kč,1 209 Kč/ m2,,2. 6. 2025,"49.36303595,15.778324673187",N/A,,,,3 226,,,,"Hledáte-li zcela výjimečné a klidné místo pro bydlení a odpočinek bez jediného náznaku hluku projíždějících aut, pak zbystřete.Nabízený pozemek v osobním vlastnictvím o rozloze 3226 m² se nachází v samém srdci městyse Kamenice s překrásným výhledem na kostel sv. Jakuba Většího.V územní plánu obce je uvedeno, že parcela číslo 456, na které se pozemek nachází, je vhodná k výstavbě RD s napojením na všechny potřebné sítě.Nemovitost se vyznačuje výjimečným charakterem, který nabízí soužití s okolní přírodou a má potenciál realizovat různé projekty — od stavby tiny housu, skleníku, sauny až po RD.Aktuálně je součástí pozemku karavan k budoucí rekonstrukci, ve kterém lze již nyní přespat či připravit něco k snědku a krásná prostorná modřínová terasa, na které můžete poslouchat zpěv ptáků, zvuk zvonu kostela či zurčení potůčku, který lemuje celou spodní část pozemku. (Zvuková stopa viz přiložené video).V těsném sousedství parcely se nachází rybník, v obci je provozován obchod s potravinami, hospoda, je tu pivovar (Madcat), do nedaleko vzdálených Luk nad Jihlavou můžete zajet na skvělé jídlo (Kolnička) nebo se v létě vykoupat v krásně zrekonstruovaném koupališti s 50m nerezovým bazénem.Dostupnost pozemku je skvělá, do Jihlavy to budete mít 15 min jízdy autem, stejně tak na nájezd na D1 v Měříně.V případě zájmu lze k pozemku nabídnout již hotový projekt dřevostavby a příjezdové cesty. Prohlídka možná po domluvě kdykoliv, budeme se těšit :-)",Prodej pozemku,,,,,,Stavební,https://www.bezrealitky.cz/nemovitosti-byty-domy/909888-nabidka-prodej-pozemku-kamenice,Polosamota,,Osobní,,,909888,3c927da5bee717d56785ce28ef237c73842b4f3e6aa950ce92fca2139e9b880e,909888
Parkování,7 999 000 Kč,62 492 Kč/ m2,Ostatní,23. 11. 2024,"49.9627068,14.0578059",N/A,Cihla,,G - Mimořádně nehospodárná,361,,V bloku,,"Prodej domu ve velmi klidné čtvrti a ulici, s dispozicí dvou bytů 4+1 a 1+kk v cihlové budově, vám nabízí tuto skvělou příležitost k vlastnictví domova v dobrém stavu o celkové zastavěné ploše 128m² a s pozemkem o rozloze 361 m². Bytová jednotka 1+kk má samostatný bezbariérový vstup z dvorku a disponuje vlastními měřiči plynu, elektřiny i vody, což lze využít při případném pronájmu bytu, z jehož výnosu by bylo možno částečně financovat hypotéku. Využití ale garsonka najde i pro rodiny, které pečují o svoje rodiče.Dům je v původním stavu, ale je udržovaný, vymalovaný a čistý a je připravený k okamžitému nastěhování.K dispozici je parkování přímo před domem, nebo v průjezdu za vraty, vedle domu. K domu patří sklep o rozloze cca10 m².Udržovaná zahrádka, která je orientovaná do vnitrobloku okolních zahrad, je ze tří stran chráněna neprůhledným plotem, vzrostlými stromy a poskytuje vysoký stupeň klidu a soukromí a lze ji využít jak k relaxaci, tak i k pěstování vlastní zeleniny a ovoce.Dům nabízí bydlení na velmi klidném místě, přičemž veškerá občanská vybavenost, centrum města, lesopark, les, školy, autobusy i vlaky na Prahu, jsou dosažitelné pěšky řádově během minut.Kontaktovat mě můžete skrze zprávy / komunikační platformu pro více informací nebo pro domluvení prohlídky.",Prodej domu,,,Prověřit »,Dobrý,,,https://www.bezrealitky.cz/nemovitosti-byty-domy/873717-nabidka-prodej-domu-krameriova-beroun,Klidná část,128,Osobní,Částečně,,873717,a1ced6e32bdf31af3b2b52e176589fa4c5aa998ba2208297777f62fdb7aed5ee,873717
Energie,12 500 000 Kč,52 083 Kč/ m2,5+1,2. 6. 2025,"50.2035768,13.9021505",N/A,Cihla,Ano,G - Mimořádně nehospodárná,5 870,,Samostatný,,"Nabízím k prodeji zemědělskou usedlost v obci Mšec.Rodinný dům o ploše 240 m2, dále hospodářské budovy a nádvoří 2040 m2,součástí prodeje je i zahrada 3850 m2.Nemovitost je vystavěna počátkem 20. století.Dům má 1.nadzemní podlaží se vstupní chodbou, ze které se vchází do kuchyně a dále samostatný vchod do pokojů, které jsou různě průchozí.Dispozice domu: 5+1, technická místnost 2x, 2x samostatné wc, koupelna se sprchovým koutem, spíž. Dům je vhodný k nastěhování, vše je plně funkční.Dům je orientován jihozápad.Dům je vytápěn tepelným čerpadlem, ústřední topení. Voda se používá městská a dále je na pozemku vybudována vlastní studna, ze které se voda používá, jako užitková. Je zde přípojka na 380 V.Na domě je nová střecha.Přípojka na kanalizaci je připravena na hranici pozemku. Nyní se používá vlastní jímka.Na pozemku je vybudovaný rybníček se stálým přírodním přítokem vody, celoročně.Mšec se nachází v žádané lokalitě. V okolí jsou rybníky a lesy, které můžete využít k procházkám a relaxaci.Přímo v obci je základní škola, mateřská školka, lékaři, pošta, obchody, restaurace, dětské a fotbalové hřiště, kulturní dům a muzeum.Celá nemovitost s pozemkem nabízí naprosté soukromí, současně i komfort občanské vybavenosti. Nemovitost je průběžně udržována, možnost nastěhování ihned. Je zde velký potenciál, realizovat své představy o bydlení.Je odtud dostupné autobusové spojení Praha, Rakovník, Kladno, Slaný, Nové Strašecí.Nutno podotknout, že městys Mšec se nachází 7 km od nájezdu na dálnici R 6 a R7 13",Prodej domu,,,Prověřit »,Dobrý,,,https://www.bezrealitky.cz/nemovitosti-byty-domy/911263-nabidka-prodej-domu-prokopova-msec,,240,Osobní,Částečně,,911263,5bdbba5ea3554d0cffbd88beb9e2954d03ed2dc1735feaca36a6e86e0323fe7f,911263
MHD 2 minuty pěšky,10 750 000 Kč,27 494 Kč/ m2,5+1,1. 6. 2025,"49.6946455,15.1473791",N/A,Cihla,,G - Mimořádně nehospodárná,1 629,,Samostatný,,"Nabízím k prodeji prostorný cihlový dům dispozice 5+1+G s prostornou halou na pozemku 1629 m2 s pěknou vzrostlou a udržovanou zahradou, bazénem a grilem v malebné vesničce Všebořice, která je součástí přibližně 5 kilometry vzdáleného Lokte u Čechtic, v pěší vzdálenosti od kraje vodní nádrže. Blízkost vodní nádrže slibuje čistou okolní krajinu. Pobývat budete mezi Dolními Kralovicemi, Ledčí nad Sázavou a Zručí nad Sázavou s potřebným zázemím, díky exitu 66 dálnice D1 ve vzdálenosti necelých 5 km je místo jednoduše dopravně dostupné i z Prahy.Jedná se o patrový rodinný dům zkolaudovaný v roce 1991, poslední rekonstrukce dle CUZK v roce 2011. Zastavěná plocha dle CUZK činí 161 m2, podlahová plocha cca 205 m2, plocha sklepů 101 m2, výměra půd celkem 73 m2 a celková plocha zahrady 1449 m2.V 1. nadzemním podlaží dům nabízí předsíň 3 m2; prostornou halu 14,7 m2; obývací pokoj 22 m2 s výstupem na terasu 17,5 m2; dva další pokoje 18,4 m2 a 16,7 m2; kuchyň 12,1 m2 se spíží 2,2 m2; koupelnu s vanou, sprchovým koutem a toaletou 6,2 m2; a druhou samostatnou toaletu 1,1 m2. Nedílnou součásti domu je i garáž 12,4 m2 a bazén 3 x 6 m.V 2. nadzemním podlaží jsou umístěny další 2 pokoje 16 m2 a 19,6 m2; druhá koupelna s vanou a toaletou 9,4 m2; a dva půdní prostory 23,5 m2 a 35,2 m2.V suterénu se nachází prádelna 21,2 m2; dílna 19,2 m2; kotelna 6 m2; sklad uhlí 8 m2 a sklad dřeva 11,8 m2; místnost připravená na saunu 13,7 m2; místnost s vodárnou 8 m2; a dva sklepy na zeleninu 2x 6,7 m2.Dům je vytápěn elektrickým kotlem nebo kotlem na tuhá paliva, má vlastní vydatnou studnu, odpad je sveden do jímky. Pro ohřev teplé vody slouží bojler. Na hranici pozemku je pak přívod obecní vody.Jde o zcela bezpečnou oblast, bez záplav. PENB: GV Dolních Kralovicích žije přibližně tisíc obyvatel a město nabízí potřebné zázemí s možností nákupů, mateřskou a základní školou či restauracemi. Nedaleký nájezd na dálnici D1 se stará o vynikající dopravní spojení s Prahou vzdálenou necelých 70 km, kterou zásobuje pitnou vodou i místní vodní nádrž.Kontaktujte nás, rádi vám dům předvedeme a prozradíme podrobnější informace.",Prodej domu,,,Prověřit »,Dobrý,,,https://www.bezrealitky.cz/nemovitosti-byty-domy/911001-nabidka-prodej-domu-loket,,391,Osobní,Částečně,,911001,b288ca73411b200e978a4b344bc8d9585fa7f0716f2e81d6cfd6d29c747a89a7,911001
Energie,13 950 000 Kč,93 000 Kč/ m2,4+kk,2. 6. 2025,"49.8554154,14.3830678",N/A,Cihla,,G - Mimořádně nehospodárná,810,,Samostatný,,"Přímý majitel nabízí k prodeji přízemní RD o celkové výměře 150m2 (dispozice 4+kk) , který se nachází na vlastním pozemku o rozloze 810 m², s krásnou zahradou  v klidné a velmi žádané lokalitě Štěchovice-Masečín, okres Praha – západ. Tato lokalita v sobě kloubí v dnešní době velmi ceněné benefity – příjemnou dojezdovou vzdálenost do Prahy a krásnou přírodu včetně nedalekých Slap.Rodinný dům, zkolaudovaný  v roce 2011, je ve velmi dobrém stavebně-technickém stavu s pravidelnou údržbou. Dům sestává z obývacího pokoje (52m2) včetně jídelního koutu a kuchyňské linky s vestavěnými spotřebiči, z kterého se vchází na krytou terasu (15m2) a na zahradu. Dále jsou zde umístěny 2 pokoje (13+14m2), ložnice (16m2), technická místnost (8m2), koupelna s rohovou vanou, sprchovým koutem a s WC, samostatné WC a vstupní chodba. V celém domě je podlahové vytápění, vytápění domu a ohřev vody je zajištěno kvalitním elektrokotlem, je možné využít i krbová kamna. Rozvody televize a rádia v každé místnosti, možnost napojení na optický kabel. Dům disponuje napojením na inženýrské sítě (elektřina 220/380 V, obecní vodovod, kanalizace).Na pozemku se nachází zastřešená venkovní dřevěná terasa (21m2) s venkovním bazénem (7 x 3,5 m) se slanou vodou. Dům obklopuje zahrada s okrasnými dřevinami a zelení. Příjezd k pozemku po asfaltové komunikaci, vjezd na pozemek vede přes elektricky ovládaná vrata. Parkování možné na pozemku i na ulici před domem.Bydlení v této lokalitě splňuje i ta nejnáročnější kritéria pro bydlení. Ve Štěchovicích se nachází veškerá občanská vybavenost (mateřská školka, základní škola, obchody, lékař, restaurace, pošta, obecní úřad). Dojezdová vzdálenost do Prahy autem 20 min. Autobusové spojení do Prahy na Smíchovské nádraží 30 min.Pro bližší informace i domluvu prohlídky mě kontaktujte.",Prodej domu,,,Prověřit »,Velmi dobrý,,,https://www.bezrealitky.cz/nemovitosti-byty-domy/911260-nabidka-prodej-domu-masecin,,150,Osobní,Nevybaveno,,911260,5879f8e86c51427693062cf7b0d15ed9325a710e429879a6f0913a0db2292f28,911260
Parkování,8 500 000 Kč,197 674 Kč/ m2,2+kk,18. 5. 2025,"50.1277301,14.4658255",N/A,Panel,,G - Mimořádně nehospodárná,,12. podlaží z 14,,,"Ráda bych Vám představila tento vzdušný, světlý byt dispozice 2+kk, nacházející v ul. Kurkova v Praze 8 - Kobylisích 3 min. od stanice metra Ládví. Byt má užitnou plochu 43m2. Nachází se v 11.patře panelového domu, který je zateplený a ve velmi dobrém stavu.Byt je po celkové rekonstrukci, má zděné jádro, plastová okna, plovoucí podlahy, nové rozvody elektřiny.V kuchyni je elektrická trouba, sporák a lednička.Měsíční náklady činí kolem 3700kč + energie - cca 750kč.Byt je v osobním vlastnictví.Ideální pro jednotlivce nebo páry, kteří hledají praktické a pohodlné místo k životu.V blízkosti bytu se nachází veškerá občanská vybavenost, jako jsou obchody, restaurace, fitness centrum, zastávky veřejné dopravy, což zajišťuje snadnou dostupnost do centra města a zároveň klidné bydlení mimo jeho ruch. Před panelovým domem je možno vyřídit si parkování na městském úřadě. Možnost garážového parkování je v ul. Kyselova.Prohlídky jsou možné po předchozí domluvě. Pro více informací nebo sjednání prohlídky mě prosím neváhejte kontaktovat mailem  nebo telefonicky.",Prodej bytu,,,Prověřit »,Velmi dobrý,,,https://www.bezrealitky.cz/nemovitosti-byty-domy/901939-nabidka-prodej-bytu-kurkova-hlavni-mesto-praha,Sídliště,43,Osobní,Částečně,,901939,85c6f4cf22d1c6a0d10bed4677706a8fbcdf40bb14cf5ffa7dfbe582bb8bdf86,901939
Výtah,7 900 000 Kč,158 000 Kč/ m2,1+1,2. 6. 2025,"50.0781068,14.4584097",N/A,Smíšená,,G - Mimořádně nehospodárná,,Přízemí,,,"Velmi příjemný byt v osobním vlastnictví pár minut pěšky od Flory (stanice metra, obchodní centrum). Jedná se o krásný funkcionalistický dům se spoustou zachovaných prvků a detailů.Byt je v klasickém uspořádání 1+1: velká předsíň, koupelna s vanou a samostatné wc, komora, kuchyň a pokoj. Byt je v přízemí s okny na západ do klidné ulice se stromy.V bytě jsou kvalitní parkety, repasovaná původní dřevěná okna, krásná dlažba originální technologie období první republiky imitující mramor. Interiérové dveře jsou obroušené od laku, nově natřené a opatřené původními klikami, kukátky a dalšími detaily. V koupelně jsou použity původní skleněné obklady. Parapety jsou také opatřeny skleněným černým obkladem, dále jsou zde stále původní zaoblené keramické obklady při podlaze (místo současných lišt). Zůstali i různé drobnosti, věšáky na ručníky, keramické tvarovky na mýdlo v rámci obkladu atd. Elektrický sporák Siemens je dnes již rekvizita České televize.Byt je celkově velmi příjemný a má velké kouzlo a svůj příběh. Součástí prodeje je i elegantní sada skleniček na šampaňské a likéry ze stejného období. K bytu taktéž náleží sbírka poesie podepsaná od V. Nezvala, který v domě bydlel a kterou od něho dostal původní obyvatel bytu.Elektrické rozvody byly vyměněny po r. 2000, vypínače a zásuvky jsou stylové berker.Lze využívat i velkou zahradu ve vnitrobloku domu, která je udržovaná a klidná. K dispozici také kočárkárna a kolárna v přízemí domu. K bytu dále náleží i sklep (cca 3m2).V domě proběhla celková rekonstrukce (repase oken, fasády, kotelna, stoupačky, střecha, interiéry domu, výtah). Byt se dá využívat jako bezbariérový.Parkování na ulici se zónami pro rezidenty. K bytu náleží slep (přibližně 3m2). Výborná dopravní dostupnost, kompletní občanská vybavenost.Tento byt je jeden z mála, který neprošel překotnou rekonstrukcí v 90. letech, což milovníci funkcionalismu jistě ocení. Dům je kulturní památkou,  architektem byl Rudolf Wels a Quido Lagus ( Rudolf Wels byl žákem jednoho z nejznámějších architektů tohoto období Adolfa Loose).",Prodej bytu,,,Prověřit »,Velmi dobrý,,,https://www.bezrealitky.cz/nemovitosti-byty-domy/911238-nabidka-prodej-bytu-baranova-praha,Klidná část,50,Osobní,Částečně,,911238,32749d7a97a632fc97141f41710671d18e87d7770dbabbcdd1f5e77a217a3daa,911238
Výtah,12 890 000 Kč,138 602 Kč/ m2,4+kk,2. 6. 2025,"50.1048643,14.3963738",N/A,Cihla,,G - Mimořádně nehospodárná,,1. podlaží z 5,,,"Nabízíme nový designový byt 4 + KK po kompletní nové rekonstrukci s rozsáhlým sklepem, výtahem a podílem na krásné velké zahradě v cihlové budově v oblíbené lokalitě Bubeneč Praha 6 v ulici N.A. Někrasova. Byt je čerstvě po kompletní rekonstrukci (dokončeno 4/2025), nový neobývaný s předpřípravou na kuchyňskou linku. Byt je velmi prostorný, světlý, vzdušný a klidný.Byt se nachází ve zvýšeném přízemí (z 5NP) v cihlové budově s výtahem. Byt je podle prohlášení vlastníka o velikosti 82 m2 a sklep približne o velikosti 11 m2. K bytu patří i podíl na krásné a prostorné soukromé zahrádce za domem. Bytový dům je po revitalizaci. Nízké poplatky do SVJ 2 186 Kč/měsíc včetně fondu oprav.Tato lokalita je velmi populární a oblíbená. Má veškerou občanskou vybavenost, širokou možnost kulturního vyžití, maximální klid a zároveň skvělou dopravní dostupnost. Pár kroků je zastávka tramvaje Lotyšská a metra Dejvická. Hned vedle bytu jsou parky s dětskými hřišti. Ulice je jednosměrná tudíž je velice klidná. Parkování na modrých zónách. Prohlídky jsou již možné.Dispozice bytu:- Předsíň- Obývací pokoj s kuchyňským koutem- 3x ložnice samostatná neprůchozí- Koupelna s vanou- WC samostatné- Sklep- Komora v bytěRekonstrukce bytu zahrnuje:- Kompletní výměnu elektroinstalačních rozvodů (v mědi) včetně revize- Kompletní výměnu rozvodů vody a odpadu- Kompletní úprava povrchů stěn (štuk, malování)- Nové dřevěné parkety- Podlahové obvodové lišty- Dveře interiérové nové, včetně obložkových zárubní- Nové čalounění na vchodových dveřích- Kompletní rekonstrukce koupelny a toalety- Dlažba šedá 60x60 rekt.- Obklad šedý 60x60 rekt.- Umyvadlo 60 cm umývadlo s bílou skřínkou- Zrcadlo 60 x 80 cm s LED podsvícením- Nové WC- Nova vana- Umyvadlová baterie s výpusti černá, značka: Hansgrohe- Sprchová baterie na stěnu + sprchový úchyt černá značka: Hansgrohe- SDK strop s bodovými světly v chodbě, koupelně a WC- Nove svítidla- Nový elektrický bojler- Podlahové topení- Předpříprava vývodů pro kuchyňskou linku – bez linkyProstorové řešení bytu je promyšlené a funkční, což zaručuje pohodlné bydlení pro rodinu i jednotlivce. Součástí bytu je také sklep o ploše 11 m², který nabízí dostatek místa na uskladnění věcí. Nemovitost prodávám jako nevybavenou, což umožňuje zařídit interiér přesně podle vašich potřeb a vkusu.Energetický štítek kategorie B svědčí o kvalitním a úsporném využití energie. Nabízená nemovitost se nachází v dynamické lokalitě s dobrou dostupností ke všem potřebným městským službám, což z ní činí atraktivní volbu pro pohodlné bydlení.V případě zájmu o bližší informace či domluvu prohlídky mne můžete kontaktovat prostřednictvím zpráv na této komunikační platformě.",Prodej bytu,,,Prověřit »,Po rekonstrukci,,,https://www.bezrealitky.cz/nemovitosti-byty-domy/911257-nabidka-prodej-bytu-n-a-nekrasova-praha,Klidná část,93,Osobní,Nevybaveno,,911257,b006b9be96e03d5ab59c880dda0ab37b6e4ff45f8c01384d974af44c67c558a9,911257
Energie,7 199 000 Kč,153 170 Kč/ m2,2+kk,30. 4. 2025,"50.1160862,14.4713831",N/A,Cihla,,D - Méně úsporná,,3. podlaží z 5,,,"Nabízím k prodeji krásný byt o dispozici 2kk po rekonstrukci v osobním vlastnictví. Nemovitost se nachází ve 3.  patře hezkého cihlového domu. Byt prodává přímo majitel, zájemce neplatí provizi.Rozloha bytu je 47 m2, k bytu náleží sklep.Dispozici bytu tvoří neprůchozí ložnice, obývací pokoj spojený s kuchyní, prostorná koupelna se sprchovým koutem a záchodem.V bytě je instalováno podlahové topení.V okolí bytu naleznete veškerou občanskou vybavenost.",Prodej bytu,,,Prověřit »,Velmi dobrý,,,https://www.bezrealitky.cz/nemovitosti-byty-domy/901070-nabidka-prodej-bytu-frantiska-kadlece-praha,Klidná část,47,Osobní,Částečně,,901070,87987c76c83dd7673b3a1a40e0b06b8188687b9de2a98a53d872dc58ff555d70,901070
Garáž,8 500 000 Kč,40 670 Kč/ m2,6+kk,22. 6. 2024,"50.2230308,15.8424597",N/A,Cihla,,G - Mimořádně nehospodárná,1 511,,Samostatný,,"Prodej cihlového domu s dispozicí 6+kk před rekonstrukcí. Tato rozlehlá nemovitost nabízí možnost vlastních úprav a přizpůsobení podle svých představ. Dům se nachází na pozemku o celkové ploše 1511 m2, což poskytuje dostatek prostoru pro relaxaci a volnočasové aktivity.Rodinný dům se nalézá na rovinatém pozemku v lokalitě Pouchov pří místní komunikaci.Centrum města se nachází v docházkové vzdálenosti cca 15min, v místě autobusová doprava - zastávka 1 min chůze, trolejbus cca 5min.V lokalitě obchod s potravinami a sídlištní základní vybavenost, základní škola, školka cca 10 min. Ve vzdálenosti 10 min chůze nákupní centrum (OBI, potraviny, El a další nákupní příležitosti).Jedná se o řadový objekt se dvěma samostatnými byty a 2x oddělenými elektroměry.RD čtvercovitého tvaru s valbovou střechou, dvěma NP, půdním prostorem a sklepem.Součástí nemovitosti je rozlehlá ZAHRADA, dvůr s GARÁŽÍ a plechovými vraty , vlastní STUDNOU a objektem skladu s půdním prostorem, který je možné používat rovněž jako dílnu.",Prodej domu,Standardní,,Prověřit »,Před rekonstrukcí,Nad 50 let,,https://www.bezrealitky.cz/nemovitosti-byty-domy/847975-nabidka-prodej-domu-pouchovska-hradec-kralove,Klidná část,209,,Nevybaveno,Ústřední,847975,d0b3c9ba15c0b1c71cc0a5247adb087cf16118310b29a0e50f64915ae7d812c0,847975
Energie,6 490 000 Kč,87 703 Kč/ m2,3+1,25. 7. 2025,"50.1319926,14.232074",N/A,Cihla,,G - Mimořádně nehospodárná,,2. podlaží z 3,,,"Nabízím k prodeji prostorný a světlý byt o dispozicí 3+1, který se nachází v cihlové budově v dobrém stavu. Byt o celkové ploše 74 m² se nachází v druhém patře trojpodlažního domu. Tato nemovitost nabízí příležitost ke kreativnímu využití prostoru podle vašich představ.Objekt disponuje garáží, sklepem a balkonem. Další parkovací místo nabízí prostor před garáží.Byt je vytápěn vlastním plynovým kotlem a ohřev teplé vody je zajištěn bojlerem.Nemovitost je ideální volbou pro ty, kteří hledají kvalitní bydlení poblíž Prahy či Kladna, a při tom preferují bydlení v klidu a zeleni. V okolí se nachází škola , školka , obchod, pošta, koupaliště a restaurace. Pro více informací a sjednání prohlídky mě, jako přímého majitele, neváhejte kontaktovat prostřednictvím zpráv na komunikační platformě.",Prodej bytu,,,Prověřit »,Dobrý,,,https://www.bezrealitky.cz/nemovitosti-byty-domy/909186-nabidka-prodej-bytu-lidicka-stredokluky,Klidná část,74,Osobní,Částečně,,909186,4dfe53ef0629ab03abfa60d86ec44427f9c6d15850154e201958ab23ec600a7e,909186
Sklep 20 m²,3 490 000 Kč,54 531 Kč/ m2,,2. 6. 2025,"49.4475588,18.2681266",N/A,Smíšená,,G - Mimořádně nehospodárná,397,,,Samostatný,"Nabízím ke koupi chatu ve velmi dobrém stavu, která je postavena jako smíšená budova a kompletně vybavena.Nemovitost o celkové zastavěné ploše 30 m² je zajímavě propojena s terasou o rozloze 8 m², kde si můžete vychutnat příjemné chvíle venku, a praktickým sklepem o rozloze 20 m², který nabízí dostatek prostoru pro uložení sezónních věcí.Chata se nachází na pozemku o celkové rozloze 397 m², který dále zajišťuje možnost parkování. I přes energetickou náročnost označenou štítkem G se můžete těšit na spolehlivý a komfortní život v objektu, který je ve velmi dobrém stavu a zaručuje dlouhodobou radost z rekreace.Dispozice:1.PP: sklep/garáž, WC, sklep1.NP: chodba, koupelna s WC a sprch. koutem, kuchyně s obývacím pokojem a schody do patra, venkovní zastřešená terasa2.NP: chodba, 2x pokojPřístřešek pro autoChata se nachází nedaleko řeky Kněhyně. Pozemek o celkové ploše 397 m2 je rovinatý, po okrajích osázený živým plotem. Chata je dobře přístupná po asfaltové komunikaci i v zimě. Zastávka autobusu na Pustevny se nachází cca 300m od chaty.Chata je napojena na elektřinu, vodu ze studny a kanalizaci. Vytápění objektu je možné kamny na tuhá paliva v kuchyňském koutu. Ve sklepě je elektrický bojler na ohřev vody, ta je přivedena do kuchyně a koupelny se sprchovým koutem.Prohlídky pouze pro vážné zájemce.Nemáme zájem o jakýkoliv kontakt s RK","Prodej chaty, chalupy",,,,Velmi dobrý,,,https://www.bezrealitky.cz/nemovitosti-byty-domy/901937-nabidka-prodej-chaty-chalupy-prostredni-becva,Klidná část,64,Osobní,Vybaveno,,901937,ad136c2e0bca595213e76c035bb212f03bcf9fbf5c1ca666e54929c8af60e385,901937
Energie,399 000 Kč,15 Kč/ m2,,,"50.38105,13.82765833333",N/A,,,,26 114,,,,"Již 10 let jsme vaše pravá ruka přes investice do pozemků. Připojte se i vy k celé řadě investorů, kteří v pozemcích našli stabilní a výnosnou investici.Nabízíme Vám ke koupi louku v katastrálním území Louny, LV 69, podíl 1/2 o výměře 26114 m2. Jedná se o prodej podílu, nikoliv 100% vlastnictví.Parcela č. 4770 - o výměře 14085m² (Trvalý travní porost)Parcela č. 4808 - o výměře 6299m² (Trvalý travní porost)Parcela č. 4803 - o výměře 6555m² (Trvalý travní porost)Parcela č. 4809/1 - o výměře 2260m² (Trvalý travní porost)Parcela č. 4814 - o výměře 430m² (Vodní Plocha)Parcela č. 4809/4 - o výměře 2514m² (Ostatní plocha)Parcela č. 4773 - o výměře 3974m² (Ostatní plocha)Parcela č. 5077 - o výměře 624m² (Ostatní plocha)Parcela č. 4812 - o výměře 493m² (Ostatní plocha)Parcela č. 4768 - o výměře 2624m² (Ostatní plocha)Parcela č. 5078 - o výměře 761m² (Ostatní plocha)Parcela č. 4811/2 - o výměře 6136m² (Ostatní plocha)Parcela č. 4807 - o výměře 4043m² (Ostatní plocha)Parcela č. 4813 - o výměře 415m² (Ostatní plocha)Parcela č. 5076 - o výměře 1015m² (Ostatní plocha)Na pozemek je přístup zajištěn přes pozemky obce.Jsme přímí majitelé pozemku, neplatíte tedy žádnou provizi. Připravíme kupní smlouvy a v případě zájmu Vám zajistíme ostatní právní služby. Zajistíme Vám jednoduchý a transparentní nákupní proces.Vlastník si vyhrazuje právo prodat nejvyšší nabídce.Nepropásněte unikátní příležitost, zavolejte a dozvíte se o tomto pozemku více informací.",Prodej pozemku,,,,Velmi dobrý,,Louka,https://www.bezrealitky.cz/nemovitosti-byty-domy/911251-nabidka-prodej-pozemku,Klidná část,,,,,911251,ff01887cd97721ab4f637fdc51de3ab6b1829d021dd84835dfa15c440bd0e884,911251
Energie,4 000 000 Kč,294 Kč/ m2,,,"49.65974722222,13.58946944444",N/A,,,,13 600,,,,"Již 10 let jsme vaše pravá ruka přes investice do pozemků. Připojte se i vy k celé řadě investorů, kteří v pozemcích našli stabilní a výnosnou investici.Nabízíme Vám ke koupi stavební pozemek v katastrálním území Kornatice, LV č. 232 o výměře 13600 m2.Parcela č. 95/137 - o výměře 10402m² (Orná půda)Parcela č. 95/107 - o výměře 3198m² (Orná půda)Na pozemek je přístup zajištěn přes pozemky obce.Jsme přímí majitelé pozemku, neplatíte tedy žádnou provizi. Připravíme kupní smlouvy a v případě zájmu Vám zajistíme ostatní právní služby. Zajistíme Vám jednoduchý a transparentní nákupní proces.Vlastník si vyhrazuje právo prodat nejvyšší nabídce.Nepropásněte unikátní příležitost, zavolejte a dozvíte se o tomto pozemku více informací.",Prodej pozemku,,,,Velmi dobrý,,Stavební,https://www.bezrealitky.cz/nemovitosti-byty-domy/911250-nabidka-prodej-pozemku,Klidná část,,,,,911250,9e3c8da41b4bbdf45dcade5882735a3d6b1ce2334512681f0da6106c203e69ab,911250
MHD 3 minuty pěšky,2 500 000 Kč,104 167 Kč/ m2,1+kk,25. 4. 2025,"49.3363213,18.0198775",N/A,Panel,,G - Mimořádně nehospodárná,,9. podlaží z 9,,,"Prodej bytu 1+kk, 24 m², Vsetín – ul. JasenickáNabízím k prodeji krásný, kompletně zrekonstruovaný střešní byt 1+kk o velikosti 24 m² ve Vsetíně na ulici Jasenická. Byt v osobním vlastnictví se nachází v posledním (9.) patře na střeše panelového domu s výtahem a nabízí nádherný výhled do údolí Vsetínských vrchů.Byt prošel kompletní a kvalitní rekonstrukcí:- Nová kuchyňská linka s vestavěnými spotřebiči- Kompletně nová koupelna – obklady, dlažba, baterie, sprchový kout- Samostatné WC – nové závěsné WC Geberit- Nové podlahy v celém bytě – nivelací srovnány do jedné úrovně, v hlavním pokoji i nově vybetonované- Nové omítky a výmalba- Nové rozvody elektřiny i vody- V hlavním pokoji dálkově ovládané světlo- Součástí bytu je klimatizaceK bytu náleží také standardní sklepní kóje o velikosti 1 m².Dům prošel kompletní revitalizací – zateplení fasády, nová střecha, a celkově je ve velmi dobrém technickém stavu.V domě nedávno proběhla rekonstrukce všech vchodových dveří do jednotlivých bytů podle nejnovějších bezpečnostních norem.Velkou výhodou je výborně hospodařící SVJ, které nemá žádný dluh a úpravy vnitřních prostor financuje ze svých úspor. V celém domě panují dobré vztahy mezi sousedy a domovnice je velmi příjemná a ochotná milá paní, upřednostníme tedy zájemce, který do takového prostředí rád zapadne.Další výhodou bytu jsou velmi nízké náklady na energie:- cca 2 500 Kč měsíčně pro 1 osobu včetně elektřiny a fondu oprav (konečná částka všech záloh)- cca 3 300 Kč měsíčně celkem pro 2 osoby včetně elektřiny a fondu oprav (konečná částka všech záloh)Byt je ideální volbou pro jednotlivce, pár, nebo jako výhodná investice na pronájem. Klidná a vyhledávaná lokalita Vsetín - Luh s dobrou dostupností do centra města, v blízkosti příroda, obchodní zóny i MHD.Pro více informací nebo domluvení osobní prohlídky mě neváhejte kontaktovat.Realitní kanceláře prosím nevolat. (!!!)K prodeji byt v osobním vlastnictví 1+kk 24m2 na ulici Jasenická, Vsetín.",Prodej bytu,,,Prověřit »,Velmi dobrý,,,https://www.bezrealitky.cz/nemovitosti-byty-domy/899738-nabidka-prodej-bytu-jasenicka-vsetin,Klidná část,24,Osobní,Částečně,,899738,0d2d4d6e2633aa5af5a52ce359555ecf555c6e8dc972c0ce55329dc6709aff5b,899738
Energie,219 000 Kč,28 Kč/ m2,,,"49.38659361111,15.32860722222",N/A,,,,7 780,,,,"Již 10 let jsme vaše pravá ruka přes investice do pozemků. Připojte se i vy k celé řadě investorů, kteří v pozemcích našli stabilní a výnosnou investici.Nabízíme Vám ke koupi louku v katastrálním území Sázava pod Křemešníkem, LV č. 5 o výměře 7780 m2.Parcela č. 404/2 - o výměře 7780 m2 (trvalý travní porost)Na pozemek je přístup zajištěn přes pozemky obce.Jsme přímí majitelé pozemku, neplatíte tedy žádnou provizi. Připravíme kupní smlouvy a v případě zájmu Vám zajistíme ostatní právní služby. Zajistíme Vám jednoduchý a transparentní nákupní proces.Vlastník si vyhrazuje právo prodat nejvyšší nabídce.Nepropásněte unikátní příležitost, zavolejte a dozvíte se o tomto pozemku více informací.",Prodej pozemku,,,,Velmi dobrý,,Louka,https://www.bezrealitky.cz/nemovitosti-byty-domy/911248-nabidka-prodej-pozemku,Klidná část,,,,,911248,70292494c27ce2c402cb3b7084758b0ba7dadd237907451202a4479b53218b9c,911248
Energie,249 000 Kč,67 Kč/ m2,,,"49.94143611111,14.80072777777",N/A,,,,3 741,,,,"Nabízíme Vám ke koupi pozemky v katastrálním území Černé Voděrady, LV 984 (kromě parcely č. 995/5) a 755, podíl 1/4 o výměře 3741 m2. Jedná se o prodej podílu, nikoliv 100% vlastnictví.Parcela č. 1125/66 - o výměře 2706 m2 (orná půda)Parcela č. 1125/72 - o výměře 7193 m2 (orná půda)Parcela č. 1125/51 - o výměře 4403 m2 (trvalý travní porost)Parcela č. 1124/8 - o výměře 32 m2 (zahrada)Parcela č. 1122/1 - o výměře 631 m2 (lesní pozemek)Jsme přímí majitelé pozemků, neplatíte tedy žádnou provizi. Zajišťujeme rychlý prodej - připravíme kupní smlouvy a v případě zájmu Vám zajistíme ostatní právní služby. Zaručíme Vám jednoduchý a transparentní prodej.",Prodej pozemku,,,,Velmi dobrý,,Pole,https://www.bezrealitky.cz/nemovitosti-byty-domy/911247-nabidka-prodej-pozemku,Klidná část,,,,,911247,b0f26dfee57e1932e2638c8a898137f0cb537cc3f5deb224a161f7c304e99091,911247
Energie,220 000 Kč,49 Kč/ m2,,,"49.89266388888,14.78526388888",N/A,,,,4 467,,,,"Již 10 let jsme vaše pravá ruka přes investice do pozemků. Připojte se i vy k celé řadě investorů, kteří v pozemcích našli stabilní a výnosnou investici.Nabízíme Vám ke koupi pole v katastrálním území Ondřejov u Prahy, LV 648, podíl 2/3 o výměře 4467 m2. Jedná se o prodej podílu, nikoliv 100% vlastnictví.Parcela č. 1943 - o výměře 6701m² (Orná půda)Na pozemek je přístup zajištěn přes pozemky obce.Jsme přímí majitelé pozemku, neplatíte tedy žádnou provizi. Připravíme kupní smlouvy a v případě zájmu Vám zajistíme ostatní právní služby. Zajistíme Vám jednoduchý a transparentní nákupní proces.Nepropásněte unikátní příležitost, zavolejte a dozvíte se o tomto pozemku více informací.",Prodej pozemku,,,,Velmi dobrý,,Pole,https://www.bezrealitky.cz/nemovitosti-byty-domy/911246-nabidka-prodej-pozemku,Samota,,,,,911246,5839e2dfa77d3ae17e2b2356bb73bc2c4ec3ad06f9a63348bbf0fe59f1377045,911246
Energie,249 000 Kč,43 Kč/ m2,,,"50.15850277777,16.47062222222",N/A,,,,5 741,,,,"Již 10 let jsme vaše pravá ruka přes investice do pozemků. Připojte se i vy k celé řadě investorů, kteří v pozemcích našli stabilní a výnosnou investici.Nabízíme Vám ke koupi louku v katastrálním území Rokytnice v Orlických horách, LV č. 642 o výměře 5741 m2.Parcela č. 708/4 - o výměře 5741m² (Trvalý travní porost)Na pozemek je přístup zajištěn přes pozemky České republiky.Jsme přímí majitelé pozemku, neplatíte tedy žádnou provizi. Připravíme kupní smlouvy a v případě zájmu Vám zajistíme ostatní právní služby. Zajistíme Vám jednoduchý a transparentní nákupní proces.Vlastník si vyhrazuje právo prodat nejvyšší nabídce.Nepropásněte unikátní příležitost, zavolejte a dozvíte se o tomto pozemku více informací.",Prodej pozemku,,,,Velmi dobrý,,Louka,https://www.bezrealitky.cz/nemovitosti-byty-domy/911245-nabidka-prodej-pozemku,Klidná část,,,,,911245,6d659b5668ae1856aa0ad1649e0689b3653ab6c397427ec4b2d3a3d788e21813,911245
Energie,85 000 Kč,20 Kč/ m2,,,"49.94211111111,16.95467222222",N/A,,,,4 205,,,,"Již 10 let jsme vaše pravá ruka přes investice do pozemků. Připojte se i vy k celé řadě investorů, kteří v pozemcích našli stabilní a výnosnou investici.Nabízíme Vám ke koupi louku v katastrálním území Šumperk, LV 3754, podíl 3/4 o výměře 4205 m2. Jedná se o prodej podílu, nikoliv 100% vlastnictví.Parcela č. 2976/7 - o výměře 4732 m2 (trvalý travní porost)Parcela č. 2976/8 - o výměře 875 m2 (trvalý travní porost)Jsme přímí majitelé pozemku, neplatíte tedy žádnou provizi. Připravíme kupní smlouvy a v případě zájmu Vám zajistíme ostatní právní služby. Zajistíme Vám jednoduchý a transparentní nákupní proces.Vlastník si vyhrazuje právo prodat nejvyšší nabídce.Nepropásněte unikátní příležitost, zavolejte a dozvíte se o tomto pozemku více informací.",Prodej pozemku,,,,Velmi dobrý,,Louka,https://www.bezrealitky.cz/nemovitosti-byty-domy/911244-nabidka-prodej-pozemku,Klidná část,,,,,911244,47aaabddbeeb3f1ea4d62f598f2ee5b87ea95e14fb3a055b3a459d30eabf3738,911244
Energie,1 249 000 Kč,29 Kč/ m2,,,"50.24955555555,12.42635",N/A,,,,43 342,,,,"Již 10 let jsme vaše pravá ruka přes investice do pozemků. Připojte se i vy k celé řadě investorů, kteří v pozemcích našli stabilní a výnosnou investici.Nabízíme Vám ke koupi louku v katastrálním území Opatov u Lubů, LV 684, podíl 1/3 o výměře 43342 m2. Jedná se o prodej podílu, nikoliv 100% vlastnictví.Parcela č. 744/12 - o výměře 78369m² (Orná půda)Parcela č. 744/3 - o výměře 17187m² (Trvalý travní porost)Parcela č. 95/8 - o výměře 502m² (Trvalý travní porost)Parcela č. 95/7 - o výměře 2781m² (Trvalý travní porost)Parcela č. 70/2 - o výměře 22922m² (Trvalý travní porost)Parcela č. 122/4 - o výměře 2554m² (Trvalý travní porost)Parcela č. 820/8 - o výměře 1135m² (Lesní pozemek)Parcela č. 816/3 - o výměře 1087m² (Lesní pozemek)Parcela č. 820/10 - o výměře 2177m² (Lesní pozemek)Parcela č. 820/9 - o výměře 833m² (Lesní pozemek)Parcela č. 124 - o výměře 480m² (Vodní Plocha)Na pozemek je přístup zajištěn přes pozemky České republiky.Jsme přímí majitelé pozemku, neplatíte tedy žádnou provizi. Připravíme kupní smlouvy a v případě zájmu Vám zajistíme ostatní právní služby. Zajistíme Vám jednoduchý a transparentní nákupní proces.Vlastník si vyhrazuje právo prodat nejvyšší nabídce.Nepropásněte unikátní příležitost, zavolejte a dozvíte se o tomto pozemku více informací.",Prodej pozemku,,,,Velmi dobrý,,Louka,https://www.bezrealitky.cz/nemovitosti-byty-domy/911243-nabidka-prodej-pozemku,Klidná část,,,,,911243,bcf2d77ad726aa3ea27ec4673581faf2e6c53472303ef8d95169f9f3c9621341,911243
MHD 2 minuty pěšky,4 390 000 Kč,82 830 Kč/ m2,2+1,2. 6. 2025,"49.754608,13.4243847",N/A,Panel,,C - Úsporná,,3. podlaží z 8,,,"Nabízím k prodeji svůj osobní byt 2+1 v panelovém domě, který se nachází ve třetím patře osmi podlaží. Byt o dispozici 2+1 a celkové ploše 53 m² je udržovaný ve stavu původním ale dobrém a nabízí pohodlné bydlení s minimálními náklady typického panelového domu. Nemovitost je nevybavená, což umožňuje nový majitel ji zařídit podle vlastních představ. Součástí bytu je také sklep o ploše 1,5 m², který poskytne praktické úložné prostory. V domě je k dispozici výtah a parkování pro obyvatele, což výrazně zvyšuje komfort bydlení. Mohu zajistit levnou rekonstrukci. Do bytu je možno se nastěhovat po podpisu kupní smlouvy. Při rychlém jednání možná sleva. foto emailem na vyžádání.Pro bližší informace či sjednání prohlídky je možné mě kontaktovat skrz zprávy na komunikační platformě.",Prodej bytu,,,Prověřit »,Dobrý,,,https://www.bezrealitky.cz/nemovitosti-byty-domy/911242-nabidka-prodej-bytu-na-dlouhych-plzen,Okraj,53,Osobní,Nevybaveno,,911242,2711020fd87ecc5e4a570263069af3e948b3bf1b0a6c248624bf8fb1db9e224a,911242
Parkování,3 650 000 Kč,67 593 Kč/ m2,2+1,2. 6. 2025,"49.7864197,18.2624977",N/A,Panel,,B - Velmi úsporná,,4. podlaží z 11,,,"Prodej bytu 2 + 1 s pracovnou/šatnou, 53,9 m² – Ostrava-Hrabůvka, Dr. Martínka – po rekonstrukci dle projektu, Osobní vlastnictví________________________________________Nabízíme k prodeji kompletně zrekonstruovaný byt 2 + 1 s pracovnou/šatnou o ploše 53,86 m², nacházející se v klidné části Ostravy-Hrabůvky, ul. Dr. Martínka. Byt je umístěn v 4 nadzemním podlaží zatepleného panelového domu s výtahem.➡️ Možnost okamžitého převodu do osobního vlastnictví – vhodné i pro hypoteční financování.________________________________________️ DISPOZICE•	Obývací pokoj – světlý•	Samostatná kuchyň – připraveny rozvody vody, elektřiny i odpadu, včetně přípravy na pračku•	Ložnice – prostor pro manželskou postel i šatní skříň•	Pracovna / šatna – samostatná místnost vhodná jako domácí kancelář či úložný prostor•	Koupelna – plně dokončená, s prostorným sprchovým koutem a umyvadlem•	Samostatné WC Geberit•	Vstupní chodba – místo pro vestavěné skříněSoučástí je sklepní kóje. Byt nemá balkon.________________________________________⚙️ TECHNICKÝ STAV•	Kompletní rekonstrukce dle architektonického návrhu•	Nové rozvody elektřiny, vody a odpadů•	Vinylové podlahy, dlažba v koupelně a WC•	Sádrokartonové podhledy s přípravou pro LED osvětlení•	Bezpečnostní vstupní dveře•	Plastová okna se žaluziemi•	Orientace: jihozápad – dostatek denního světla po celý denKuchyňská linka a vestavěné skříně nejsou součástí prodeje – kupující si je může zvolit dle vlastního stylu.Projektová dokumentace (návrhy kuchyně, nábytku atd.) je součástí ceny.________________________________________DŮM A OKOLÍ•	Panelový dům po revitalizaci: zateplení, nové stoupačky, čipový vstup•	Bezproblémové parkování u domu•	MHD do 3 minut, nájezd na D1 do 5 minut•	Kompletní občanská vybavenost v okolí: školy, školky, obchody, lékař, pošta, Bělský les________________________________________CENA A FINANCOVÁNÍ•	Byt bez anuity, převod do osobního vlastnictví možný ihned________________________________________Elegantně zrekonstruovaný byt připravený k nastěhování. Díky projektu a volbě vlastního vybavení si nový majitel může doladit interiér podle svých představ. Skvělá poloha, klid a perfektní dostupnost.________________________________________⚖️ PRÁVNÍ SDĚLENÍVeškeré zveřejněné údaje v tomto inzerátu mají pouze informativní charakter a nejsou návrhem na uzavření smlouvy ve smyslu § 1731 nebo § 1732 občanského zákoníku, ani veřejným příslibem dle § 1733 občanského zákoníku.Měsíční náklady (fond oprav a zálohy) – 4 468 Kč❗ Prosím, realitní kanceláře, navolávače a zprostředkovatele – nekontaktujte mě. Ušetříte čas sobě i mně. Děkuji za pochopení.",Prodej bytu,,Kompletní,Prověřit »,Velmi dobrý,,,https://www.bezrealitky.cz/nemovitosti-byty-domy/911225-nabidka-prodej-bytu-dr-martinka-ostrava,Sídliště,54,Osobní,Nevybaveno,Ústřední,911225,f68f1a929e25e1b58573249d7f1db7c06c42003cf0f13d6945662b0b9a9aae6a,911225
Energie,7 799 000 Kč,139 268 Kč/ m2,3+kk,2. 5. 2025,"50.0831723,14.5015588",N/A,Panel,,C - Úsporná,,6. podlaží z 6,,,"Nabízím k prodeji krásný byt o dispozici 3kk po rekonstrukci v osobním vlastnictví. Nemovitost se nachází v 6.  patře zrevitalizovaného, panelového domu s výtahem. Byt prodává přímo majitel, zájemce neplatí provizi.Rozloha bytu je 56 m2, k bytu náleží sklep.Dispozici bytu tvoří dvě neprůchozí ložnice, obývací pokoj spojený s kuchyní, prostorná koupelna se sprchovým koutem, samostatný záchod a technická místnost.Vytápění bytu je dálkové, ústřední.V okolí bytu naleznete veškerou občanskou vybavenost.",Prodej bytu,,,Prověřit »,Velmi dobrý,,,https://www.bezrealitky.cz/nemovitosti-byty-domy/901720-nabidka-prodej-bytu-karanska-hlavni-mesto-praha,Klidná část,56,Osobní,Částečně,,901720,346a63ea953a694cc8a9731e30f29aaad33057a0be0e05ab6eb4a2888f7326d2,901720
Energie,49 000 Kč,48 Kč/ m2,,,"48.926422,16.80251",N/A,,,,1 014,,,,"Již 10 let jsme vaše pravá ruka přes investice do pozemků. Připojte se i vy k celé řadě investorů, kteří v pozemcích našli stabilní a výnosnou investici.Nabízíme Vám ke koupi pole v katastrálním území Velké Pavlovice, LV č. 11590 o výměře 1014 m2.Parcela č. 4897 - o výměře 1014m² (Orná půda)Na pozemek je přístup zajištěn přes pozemky města.Jsme přímí majitelé pozemku, neplatíte tedy žádnou provizi. Připravíme kupní smlouvy a v případě zájmu Vám zajistíme ostatní právní služby. Zajistíme Vám jednoduchý a transparentní nákupní proces.Vlastník si vyhrazuje právo prodat nejvyšší nabídce.Nepropásněte unikátní příležitost, zavolejte a dozvíte se o tomto pozemku více informací.",Prodej pozemku,,,,Velmi dobrý,,Pole,https://www.bezrealitky.cz/nemovitosti-byty-domy/911241-nabidka-prodej-pozemku,Samota,,,,,911241,c4902c98441ed344695b7422954a78606715885626ef44c7ec92afc64939abce,911241
Výtah,7 490 000 Kč,117 031 Kč/ m2,3+kk,1. 11. 2024,"50.0669039,14.3081935",N/A,Panel,,C - Úsporná,,1. podlaží z 11,,,"Prodej prostorného, světlého bytu po rekonstrukci v přízemí  3+kk  (obývací pokoj s kuchyňským koutem, ložnice, dětský pokoj se vstupem do lodžie a hala se vstupem do koupelny s nadstandartním sprchovým koutem včetně WC a bidetu zvlášť) a dále bezpečnostními vchodovými dveřmi.Výhodou je sklep o patro níže. Lodžie má výhled na dětské hřiště.Plná občanská vybavenost (3x škola, 3x školka, služby jako obchodní dům, zdravotnické středisko do 5 min chůze). Dopravní spojení MHD (5 minutová chůze na tram směr metro Motol a centrum, 1 minutová autobusová zastávka směr Zličín, Bílá hora/Stodůlky, Luka, atd.). Prostory pro volnočasové aktivity, posilovna a masážní služby, bazén, atd.Pokud hledáte moderní bydlení s dobrou dostupností a dostupným parkováním u domu, neváhejte mě kontaktovat skrz zprávy pro více informací či prohlídku.",Prodej bytu,,,Prověřit »,Velmi dobrý,,,https://www.bezrealitky.cz/nemovitosti-byty-domy/858697-nabidka-prodej-bytu-simonova-hlavni-mesto-praha,Klidná část,64,,Částečně,,858697,44685cb19c6b39df65778a07e3b3da3174d1f020d4a8ed522647dbdeec8a1078,858697
Energie,40 385 000 Kč,3 145 Kč/ m2,,,"49.797084,18.227017",N/A,,,,12 840,,,,"Hledáte pozemek na strategickém místě uprostřed komerční zóny? Nabízíme Vám exkluzivní investiční příležitost v jedné z nejrychleji se rozvíjejících oblastí Ostravy – Zábřehu nad Odrou, v bezprostřední blízkosti obchodního centra Avion Shopping Park.Pozemky jsou určeny především pro průmyslovou výrobu, sklady, obchody, logistiku a související administrativní zázemí.Strategické umístění:•	výborná viditelnost z hlavní silnice•	sousedství s obchodní zónou•	blízkost klíčové infrastruktury a služeb•	potenciál pro vazbu na logistiku, výrobu či rozšíření okolních komerčních plochPozn.: Přístupová komunikace zatím není dořešena – jedná se však o řešitelný technicko-právní aspekt v rámci plánování a výstavby.Proč je tato nabídka výjimečná?•	Prémiová poloha v rámci Ostravy – nedostatek obdobně situovaných průmyslových ploch•	Příležitost pro investory i okolní developery – možnost přikoupení a rozšíření stávajících areálů•	Flexibilní využití v rámci územního plánu•	Okolí tvoří zavedené provozovny, sklady, showroomy a nákupní centra•	Stabilní výnosový potenciál pro budoucí výstavbu výrobních nebo logistických prostorůZajišťujeme rychlý prodej - připravíme kupní smlouvy a v případě zájmu Vám zajistíme ostatní právní služby. Zaručíme Vám jednoduchý a transparentní prodej.Zaujala Vás tato nabídka? Kontaktujte mě pro více informací o pozemcích a staňte se součástí rozvoje jedné z nejatraktivnějších průmyslových lokalit Ostravy.",Prodej pozemku,,,,Velmi dobrý,,Komerční,https://www.bezrealitky.cz/nemovitosti-byty-domy/911239-nabidka-prodej-pozemku,Polosamota,,,,,911239,ddaf11d0af777e7fb14c3ee5f246302c1f39cf9249580f5405dd379adc31bfe3,911239
Energie,7 990 000 Kč,94 000 Kč/ m2,2+kk,15. 6. 2025,"49.9318331,14.5267838",N/A,Cihla,,C - Úsporná,777,,,Samostatný,"Chcete bydlet v klidném místě v krásné přírodě, ale v blízkosti Prahy?Nabízíme k prodeji novostavbu domu z roku 2022, 2+k.k., 85 m2 . Dům je veden jako rekreační objekt s číslem evidenčním, ale je postaven k pohodlnému celoročnímu bydlení. Rovněž lze využít pro komfortní celoroční rekreaci. Je postaven z kvalitních materiálů  a dobře zateplen, okna jsou šestikomorová izolační trojskla Vekra, střešní okna Velux, střešní krytina Tondach.  Vytápění elektrokotlem na dálkové ovládání, v přízemí je podlahové topení, v patře radiátory. Je však možné topit i výkonnými krbovými kamny, která rychle vytopí celý objekt a navíc vytvářejí příjemnou atmosféru. Kuchyňská linka byla vyrobena na míru a je vybavena vestavnými spotřebiči (indukční deska, trouba, myčka Electrolux  a mikrovlnná trouba). Podlahová krytina dlažba a vinyl. Ohřev vody bojlerem, odpad je řešen jímkou. Voda je čerpána z nově vyvrtané 60 m studny a je upravena filtračním systémem. V domě je 2x toaleta, koupelna s vanou i sprchovým koutem, technická místnost pro umístění elektrokotle, bojleru, pračky atd., šatna.Dům je umístěn na klidném místě u lesa s nádherným výhledem do zalesněného údolí, na okraji chatové osady, kde jsou původní chaty postupně přeměňovány na domy k trvalému bydlení.  Bydlení je vhodné pro milovníky klidu a přírody. Příjezdové cesty jsou nezpevněné, parkování na pozemku. Zahrada je umístěna na svažitém pozemku upraveném terasami, osázena keři, trvalkami a ovocnými stromky. Pro zalévání jsou zde dvě velké retenční nádrže na dešťovou vodu.Výhodná lokalita s dobrou dopravní dostupností do Prahy. Občanská vybavenost a  nákupní možnosti jsou v blízkých Psárech, větší supermarkety (Lidl, Albert atd.) pak v 5 km vzdálené Jesenici u Prahy.","Prodej chaty, chalupy",,,,Novostavba,,,https://www.bezrealitky.cz/nemovitosti-byty-domy/905351-nabidka-prodej-chaty-chalupy-psary,,85,Osobní,Vybaveno,,905351,7afeac5f01953a082e00591f2cb04522645b4be20e33da6c8d1de917df61104d,905351
Energie,2 290 000 Kč,15 903 Kč/ m2,4+1,24. 5. 2025,"49.6579887,15.4593623",N/A,Cihla,,F - Velmi nehospodárná,472,,Samostatný,,"Hledáte klid na Vysočině? Chalupa/RD v Pohledi čeká!Cena: 2.290.000 KčPředstavujeme jedinečnou příležitost ke koupi chalupy nebo rodinného domu v malebné obci Pohleď u Havlíčkova Brodu! Pokud toužíte po víkendové pohodě nebo bydlení v srdci Českomoravské vrchoviny s výhledem na rybník, tohle je nabídka pro vás!Tichá lokalita v severovýchodní části Českomoravské vrchoviny je ideálním útočištěm pro milovníky klidu, přírody a prostoru pro vlastní realizaci.Součástí prodeje je:Rodinný dům č.p. 36 s užitnou plochou 144 m²Pozemek 472 m²Možnost výhodného odkupu dalšího pozemku 129 m² přímo u rybníka!Dispozice domu 4+1 nabízí dostatek prostoru pro trvalé bydlení i víkendové úniky z města. K dispozici je:KoupelnaSamostatné WCDvě praktické spížeDřevěná přístavba se skladem, dřevníkem, dílnou a garáží – ráj pro kutily a chalupáře!Pod sedlovou střechou se nachází rozsáhlá půda s potenciálem pro další rozšíření obytných prostor. Dům je částečně podsklepen dvěma sklepy – jeden s přímým vstupem ze zahrady, druhý z interiéru.Nemovitost je napojena na veřejný vodovod a plyn (vytápění plynovými wawkami), má vlastní jímku a možnost připojení k internetu přes instalovanou telefonní linku. Vše připraveno pro pohodlný provoz i budoucí modernizaci.Obrovský potenciál pro rekonstrukci podle vašich představ!Dům je z venku zateplen a má plastová okna, střecha je cca 10 let stará. Uvnitř je nemovitost v původním stavu, což je ideální příležitost pro ty, kteří si chtějí vytvořit vlastní víkendový ráj přesně podle svého vkusu. Vdechněte tomuto domu nový život – ať už jako stylové venkovské sídlo nebo pohodlnou chalupu pro víkendové útěky.Obec Pohleď se nachází:5 minut od Světlé nad Sázavou15 minut od Havlíčkova Brodu60 minut od Prahy90 minut z BrnaCena: 2.490.000,- KčZaujala vás tato nabídka? Neváhejte mě kontaktovat pro více informací a prohlídku!V případě vážného zájmu volejte na číslo, na zprávy prosím nereaguji. RK nevolat !!",Prodej domu,,,Prověřit »,Před rekonstrukcí,,,https://www.bezrealitky.cz/nemovitosti-byty-domy/908678-nabidka-prodej-domu-pohled,,144,Osobní,Nevybaveno,,908678,85239649b3783706c8f7994e8f25ff8a2a765783f2e847bd7b600da3203ae934,908678
Parkování,6 990 000 Kč,268 846 Kč/ m2,1+kk,31. 5. 2025,"50.0721325,14.4377271",N/A,Cihla,,G - Mimořádně nehospodárná,,2. podlaží z 7,,,"Developer Vám nabízí ke koupi byt č. 21 v projektu ""Rezidence Záhřebská 28"". Jedná se o 1+kk ve 2.NP s orientací na jiho-východ, do klidného dvora. Dispozice bytu: vstupní chodba, obývací pokoj s kuchyňským koutem, koupelna se sprchovým koutem a WC. K bytu náleží sklepní kóje.Dům, ve kterém se nabízený byt nalézá, leží v srdci pražských Vinohrad, nedaleko krásného parku Grébovka. V současnosti prochází rozsáhlou rekonstrukcí snažící se o zachování původního genia loci stavby z 30. let 20. století, ovšem s použitím moderních prvků, které Vám zaručí top kvalitu bydlení. Všechny byty v tomto projektu mají co možná nejúčelnější dispozice 1+kk a 2+kk. Součástí standardu jsou dubové parkety v obytných místnostech, kvalitní dlažba a obklady, sanitární technika od renomovaných výrobců, nové rozvody sítí a médií, nový topný systém atd.. Byt bude k nastěhování do 2 měsíců.Pro více informací, či domluvení nezávazné prohlídky, mě neváhejte kontaktovat!",Prodej bytu,,,Prověřit »,Po rekonstrukci,,,https://www.bezrealitky.cz/nemovitosti-byty-domy/898807-nabidka-prodej-bytu-zahrebska-hlavni-mesto-praha,Centrum,26,Osobní,Částečně,,898807,c759c8125df18e7e90815a84dca27f42b46cfa35a76c34cef71236808082ea72,898807
