ID,URL,Název nemovitosti,Cena,Poznámka k ceně,Upozornění,Číslo zakázky,Druh pozemku,Celková plocha,Inženýrské sítě,Typ nemovitosti,Umístění objektu,GPS souřadnice,listing_hash,src_web,ins_dt,upd_dt,del_flag,Poloha objektu,Počet podlaží v objektu,Užitná plocha,Plocha parcely,Druh objektu,Stav objektu,K nastěhování,Elektřina,Odpad,Zastavěná plocha,Typ domu,Energetická náročnost budovy,Dispozice,Číslo podlaží,Podlahová plocha,Vlastnictví,Voda,Vybaveno,Charakter okolní zástavby,Doprava,Garáž,Plyn,Telekomunikace,Umístění v chráněných lokalitách,Výtah,Bezbariérový byt,Plocha zahrady,Počet parkovacích míst,Počet podlaží pod zemí,Měrná vypočtená roční spotřeba energie v kWh/m²/rok,Ostatní rozvody,Občanská vybavenost,Plocha kanceláří,Vybavení kanceláří
409347,https://www.remax-czech.cz/reality/detail/409347/prodej-pozemku-21819-m2-hukvaldy,"Prodej pozemku 21819 m², Hukvaldy(ID 133-NP02377)","10 999 000
																		CZK/ za nemovitost",,Prodávající si vyhrazuje právo vybrat kupujícího na základě jím zvolených kritérií.,ID 133-NP02377,Pro bydlení,21 819 m²,Vodovod,Pozemky,Klidná část obce,"49°37'12.7""N,18°13'07.2""E",9d7e0b941cd6b147207276856a87674d60727e7e5b966959e871f82712b80b6c,remax,2025-05-16 21:01:54,2025-05-16 21:01:54,False,,,,,,,,,,,,,,,,,,,,,,,,,,,,,,,,,,
414490,https://www.remax-czech.cz/reality/detail/414490/prodej-domu-115-m2-dolni-chvatliny,"Prodej domu 115 m², Dolní Chvatliny(ID 059-NP07517)","4 400 000
																		CZK/ za nemovitost",,Prodávající si vyhrazuje právo vybrat kupujícího na základě jím zvolených kritérií.,ID 059-NP07517,,,,Domy a vily,,"49°58'50.8""N,15°04'14.1""E",d5987a701ed215e2f5cf27f44908d5925d0ee2700ebcc5455d559acf4113f334,remax,2025-05-16 21:01:54,2025-05-16 21:01:54,False,Samostatný,2,115 m²,1 033 m²,Smíšená,Velmi dobrý,20. 5. 2025,"230 V, 400 V",Kanalizace,103 m²,Přízemní,G,,,,,,,,,,,,,,,,,,,,,,
414505,https://www.remax-czech.cz/reality/detail/414505/prodej-garaze-brno,"Prodej garáže, Brno(ID 163-NP04968)",Cena na vyžádání v kanceláři,,Prodávající si vyhrazuje právo vybrat kupujícího na základě jím zvolených kritérií.,ID 163-NP04968,,,,"Malé objekty, garáže",Klidná část obce,,91d39187d7289bc1c100f90b431681156fc1c8f97d62eb78abe698cd377d8843,remax,2025-05-16 21:01:54,2025-05-16 21:01:54,False,,,18 m²,,Cihlová,Dobrý,16. 5. 2025,,,,Přízemní,,,,,,,,,,,,,,,,,,,,,,,
414519,https://www.remax-czech.cz/reality/detail/414519/prodej-bytu-3-1-v-osobnim-vlastnictvi-79-m2-dobruska,"Prodej bytu 3+1 v osobním vlastnictví 79 m², Dobruška(ID 010-NP04790)","4 500 000
																		CZK/ za nemovitost",cena je včetně provize a veškerého právního servisu,Prodávající si vyhrazuje právo vybrat kupujícího na základě jím zvolených kritérií.,ID 010-NP04790,,,,Byty,Klidná část obce,"50°17'46.2""N,16°09'56.8""E",36794ad93afa9cbf98b291ffc6812cd7b0bb4707f8787d9e23fc59a5916b1d81,remax,2025-05-16 21:01:54,2025-05-16 21:01:54,False,,3,79 m²,,Cihlová,Velmi dobrý,,230 V,Kanalizace,438 m²,,G,3+1,1,79 m²,Osobní,Dálkový rozvod,Ano,,,,,,,,,,,,,,,,
414552,https://www.remax-czech.cz/reality/detail/414552/prodej-bytu-2-kk-v-osobnim-vlastnictvi-58-m2-harrachov,"Prodej bytu 2+kk v osobním vlastnictví 58 m², Harrachov(ID 273-NP03930)","7 450 000
																		CZK/ za nemovitost",,Prodávající si vyhrazuje právo vybrat kupujícího na základě jím zvolených kritérií.,ID 273-NP03930,,,,Byty,Klidná část obce,"50°46'38.4""N,15°24'49.8""E",57a635385cd4ae7b2bf4166565b922287d809ef30a2853e3ffba31402989c5f4,remax,2025-05-16 21:01:54,2025-05-16 21:01:54,False,,5,58 m²,,Smíšená,Velmi dobrý,1. 5. 2025,230 V,Kanalizace,437 m²,,G,2+kk,2,58 m²,Osobní,"Zdroj pro celý objekt, Dálkový rozvod",Ano,Obytná,"Vlak, Silnice, MHD, Autobus",Ano,Plynovod,Internet,Ochranné pásmo,Ano,,,,,,,,,
414527,https://www.remax-czech.cz/reality/detail/414527/prodej-ubytovaciho-zarizeni-536-m2-sedlec-prcice,"Prodej ubytovacího zařízení 536 m², Sedlec-Prčice(ID 176-NP01589)","13 700 000
																		CZK/ za nemovitost","Včetně DPH, provize a právních služeb",Prodávající si vyhrazuje právo vybrat kupujícího na základě jím zvolených kritérií.,ID 176-NP01589,,536 m²,,"Hotely, penziony a restaurace",,"49°33'49.2""N,14°31'35.6""E",629ff1c484fca8a99faff0080e4bba0ee169ceab38c230d5c40aae9092e2339a,remax,2025-05-16 21:01:54,2025-05-16 21:01:54,False,,2,536 m²,2 164 m²,Smíšená,Dobrý,,"230 V, 400 V",Čistička odpadních vod pro celý objekt,463 m²,Patrový,A,,,,,Dálkový rozvod,Ano,,"Silnice, Autobus",,Plynovod,,,,Ano,1 701 m²,10,1,49,,,,
414447,https://www.remax-czech.cz/reality/detail/414447/prodej-pozemku-595-m2-kaznejov,"Prodej pozemku 595 m², Kaznějov(ID 179-NP02302)","560 000
																		CZK/ za nemovitost",včetně provize a právního servisu,Prodávající si vyhrazuje právo vybrat kupujícího na základě jím zvolených kritérií.,ID 179-NP02302,Zahrada,595 m²,Elektřina,Pozemky,Klidná část obce,"49°53'49.1""N,13°23'12""E",0a64c9a6a0d8a50896a99cf5166fbb3316dc7d8cbad49f0adb48c30e3e0113c7,remax,2025-05-16 21:01:54,2025-05-16 21:01:54,False,,,,,,,31. 5. 2025,230 V,,,,,,,,,Zdroj pro celý objekt,,,"Vlak, Silnice, Autobus",,,,,,,,,,,,,,
414502,https://www.remax-czech.cz/reality/detail/414502/prodej-pozemku-553-m2-vyzlovka,"Prodej pozemku 553 m², Vyžlovka(ID 010-NP04788)","6 490 000
																		CZK/ za nemovitost",cena je včetně provize a veškerého právního servisu,Prodávající si vyhrazuje právo vybrat kupujícího na základě jím zvolených kritérií.,ID 010-NP04788,Pro bydlení,553 m²,"Vodovod, Kanalizace, Elektřina",Pozemky,Klidná část obce,"49°59'07.3""N,14°47'25""E",162affa534951cd6697c9fc7994a9e81339abde4402565c83010882a64557955,remax,2025-05-16 21:01:54,2025-05-16 21:01:54,False,,,,,,,,230 V,Kanalizace,,,,,,,,Dálkový rozvod,,,,,,,,,,,,,,,,,
414504,https://www.remax-czech.cz/reality/detail/414504/prodej-domu-263-m2-vyzlovka,"Prodej domu 263 m², Vyžlovka(ID 010-NP04789)","6 490 000
																		CZK/ za nemovitost",cena je včetně provize a veškerého právního servisu,Prodávající si vyhrazuje právo vybrat kupujícího na základě jím zvolených kritérií.,ID 010-NP04789,,,,Domy a vily,Klidná část obce,"49°59'07.2""N,14°47'25""E",09607d43e95b07d3c8cd8f540d4b8197f701a10516dfd9b502eda0b8333ada30,remax,2025-05-16 21:01:54,2025-05-16 21:01:54,False,Samostatný,2,263 m²,553 m²,Cihlová,Před rekonstrukcí,,230 V,Kanalizace,174 m²,Přízemní,C,,,,,Dálkový rozvod,,,,,,,,,,,,,,,,,
414501,https://www.remax-czech.cz/reality/detail/414501/prodej-domu-250-m2-korycany,"Prodej domu 250 m², Koryčany(ID 163-NP04966)","6 363 000
																		CZK/ za nemovitost",cena je uvedena bez dph,Prodávající si vyhrazuje právo vybrat kupujícího na základě jím zvolených kritérií.,ID 163-NP04966,,,,Domy a vily,,"49°05'32.3""N,17°07'47""E",a70a6ff22f673ca20ff79710dc94507910aa4770fdeadbb21b31a62b99337b49,remax,2025-05-16 21:01:54,2025-05-16 21:01:54,False,Řadový,1,250 m²,600 m²,Cihlová,Velmi dobrý,,"230 V, 400 V",Kanalizace,293 m²,Přízemní,G,,,,,Dálkový rozvod,,,,Ano,,,,,,,3,,,,,,
414544,https://www.remax-czech.cz/reality/detail/414544/prodej-chaty-chalupy-41-m2-opatovice-i,"Prodej chaty / chalupy 41 m², Opatovice I(ID 218-NP06447)","450 000
																		CZK/ za nemovitost",,Prodávající si vyhrazuje právo vybrat kupujícího na základě jím zvolených kritérií.,ID 218-NP06447,,41 m²,,Chaty a rekreační objekty,Polosamota,"49°50'53.9""N,15°14'47.6""E",46d5c4f5137c364a292526620e5005049e77246d645aee0f16ff9dc45c1fd51b,remax,2025-05-16 21:01:54,2025-05-16 21:01:54,False,Řadový,,41 m²,97 m²,Dřevěná,Dobrý,,"120 V, 230 V",,41 m²,Přízemní,G,,,,,,,,,,,,,,,,,,,,,,
414542,https://www.remax-czech.cz/reality/detail/414542/prodej-pozemku-851-m2-straskov-vodochody,"Prodej pozemku 851 m², Straškov-Vodochody(ID 273-NP03929)","3 750 000
																		CZK/ za nemovitost","vč.zpracované projektové dokumentace, stavebního povolení, právních služeb, či advokátní úschovy .",Prodávající si vyhrazuje právo vybrat kupujícího na základě jím zvolených kritérií.,ID 273-NP03929,Pro bydlení,851 m²,"Vodovod, Kanalizace, Elektřina",Pozemky,Klidná část obce,"50°21'32.7""N,14°15'15.2""E",cf86444036059c33ef4223a9335696869612329a13f3ffdb0b6af61d10f2fdd4,remax,2025-05-16 21:01:54,2025-05-16 21:01:54,False,,,,,,,,"230 V, 400 V",Kanalizace,,,,,,,,,,,"Vlak, Dálnice, Silnice, Autobus",,,,,,,,,,,,,,
414514,https://www.remax-czech.cz/reality/detail/414514/prodej-bytu-2-kk-v-osobnim-vlastnictvi-52-m2-brno,"Prodej bytu 2+kk v osobním vlastnictví 52 m², Brno(ID 268-NP03033)","6 290 000
																		CZK/ za nemovitost",Včetně provize RK a právních služeb,Prodávající si vyhrazuje právo vybrat kupujícího na základě jím zvolených kritérií.,ID 268-NP03033,,,,Byty,Okraj obce,"49°10'21.9""N,16°41'28.4""E",49b58e0b311f03615972fbd705cf0133a4bb804f58e3b8d63da872936af792f4,remax,2025-05-16 21:01:54,2025-05-16 21:01:54,False,,5,50 m²,,Cihlová,Novostavba,,,Kanalizace,,,E,2+kk,1,52 m²,Osobní,Dálkový rozvod,,Obytná,,,,Internet,,Ano,Ano,44 m²,,,,,,,
414528,https://www.remax-czech.cz/reality/detail/414528/prodej-bytu-2-1-v-osobnim-vlastnictvi-53-m2-hlinsko,"Prodej bytu 2+1 v osobním vlastnictví 53 m², Hlinsko(ID 059-NP07518)","2 490 000
																		CZK/ za nemovitost",Cena včetně právních služeb a provize RK,Prodávající si vyhrazuje právo vybrat kupujícího na základě jím zvolených kritérií.,ID 059-NP07518,,,,Byty,Sídliště,"49°45'53.5""N,15°55'04""E",6c1cd014c128e109a964724ba1cdf05d0361fd51a3a55b4c03d285b820cb8e34,remax,2025-05-16 21:01:54,2025-05-16 21:01:54,False,,7,53 m²,,Cihlová,Dobrý,,230 V,Kanalizace,624 m²,,C,2+1,1,53 m²,Osobní,Dálkový rozvod,,Obytná,"Vlak, Silnice, Autobus",,Plynovod,,,Ano,,,,1,65,,,,
414512,https://www.remax-czech.cz/reality/detail/414512/prodej-pozemku-512-m2-cachrov,"Prodej pozemku 512 m², Čachrov(ID 179-NP02301)","2 100 000
																		CZK/ za nemovitost","vč. provize realitního zprostředkovatele, vč. základních právních služeb (návrh kupní smlouvy a smlouvy o advokátní úschově), bez správních poplatků za řízení na katastru nemovitostí",Prodávající si vyhrazuje právo vybrat kupujícího na základě jím zvolených kritérií.,ID 179-NP02301,Pro bydlení,512 m²,,Pozemky,Polosamota,"49°14'05.2""N,13°17'35.1""E",dcfe5c66931a9f8e2d2a3778d6957e1a0735b7a463adbca8c7948e5f66b31fe8,remax,2025-05-16 21:01:54,2025-05-16 21:01:54,False,,,,,,,,230 V,,,,,,,,,,,,Silnice,,,,,,,,,,,,,,
414523,https://www.remax-czech.cz/reality/detail/414523/prodej-bytu-2-kk-v-osobnim-vlastnictvi-71-m2-praha-6-dejvice,"Prodej bytu 2+kk v osobním vlastnictví 71 m², Praha 6 - Dejvice(ID 175-NP01504)","9 309 000
																		CZK/ za nemovitost",,Prodávající si vyhrazuje právo vybrat kupujícího na základě jím zvolených kritérií.,ID 175-NP01504,,,,Byty,,"50°06'02.9""N,14°23'21.6""E",78e940a38f453ad56227632dfd0437afc20e64371235e6af04425a182c3afc8e,remax,2025-05-16 21:01:54,2025-05-16 21:01:54,False,,6,49 m²,,Smíšená,Velmi dobrý,16. 5. 2025,,Kanalizace,287 m²,,G,2+kk,-1,71 m²,Osobní,,,,,,Plynovod,,,Ano,,20 m²,,,,,,,
414520,https://www.remax-czech.cz/reality/detail/414520/prodej-domu-100-m2-cesky-brod,"Prodej domu 100 m², Český Brod(ID 114-NP10075)","7 200 000
																		CZK/ za nemovitost",,Prodávající si vyhrazuje právo vybrat kupujícího na základě jím zvolených kritérií.,ID 114-NP10075,,,,Domy a vily,Klidná část obce,,e3b8fcf2aca2b1e3969c7c13354123ba20f487c2579b0c91dda410d46d08a378,remax,2025-05-16 21:01:54,2025-05-16 21:01:54,False,Řadový,1,100 m²,261 m²,Smíšená,Velmi dobrý,,"230 V, 400 V","Kanalizace, Septik",115 m²,Patrový,G,,,,,Dálkový rozvod,,Obytná,"Vlak, Dálnice, Silnice, MHD, Autobus",Ano,Plynovod,"Telefon, Internet",,,,,,,,,,,
414500,https://www.remax-czech.cz/reality/detail/414500/prodej-domu-122-m2-jevany,"Prodej domu 122 m², Jevany(ID 205-NP11480)","13 900 000
																		CZK/ za nemovitost","cena včetně provize, právního servisu a všech poplatků",Prodávající si vyhrazuje právo vybrat kupujícího na základě jím zvolených kritérií.,ID 205-NP11480,,,,Domy a vily,Klidná část obce,"49°58'17.4""N,14°49'00.3""E",79423dee6c80a3549a4fb1ba197a197cce89350bbff52eacdda9251095926c78,remax,2025-05-16 21:01:54,2025-05-16 21:01:54,False,Samostatný,2,122 m²,1 968 m²,Panelová,Velmi dobrý,,230 V,Septik,119 m²,Přízemní,G,,,,,,,Obytná,"Silnice, Autobus",Ano,,,,,,,,,,,,,
414507,https://www.remax-czech.cz/reality/detail/414507/prodej-bytu-3-kk-v-osobnim-vlastnictvi-75-m2-praha-5-smichov,"Prodej bytu 3+kk v osobním vlastnictví 75 m², Praha 5 - Smíchov(ID 023-NP08459)","14 550 000
																		CZK/ za nemovitost","kupní cena vč. právního servisu, advokátní úschovy kupní ceny a odměny RK",Prodávající si vyhrazuje právo vybrat kupujícího na základě jím zvolených kritérií.,ID 023-NP08459,,,,Byty,Klidná část obce,"50°04'35.3""N,14°24'25.6""E",b730d8b24ce1f8fbf6f3830d42b2ae6e65a968f1aa4800c5e2c528d575ccb61f,remax,2025-05-16 21:01:54,2025-05-16 21:01:54,False,,4,70 m²,,Cihlová,Po rekonstrukci,16. 5. 2025,230 V,Kanalizace,319 m²,,E,3+kk,4,75 m²,Osobní,Dálkový rozvod,Ano,,"Vlak, Silnice, MHD, Autobus",,Plynovod,,,Ano,,,,1,,"Kabelové rozvody, Ostatní rozvody",,,
414541,https://www.remax-czech.cz/reality/detail/414541/prodej-domu-450-m2-zlin,"Prodej domu 450 m², Zlín(ID 223-NP02808)",Cena na vyžádání v kanceláři,,Prodávající si vyhrazuje právo vybrat kupujícího na základě jím zvolených kritérií.,ID 223-NP02808,,,,Domy a vily,Klidná část obce,"49°12'07""N,17°40'02.2""E",d568dfa1d69b5a1b806e22017866134d62555f65356de4496c00bdd2655d956e,remax,2025-05-16 21:01:54,2025-05-16 21:01:54,False,Samostatný,2,450 m²,1 076 m²,Cihlová,Velmi dobrý,,,Kanalizace,200 m²,Přízemní,G,,,,,Dálkový rozvod,Ano,Obytná,,Ano,Plynovod,"Telefon, Internet",,,,876 m²,,1,,"Satelit, Kabelové rozvody",,,
414525,https://www.remax-czech.cz/reality/detail/414525/prodej-domu-120-m2-ostopovice,"Prodej domu 120 m², Ostopovice(ID 077-NP06625)","7 990 000
																		CZK/ za nemovitost",včetně provize a právního servisu,Prodávající si vyhrazuje právo vybrat kupujícího na základě jím zvolených kritérií.,ID 077-NP06625,,,,Domy a vily,Okraj obce,"49°09'46.2""N,16°32'19.3""E",37f8b795c2d22b6d5b8e1b8d01c3947c40b67b6eba3fc7bb10b07a4aad0d5e3f,remax,2025-05-16 21:01:54,2025-05-16 21:01:54,False,Řadový,2,120 m²,239 m²,Smíšená,Dobrý,,"230 V, 400 V",Kanalizace,92 m²,Patrový,G,,,,,Dálkový rozvod,Ano,Obytná,MHD,,Plynovod,,,,,,,,,,,,
414329,https://www.remax-czech.cz/reality/detail/414329/prodej-pozemku-679-m2-ludgerovice,"Prodej pozemku 679 m², Ludgeřovice(ID 306-NP83330)","2 200 000
																		CZK/ za nemovitost",,Prodávající si vyhrazuje právo vybrat kupujícího na základě jím zvolených kritérií.,ID 306-NP83330,Pro bydlení,679 m²,"Vodovod, Kanalizace, Elektřina",Pozemky,Rušná část obce,"49°53'36""N,18°14'20.3""E",e920428c475d7793fc95dc2a166250fc68d0a0a9cbedb64b33e40b2353fa031f,remax,2025-05-16 21:01:54,2025-05-16 21:01:54,False,,,,,,,15. 5. 2025,,Kanalizace,,,,,,,,Dálkový rozvod,,,,,,,,,,,,,,,,,
414464,https://www.remax-czech.cz/reality/detail/414464/prodej-domu-65-m2-ruprechtov,"Prodej domu 65 m², Ruprechtov(ID 058-NP04338)","7 243 800
																		CZK/ za nemovitost",včetně provize a právních služeb,Prodávající si vyhrazuje právo vybrat kupujícího na základě jím zvolených kritérií.,ID 058-NP04338,,,,Domy a vily,Klidná část obce,"49°19'36.6""N,16°51'34.4""E",854055276f70e2663701ab1892756faf686383e083ebc90204296c37da418125,remax,2025-05-16 21:01:54,2025-05-16 21:01:54,False,Samostatný,1,65 m²,1 436 m²,Dřevěná,Velmi dobrý,,"230 V, 400 V",Kanalizace,76 m²,Přízemní,B,,,,,,Ano,Obytná,"Silnice, Autobus",,,Internet,,,,1 360 m²,2,,,,"Školka, Zdravotnická zařízení, Pošta, Supermarket",,
414471,https://www.remax-czech.cz/reality/detail/414471/prodej-bytu-3-1-v-osobnim-vlastnictvi-81-m2-uhersky-brod,"Prodej bytu 3+1 v osobním vlastnictví 81 m², Uherský Brod(ID 198-NP02617)","4 250 000
																		CZK/ za nemovitost",včetně všech poplatků a provize,Prodávající si vyhrazuje právo vybrat kupujícího na základě jím zvolených kritérií.,ID 198-NP02617,,,,Byty,Okraj obce,"49°01'51.6""N,17°38'47.1""E",aae221083fca7e958901e480f392b1b5087b3e6f195cdaff7cae4f5bd8ded271,remax,2025-05-16 21:01:54,2025-05-16 21:01:54,False,,3,70 m²,,Cihlová,Dobrý,16. 5. 2025,230 V,Kanalizace,383 m²,,G,3+1,3,81 m²,Osobní,Dálkový rozvod,Ano,Obytná,"Vlak, Silnice, MHD, Autobus",,Plynovod,,,,,,,,,,,,
414482,https://www.remax-czech.cz/reality/detail/414482/prodej-chaty-chalupy-53-m2-nova-cerekev,"Prodej chaty / chalupy 53 m², Nová Cerekev(ID 143-NP07027)","2 330 000
																		CZK/ za nemovitost",,Prodávající si vyhrazuje právo vybrat kupujícího na základě jím zvolených kritérií.,ID 143-NP07027,,53 m²,,Chaty a rekreační objekty,Polosamota,"49°24'14""N,15°09'34.1""E",3349c808825d2402ddfb6de3955fda24e005278aa4ec2b8e6abbebb8b68e20d7,remax,2025-05-16 21:01:54,2025-05-16 21:01:54,False,Samostatný,,53 m²,423 m²,Cihlová,Dobrý,,230 V,,41 m²,Patrový,G,,,,,,Ano,,,,,,,,,,,,,,,,
414440,https://www.remax-czech.cz/reality/detail/414440/prodej-domu-245-m2-novy-knin,"Prodej domu 245 m², Nový Knín(ID 218-NP06444)","15 300 000
																		CZK/ za nemovitost",Cena včetně provize a právního servisu.,Prodávající si vyhrazuje právo vybrat kupujícího na základě jím zvolených kritérií.,ID 218-NP06444,,,,Domy a vily,Klidná část obce,"49°47'04.2""N,14°17'26.2""E",2a5505621d224c04c5873a985b3685bd8db42e58996e917088e884f51cb9f23a,remax,2025-05-16 21:01:54,2025-05-16 21:01:54,False,Samostatný,2,245 m²,2 100 m²,Smíšená,Velmi dobrý,15. 5. 2025,,"Kanalizace, Septik",245 m²,Patrový,G,,,,,Dálkový rozvod,Ano,Obytná,"Vlak, Dálnice, Silnice, MHD, Autobus",Ano,,Internet,,,,1 856 m²,,,,,,,
414454,https://www.remax-czech.cz/reality/detail/414454/prodej-domu-340-m2-usti-nad-labem,"Prodej domu 340 m², Ústí nad Labem(ID 020-NP10187)","8 799 000
																		CZK/ za nemovitost",,Prodávající si vyhrazuje právo vybrat kupujícího na základě jím zvolených kritérií.,ID 020-NP10187,,,,Domy a vily,Klidná část obce,"50°39'26.6""N,14°04'07.2""E",eae14bfec20ec9acb697cb2391b9f1a1e959007de593870d281ce91636c61eb7,remax,2025-05-16 21:01:54,2025-05-16 21:01:54,False,Samostatný,3,340 m²,5 377 m²,Cihlová,Před rekonstrukcí,,"230 V, 400 V",Septik,114 m²,Patrový,G,,,,,Dálkový rozvod,Ano,,"Vlak, Dálnice, Silnice, MHD, Autobus",,,,,,,,,1,,,,,
414426,https://www.remax-czech.cz/reality/detail/414426/prodej-domu-179-m2-sobesice,"Prodej domu 179 m², Soběšice(ID 316-414426)","4 600 000
																		CZK/ za nemovitost","Uvedená cena je včetně právního servisu, provize RK + 21% DPH.",Prodávající si vyhrazuje právo vybrat kupujícího na základě jím zvolených kritérií.,ID 316-414426,,,,Domy a vily,Okraj obce,"49°12'12.6""N,13°39'35.4""E",887990f4947ba2d2aa550288d3ed6d18e8ad9b94c3dc61fe0da461019dc71381,remax,2025-05-16 21:01:54,2025-05-16 21:01:54,False,Samostatný,2,179 m²,522 m²,Cihlová,Před rekonstrukcí,16. 5. 2025,230 V,Kanalizace,127 m²,Patrový,G,,,,,"Zdroj pro celý objekt, Dálkový rozvod",Ano,Obytná,"Dálnice, Silnice, Autobus",Ano,,,,,,256 m²,4,,,,,,
414385,https://www.remax-czech.cz/reality/detail/414385/prodej-domu-151-m2-sedlcany,"Prodej domu 151 m², Sedlčany(ID 218-NP06441)","11 980 000
																		CZK/ za nemovitost",,Prodávající si vyhrazuje právo vybrat kupujícího na základě jím zvolených kritérií.,ID 218-NP06441,,,,Domy a vily,,"49°39'12.6""N,14°25'10.5""E",2cdd40e8eec2b5abbae20067f41850d20fb351439b4b0244384eff32f90fe55d,remax,2025-05-16 21:01:54,2025-05-16 21:01:54,False,Řadový,2,151 m²,151 m²,Cihlová,Velmi dobrý,,,Kanalizace,,Patrový,G,,,,,,,,,,Plynovod,,,,,800 m²,,,,,,,
414462,https://www.remax-czech.cz/reality/detail/414462/prodej-bytu-2-1-v-druzstevnim-vlastnictvi-57-m2-ostrava,"Prodej bytu 2+1 v družstevním vlastnictví 57 m², Ostrava(ID 306-NP83331)","2 950 000
																		CZK/ za nemovitost",,Prodávající si vyhrazuje právo vybrat kupujícího na základě jím zvolených kritérií.,ID 306-NP83331,,,,Byty,Rušná část obce,"49°49'54.7""N,18°10'39.1""E",297c45a335a17830021fc631f0a49b5105d260afd689c5c64c740b8d9a5a2b3b,remax,2025-05-16 21:01:54,2025-05-16 21:01:54,False,,5,56 m²,,Panelová,Velmi dobrý,,230 V,Kanalizace,,,D,2+1,3,57 m²,Družstevní,Dálkový rozvod,,Obytná,"Vlak, Dálnice, Silnice, MHD, Autobus",,Plynovod,,,,,,,,,,,,
414398,https://www.remax-czech.cz/reality/detail/414398/prodej-bytu-4-kk-v-osobnim-vlastnictvi-113-m2-zlin,"Prodej bytu 4+kk v osobním vlastnictví 113 m², Zlín(ID 223-NP02806)","10 821 664
																		CZK/ za nemovitost",včetně DPH,Prodávající si vyhrazuje právo vybrat kupujícího na základě jím zvolených kritérií.,ID 223-NP02806,,,,Byty,Klidná část obce,"49°12'08.3""N,17°34'54.3""E",0a9d308ab04b263eb3de065b93ccf12c80c3b1d9207e3fd40454732e6bc2393f,remax,2025-05-16 21:01:54,2025-05-16 21:01:54,False,,6,101 m²,,Skeletová,Ve výstavbě (hrubá stavba),,,,760 m²,,B,4+kk,5,113 m²,Osobní,,,,,,,,,Ano,Ano,,1,1,77,,,,
414470,https://www.remax-czech.cz/reality/detail/414470/prodej-chaty-chalupy-101-m2-vrany,"Prodej chaty / chalupy 101 m², Vraný(ID 254-NP00783)","5 600 000
																		CZK/ za nemovitost","Včetně právního servisu, advokátní úschovy a provize RK",Prodávající si vyhrazuje právo vybrat kupujícího na základě jím zvolených kritérií.,ID 254-NP00783,,101 m²,,Chaty a rekreační objekty,Klidná část obce,"50°19'44.8""N,14°00'48.1""E",9a23faf6e6806047926e4a20cd60f825633b9990aa21d621fbc4547934dde2b3,remax,2025-05-16 21:01:54,2025-05-16 21:01:54,False,Samostatný,2,101 m²,520 m²,Cihlová,Velmi dobrý,,230 V,Kanalizace,47 m²,Patrový,G,,,,,Dálkový rozvod,Ano,Venkovská,,,,,,,,,,,,,,,
414382,https://www.remax-czech.cz/reality/detail/414382/prodej-domu-134-m2-jihlava,"Prodej domu 134 m², Jihlava(ID 143-NP07026)","13 900 000
																		CZK/ za nemovitost",cena včetně provize RK,Prodávající si vyhrazuje právo vybrat kupujícího na základě jím zvolených kritérií.,ID 143-NP07026,,,,Domy a vily,Klidná část obce,"49°24'27.5""N,15°33'23.2""E",38e58adf76e01ba41de68f159634b4bc2123a5a18907a88d1beaf6f57573c730,remax,2025-05-16 21:01:54,2025-05-16 21:01:54,False,Řadový,1,134 m²,600 m²,Cihlová,Novostavba,,,Kanalizace,185 m²,Přízemní,,,,,,Dálkový rozvod,,,,,Plynovod,Internet,,,Ano,,,,,,,,
414445,https://www.remax-czech.cz/reality/detail/414445/prodej-bytu-3-1-v-osobnim-vlastnictvi-74-m2-kladno,"Prodej bytu 3+1 v osobním vlastnictví 74 m², Kladno(ID 023-NP08458)","5 740 000
																		CZK/ za nemovitost","kupní cena vč. právního servisu, advokátní úschovy kupní ceny a odměny RK",Prodávající si vyhrazuje právo vybrat kupujícího na základě jím zvolených kritérií.,ID 023-NP08458,,,,Byty,,"50°08'08.2""N,14°05'54.2""E",ba978665bee404b9d753fc6121c324d3c997065c4983e1ad82fa98ec34e488a7,remax,2025-05-16 21:01:54,2025-05-16 21:01:54,False,,11,67 m²,,Panelová,Velmi dobrý,,230 V,Kanalizace,755 m²,,C,3+1,10,74 m²,Osobní,Dálkový rozvod,Ano,,"Vlak, Dálnice, Silnice, MHD, Autobus",,Plynovod,,,Ano,,,,1,,"Kabelové rozvody, Ostatní rozvody",,,
414476,https://www.remax-czech.cz/reality/detail/414476/prodej-pozemku-603-m2-most,"Prodej pozemku 603 m², Most(ID 255-NP00709)","2 590 000
																		CZK/ za nemovitost",Cena včetně provize RK a právních služeb,Prodávající si vyhrazuje právo vybrat kupujícího na základě jím zvolených kritérií.,ID 255-NP00709,Pro bydlení,603 m²,"Vodovod, Elektřina",Pozemky,Klidná část obce,"50°29'46.3""N,13°40'24.9""E",4cc6c142b442a1c45544dd20127b149eefde991eee65d1fd85a77dc369a3c251,remax,2025-05-16 21:01:54,2025-05-16 21:01:54,False,,,,,,,15. 5. 2025,400 V,,,,,,,,,,,,"Silnice, MHD",,Plynovod,,,,,,,,,,,,
414460,https://www.remax-czech.cz/reality/detail/414460/prodej-pozemku-2190-m2-podhorany-u-ronova,"Prodej pozemku 2190 m², Podhořany u Ronova(ID 114-NP10070)","1 990 000
																		CZK/ za nemovitost","Včetně realitních služeb, právních služeb a advokátní úschovy.",Prodávající si vyhrazuje právo vybrat kupujícího na základě jím zvolených kritérií.,ID 114-NP10070,Pro bydlení,2 190 m²,Elektřina,Pozemky,Okraj obce,"49°56'21.4""N,15°31'51.1""E",bb0ac6e0c53b840f9550257b15256409f8363bb60ffd0b0c2ba9a35a8a37894a,remax,2025-05-16 21:01:54,2025-05-16 21:01:54,False,,,,,,,15. 5. 2025,"230 V, 400 V",,,,,,,,,,,,,,,,,,,,,,,,,,
414469,https://www.remax-czech.cz/reality/detail/414469/prodej-chaty-chalupy-29-m2-trebenice,"Prodej chaty / chalupy 29 m², Třebenice(ID 114-NP10073)","450 000
																		CZK/ za nemovitost",Včetně realitních a právních služeb.,Prodávající si vyhrazuje právo vybrat kupujícího na základě jím zvolených kritérií.,ID 114-NP10073,,29 m²,,Chaty a rekreační objekty,,"50°29'12""N,13°59'09""E",9879a36f797fdc46c27faacadc7904cf97c76a468c8b8b7bf1a0ad14807c5575,remax,2025-05-16 21:01:54,2025-05-16 21:01:54,False,Řadový,,29 m²,927 m²,Cihlová,Určený k demolici,15. 5. 2025,,,,Přízemní,G,,,,,,,Rekreační,,,,,,,,,,,,,,,
414399,https://www.remax-czech.cz/reality/detail/414399/prodej-bytu-3-1-v-osobnim-vlastnictvi-77-m2-ostrava,"Prodej bytu 3+1 v osobním vlastnictví 77 m², Ostrava(ID 344-NP00393)","3 500 000
																		CZK/ za nemovitost",,Prodávající si vyhrazuje právo vybrat kupujícího na základě jím zvolených kritérií.,ID 344-NP00393,,,,Byty,,"49°46'12.3""N,18°15'03.2""E",7c91db08f96a8299baa67ec08e3707001dfdd5912bdbf7de3f7a4a6186d54148,remax,2025-05-16 21:01:54,2025-05-16 21:01:54,False,,4,77 m²,,Panelová,Velmi dobrý,,230 V,Kanalizace,243 m²,,G,3+1,4,77 m²,Osobní,Dálkový rozvod,,Obytná,MHD,,Plynovod,,,,,,,,,,,,
414427,https://www.remax-czech.cz/reality/detail/414427/prodej-pozemku-15134-m2-prelouc,"Prodej pozemku 15134 m², Přelouč(ID 020-NP10182)","53 131 000
																		CZK/ za nemovitost",,Prodávající si vyhrazuje právo vybrat kupujícího na základě jím zvolených kritérií.,ID 020-NP10182,Pro komerční výstavbu,15 134 m²,"Vodovod, Elektřina",Pozemky,Centrum obce,"50°02'11.4""N,15°34'33.2""E",dd512dafc89cd0a7d3c55a4922f428a9096c49eda565a06df180b69581b08b45,remax,2025-05-16 21:01:54,2025-05-16 21:01:54,False,,,,,,,,"230 V, 400 V",,,,,,,,,Dálkový rozvod,,,"Vlak, Silnice, Autobus",,,,,,,,,,,Ostatní rozvody,Kompletní síť obchodů a služeb,,
414429,https://www.remax-czech.cz/reality/detail/414429/prodej-apartmanu-71-m2-loucna-nad-desnou,"Prodej apartmánu 71 m², Loučná nad Desnou(ID 349-NP00055)","4 300 000
																		CZK/ za nemovitost",,Prodávající si vyhrazuje právo vybrat kupujícího na základě jím zvolených kritérií.,ID 349-NP00055,,71 m²,,Komerční prostory,Okraj obce,"50°03'51""N,17°05'13.3""E",215a3b7e5935726051ea24cccc5be2f48aa9ccc106fbc48001b5b4c4d44e9b53,remax,2025-05-16 21:01:54,2025-05-16 21:01:54,False,,2,,,Smíšená,Po rekonstrukci,,,Septik,393 m²,Patrový,G,,1,,,Dálkový rozvod,Ano,,"Vlak, Autobus",,,Internet,,,,,,1,,,,71 m²,Ano
414463,https://www.remax-czech.cz/reality/detail/414463/prodej-bytu-2-1-v-osobnim-vlastnictvi-82-m2-prerov,"Prodej bytu 2+1 v osobním vlastnictví 82 m², Přerov(ID 223-NP02807)","3 500 000
																		CZK/ za nemovitost",,Prodávající si vyhrazuje právo vybrat kupujícího na základě jím zvolených kritérií.,ID 223-NP02807,,,,Byty,Centrum obce,,fe12800bfdf79d9dc558d5aef838e30293bf33af661290997c17e5a2b10411f8,remax,2025-05-16 21:01:54,2025-05-16 21:01:54,False,,5,82 m²,,Smíšená,Velmi dobrý,15. 5. 2025,"120 V, 230 V",Kanalizace,240 m²,,G,2+1,4,82 m²,Osobní,,Ano,,"Vlak, Dálnice, Silnice, Autobus",,Plynovod,,,,,50 m²,,5,,,,,
414448,https://www.remax-czech.cz/reality/detail/414448/prodej-domu-163-m2-orlova,"Prodej domu 163 m², Orlová(ID 306-NP83329)","5 200 000
																		CZK/ za nemovitost",hypotému Vám vyřídíme za nejlepších podmínek!,Prodávající si vyhrazuje právo vybrat kupujícího na základě jím zvolených kritérií.,ID 306-NP83329,,,,Domy a vily,Klidná část obce,"49°51'13.1""N,18°24'13.4""E",fd212098a50587314caa9a9ba0ab92b54afa9020385c705b3ab1c5266c3a8c35,remax,2025-05-16 21:01:54,2025-05-16 21:01:54,False,Samostatný,2,163 m²,1 935 m²,Cihlová,Velmi dobrý,,230 V,Septik,116 m²,Patrový,G,,,,,Dálkový rozvod,,Obytná,,Ano,,Internet,,,,1 700 m²,3,,,,,,
