Balkon,Cena,Datum nastěhování,Dopravní dostupnost,Elektřina,GPS coordinates,Images,Internet,Kanalizace,Kolaudace,Konstrukce budovy,Lodžie,Lokalita objektu,Lokalita projektu,Odpad,PENB,Parkování,Plocha pozemku,Plocha zahrady,Plyn,Podlaží,Podlaží umístění,Poloha domu,Počet místností,Počet podlaží,Počet podlaží budovy,Počet podzemních podlaží,Property Description,Property Name,Přístupová komunikace,Rekonstrukce,Roční spotřeba energie,Sklep,Stav budovy,Stav bytu,Telefon,Terasa,Topení,Topné těleso,Typ komerční nemovitosti,URL,Užitná plocha,Vlastnictví,Voda,Vybavení,Vybavení domu,Výstavba,Výstavba (rok),Výtah,Zastavěná plocha,Zdroj vytápění,id,listing_hash,Číslo zakázky
,9 800 000 KčSpočítat hypotéku,,,,"49.8791417,15.1920529",N/A,,,,smíšená,,,centrum,,G (vyhl. č. 264/2020 Sb.),,2,,,,,samostatný,,,,,"Zemědělská usedlost Chlístovice u Kutné HoryV Obci Chlístovice u Kutné Hory, nabízíme k prodeji původní zemědělskou usedlost s první zmínkou z konce 19. století s atypickou dispozicí. Jedná se o dva samostatné domy, které v současnosti obývají 3 generace: první rodinný dům je o 5 místnostech a druhý dům (výměnek) s bytem 1+1. Nemovitost je ve velmi dobrém stavu, v posledních letech byla renovovaná: nové střešní krtiny (šindel), okna, fasády na obou domech, nová elektroinstalace, rozvody vody a odpadu. První dům je vytápěn elektro - kotlem, kachlovými kamny a peletovými kamny rozvedené do radiátoru. Druhý dům je vytápěn také elektro - kotlem a krbovými kamny. Domy jsou připojené na obecní vodovod, kanalizace připojena jen na první dům. Jeden sklep je přímo v domě (cca 8m), další pod stodolou (cca 10 m) a třetí na výměnku (cca 6 m). Oba domy spolu se stodolou vytvářejí uzavřený dvůr a pod nimi je prostorná, svažitá zahrada o rozloze 1363 m, která je oddělitelná, samostatně přístupná, nacházející se v zástavbovém území obce a nabízející dostatek prostoru k relaxaci. Usedlost se nachází v samém centru obce a disponuje spolu se stodolou a garáží zastavěnou plochou 546 m na pozemku o celkové rozloze včetně zahrady 2614 m. Obec Chlístovice s necelými 800 obyvatel leží 12 km od centra Kutné Hory a je vhodná nejen k trvalému bydlení, ale také místem chalupářů a chatařů. Obec se nachází v blízkém sousedství lesa se zříceninou historického Hradu Sion z 15. století. Pro více informací a domluvení prohlídky nás neváhejte kontaktovat. Dům lze financovat úvěrem, který Vám rádi pomůžeme zprostředkovat. Ev. číslo: 647494.",Prodej domu 240 m² s pozemkem 2 614 m²,,,,,dobrý stav,,,,,,,https://reality.idnes.cz/detail/prodej/dum/chlistovice/67a6509106b72f0a840d9615/,2,osobní,,,částečně zařízený,,,,2,,67a6509106b72f0a840d9615,8e523350f571c9c2b97a89236878c903aeddcd14787ca9accd09eef6382c4dc3,IDNES-647494
,7 977 600 KčSpočítat hypotéku,,"dálnice, silnice, veřejná doprava, autobus, letiště",zavedena,,N/A,,,,cihlová,,,klidná část,"septik / jímka, veřejná kanalizace",G (vyhl. č. 78/2013 Sb.),parkování na pozemku,,2,,,,řadový,,2 podlaží,,,"NIN / ŽDRIJAC - Prodej zařízeného řadového domu - pouhých 30 m od moře a pláže!NIN / ŽDRIJAC - Prodej řadového rekreačního domu se dvěma podlažími. V přízemí je vstupní hala, terasa, obývací pokoj, kuchyň s jídelnou a toaleta. Do prvního patra vede vnitřní schodiště, v patře jsou tři ložnice, koupelna a terasa. Celková podlahová plocha domu je 97,65 m². Dům má dvě zahrady, před domem (cca 30 m²) a za domem (20 m²) a dvě parkovací místa. Vzdálenost od moře je 30 m. Vlastnictví 1/1.",Prodej domu 98 m²,asfalt,,,,dobrý stav,,,,,,,https://reality.idnes.cz/detail/prodej/dum/nin/683d8005d3365735bb0d83db/,2,osobní,,,zařízený,2007,,,,,683d8005d3365735bb0d83db,0cd7ee15ec7c00d203845f2cd5fac02b038ee2b5049672137d08a4226c8150ab,IDNES-1001
,4 800 000 KčSpočítat hypotéku,01.07.2025,,,"49.6832563889,14.0013233333",N/A,,,,cihlová,,klidná část,,,G (vyhl. č. 78/2013 Sb.),,,,,,,,,,4 podlaží,,"Prodej prostorného bytu 3+1 (75m²) na krásném místě v Mariánské ulici v PříbramiExkluzivně nabízíme k prodeji prostorný a slunný byt s dispozicí 3+1 v osobním vlastnictví v dobře udržovaném cihlovém domě v Příbrami VII v Mariánské ulici. Byt prošel kompletní rekonstrukcí roce 2006 včetně výměny všech rozvodů a přestavby koupelny, kuchyně a WC. Byt je tak ve výborném stavu a je ihned k dispozici pro užívání. Jednotka se nachází ve zvýšeném přízemí v bezpečné výšce nad okolním povrchem a má zachovalé původní parketové podlahy. V domě byla v nedávné době nainstalována plastová okna a byly vyměněny stoupačky. Nemovitost se nachází ve velmi klidné a atraktivní čtvrti s dobrou dopravní dostupností a veškerou občanskou vybaveností v dochozí vzdálenosti. Byt má velmi dobrou orientaci a příjemnou dispozici. Doporučujeme k osobní prohlídce.",Prodej bytu 3+1 75 m²,dlažba,,,,,dobrý stav,,,ústřední - dálkové,,,https://reality.idnes.cz/detail/prodej/byt/pribram-marianska/6839f02d98ed3cd0af069646/,2,osobní,,nezařízený,,,,,,,6839f02d98ed3cd0af069646,e88eb9d1117777f29998999d5384a5431681a0f49a99e98d40554ddddf0d5ea0,IDNES-72486
,Cena na vyžádání,,,"230V, zavedena",N/A,N/A,,,,cihlová,,,centrum,veřejná kanalizace,G (vyhl. č. 264/2020 Sb.),,2,,zaveden,,,samostatný,,,,,"Prodej domu v centru krkonošské horské obce Černý Důl, v blízkosti lyžařského areálu.Nabízíme Objekt využívaný nyní jako ubytovací zařízení pro již zavedenou, převážně zahraniční, klientelu. Dům je ve velmi dobrém stavebně-technickém stavu v obci Černý Důl na okraji Krkonošského národního parku. Jedná se o samostatně stojící stavbu na klidném místě centrální části obce, v blízkosti kostela Sv. Michaela a nedaleko lyžařského areálu – cca 5 minut chůze na sjezdovky. Dispozice: zádveří, WC, komora, koupelna, velká obytná místnost s kuchyňským a jídelním koutem a výstupem na zahradu a terasu, garáž, sklad. Schodiště do podkroví, kde je celkem 5 pokojů (3 dvoulůžkové a 2 třílůžkové), chodba, koupelna. Dům je napojen na elektrickou energii, veřejný vodovodní a kanalizační řád, ústřední vytápění - plyn. Parkování 2 osobních automobilů na vlastním pozemku přímo u domu. Objekt je ve velmi dobrém stavu. Atraktivní lokalita horského střediska (684 m. n. m. ) s celoročním vyžitím – 400 m od domu je lyžařský areál Černý Důl. V rámci SkiResortu jsou v dosahu další lyžařské areály - Janské Lázně - Černá Hora (6 km), Pec pod Sněžkou (20 km), Svoboda nad Úpou (9 km), Velká Úpa (17 km). Další lyžařská a rekreační střediska – Mladé Buky (13 km), Herlíkovice – Bubákov (17 km), Špindlerův Mlýn (25 km). V současnosti využíváno ke komerčnímu pronájmu – dlouhodobě vysoká obsazenost stálou klientelou. Možno i k trvalému bydlení.",Prodej domu 230 m² s pozemkem 403 m²,,,,,dobrý stav,,,,,,,https://reality.idnes.cz/detail/prodej/dum/cerny-dul/683d8344f1b184313a0d57ea/,2,,veřejný,,zařízený,,,,,,683d8344f1b184313a0d57ea,c73cbde8a7d3bfa397d9c7a9cf2ac90011a5c8e3e3e034096eb43cda4a14c580,IDNES-00161
,Cena na vyžádání,,,"230V, zavedena",N/A,N/A,,,,cihlová,,,předměstí,septik / jímka,G (vyhl. č. 264/2020 Sb.),,2,,,,,,,,,,"Prodej skladového prostoru 1597 m²Hledáte vhodné prostory pro Vaše podnikání s možností dalšího růstu?Ve výhradním zastoupení majitele si Vám dovolujeme nabídnout k prodeji komerční objekt s velkým pozemkem a možností dalšího rozšíření nacházející se na okraji obce Zbraslav na Moravě, okres Brno–venkov.Jedná se o zděnou zemědělskou stavbu se zastavěnou plochou 1597 m² a přilehlé pozemky o celkové výměře 10.931 m². Budova z roku 1989 se nachází v oploceném areálu bývalého zemědělského družstva. Podél budovy se nachází zpevněné pozemky vhodné jako manipulační plocha či jako parkování. Nezastavěné pozemky o výměře přes 5000 m² nabízí možnost rozšíření stávajícího areálu o další výrobní či skladovací halu. Nabízí se tu i možnost umístění fotovoltaické elektrárny na stávající střeše budovy či volných pozemcích. V současné době je hala pronajata a slouží ke stavební výrobě.K samostatně stojící budově je možný příjezd jak pro osobní, nákladní či kamionovou dopravu po stávající, tak i nově vzniklé asfaltové komunikaci, která umožňuje přístup k hale z obou stran. Objekt je napojený na elektřinu, vodu, odpad je řešený velkokapacitní jímkou. Vytápění je možné řešit elektrickými přímotopy ( v kombinaci s fotovoltaickými panely na střeše).Budova má od hlavního příjezdu dvoje vrata – plechové / dvoukřídlé a průmyslové rolovací o rozměrech 4 m šíře x 4,2 m výška. Z protější strany jedny vrata – průmyslové rolovací o rozměrech 6 m šíře x 4,2 m výška. V objektu je samostatná šatna s WC a sprchou. Podlaha v hale je panelová.Územním plánem je celá tato lokalita určená jako plocha smíšená výrobní všeobecná – hlavní využití není stanoveno, vhodné pro výrobu a skladování, včetně výroby zemědělské a související, čerpací stanice pohonných hmot, pozemky fotovoltaických elektráren, garáže a parkoviště.Nabízená nemovitost poskytuje široké možnosti využití pro různé podnikatelské aktivity a je ideální příležitostí pro investory hledající prostorné a flexibilní nemovitosti. Vzhledem ke své velikosti a dostupné infrastruktuře může sloužit jako logistické centrum pro distribuci zboží. Skvělá dostupnost na dálnici D1 usnadňuje přepravu zboží do a z haly, což je klíčové pro efektivní logistiku. Napojení na D1 směr Praha je u Velké Bíteše 10 km, napojení na dálnici D1 směr směr Brno, Olomouc, Ostrava, Vídeň je u Kývalky 13 km, do města Brna je to 20 km.",Prodej skladovacích prostor 1 597 m²,,,,,udržovaný,,,,,,skladovací prostory,https://reality.idnes.cz/detail/prodej/komercni-nemovitost/zbraslav/683d833979a97f65820b69d6/,2,,veřejný,nezařízený,,,1989,,,,683d833979a97f65820b69d6,723642e8dbb3d88b28d15e9032be8c28d6d9831c96cf98473ed1462c70770376,IDNES-00221
,9 150 000 KčSpočítat hypotéku,,,,"50.08611655211896,14.553438769892997",N/A,,,,panelová,,klidná část,,,C (vyhl. č. 264/2020 Sb.),,,,zaveden,zvýšené přízemí (1. NP),,,,,4 podlaží,,"Prodej prostorného bytu 4+kk s lodžií a sklepem o celkové výměře 94,13 m²  v klidné části Prahy 9Prodej prostorného bytu 4+kk s lodžií a sklepem o celkové výměře 94,13 m²v klidné části Prahy 9 – Kyje, JahodniceNabízíme k prodeji prostorný zajímavě řešený byt o dispozici 4+kk s lodžií a sklepem o podlahové ploše 85 m² v atraktivní a klidné lokalitě Prahy 9 – Jahodnici, městská část Kyje. Byt se nachází ve zvýšeném přízemí zatepleného čtyřpodlažního panelového bytového domu a prošel kompletní, kvalitně provedenou rekonstrukcí.Dispozičně byt nabízí tři samostatné ložnice s dubovou podlahou, prostorný obývací pokoj s kuchyňským koutem (dlažba), koupelnu, samostatné WC, předsíň a velkou zasklenou lodžii s bezpečnostním sklem. Interiér je vybaven vestavěným nábytkem na míru s použitím nadstandartních materiálů. Celkový dojem umocňuje atypické řešení bytu, které zajišťuje maximální využití prostoru a komfortní bydlení. K bytu náleží sklep.Vytápění je zajištěno ústředním topením (plynová kotelna v domě) a koupelna je vybavena podlahovým topením. Okna v bytě jsou dvojitá plastová, dveře dřevěné. Do bytu vedou protipožární dveře s 3 bodovým zámkem. V bytě je nainstalován alarm (Jablotron). Plyn v bytě není, je zaslepen (možné připojení). V bytě je kabelová TV.Měsíční zálohy za služby velmi příznivé, pro dva členy domácnosti vychází na 6269,- Kč.Lokalita je obklopena zelení a nabízí velmi klidné rodinné prostředí. V bezprostřední blízkosti naleznete školku (60 m), základní školy, samoobsluhu (50 m), supermarket Albert (400 m), lékaře a další občanskou vybavenost. Dobrá dopravní dostupnost – autobusová zastávka 300 m (5 minut na metro B – Rajská zahrada, 15 minut Palmovka, 15 minut metro A – Depo Hostivař), dále v dosahu vlakové stanice Kyje a Dolní Počernice (z nich vlakové spojení Praha hl. n. 15 minut). V budoucnu je také plánována vlaková zastávka v Jahodnici. Snadné napojení na D10, D11 a Štěrboholskou spojku. Lokalita je dosud bez parkovacích zón.Eventuálně lze jednat o pronájmu garáže v parkovacím domě v docházkové vzdálenosti.Lokalita je vhodná jak pro rodiny s dětmi, tak pro ty, kteří hledají bydlení v klidné části města s rychlou dostupností do centra. Okolí nabízí možnosti pro sport i relaxaci – parky, dětská hřiště, cyklostezky, bikepark, workoutové hřiště.Cena za nemovitost: 9 150 000,- Kč",Prodej bytu 4+kk 85 m²,,,,,dobrý stav,po rekonstrukci,,,,podlahové vytápění,,https://reality.idnes.cz/detail/prodej/byt/praha-14-tovarova/682b38bfab1bcb428e05b605/,2,osobní,,,,,,,,ústřední dálkové,682b38bfab1bcb428e05b605,bd3c63b8eeb3b9fa0792157d0697a31f7e99ff649f445cc9175775b96cc3872a,IDNES-3-2025
,Cena na vyžádání,,,230V,N/A,N/A,,,,smíšená,,,klidná část,septik / jímka,G (vyhl. č. 148/2007 Sb.),parkování na pozemku,2,,nezaveden,,,samostatný,4,1 podlaží,,,"Prodej chaty, 75 m², ZábřehNabízíme k prodeji útulnou chatu o dispozici 4+1 v krásné části obce Dolní Bušínov. Tato nemovitost je ideální jak pro rekreační účely, tak pro trvalé bydlení. Součástí prodeje je i část lesa nad chatou, kde leží studna, která zásobuje chatu vodou. Při vstupu do jídelny či společenské místnosti máte výhled na zahradu i venkovní posezení. Kuchyň je průchozí do obývacího pokoje, ve kterém se nachází kamna pro vytápění radiátorů do každé místnosti. V jednom ze tří pokojů dominuje šikovně usazená sauna. Koupelna a toaleta jsou oddělené. Na pozemku se také nachází zastřešená garáž, možno využít i jako stodolu a zahradní domek v lese nad chatou pro uložení věcí. Sklep se nachází mimo hlavní konstrukci chaty a není její součástí, z něj může být vytvořen samostatný vinný sklípek. Chata se nachází v klidné lokalitě a její poloha zajišťuje klid, soukromí a přírodu. Stavba je ze smíšené konstrukce a je ve velmi dobrém stavu. Zajistíme nejvýhodnější financování. Budeme se těšit na prohlídku s Vámi",Prodej chaty/chalupy 75 m² s pozemkem 1 176 m²,,,,,dobrý stav,,,,lokální - tuhá paliva,,,https://reality.idnes.cz/detail/prodej/dum/zabreh/6835af638b8e81959e0aa3a6/,2,osobní,vlastní zdroj,,zařízený,,,,,,6835af638b8e81959e0aa3a6,e0205489f0f0ed667e5210fedc4f15ca47d011329ceeaf4e2a627a1ddcb14be8,IDNES-901375
,22 000 000 KčSpočítat hypotéku,21.04.2024,,230V,"50.018973,14.523828",N/A,,,2000,cihlová,,,klidná část,veřejná kanalizace,G (vyhl. č. 264/2020 Sb.),,2,2,,,,samostatný,5,3 podlaží,,1 podlaží,"Prodej 3. podl. RD 5+1/G/B, cihla, užit. pl. 247 m², zast. pl. 110 m², poz. 637 m², Milíčovský lesExkluzivní prodej precizně postavené, prostorné, slunné, cihlové a výborně dispozičně řešené 3. podlažní levé poloviny RD o dispozici 5+1 s jižní orientací a garáží pro 2 vozidla, o celkové užitné ploše 247 m², zastavěné ploše 110 m², stojící na pozemku o výměře 637 m², která se nachází v sousedství Milíčovského lesa, v oblíbené městské části Opatov – Kateřinky, ul. Formanská, s výbornou dostupností na metro C Opatov, do centra Prahy a na dálnici D1.V 1. NP přízemí se nachází prostorný obývací pokoj 39 m² s otevřeným krbem a vstupem na balkón, kompletně zařízená kuchyně 16 m² s jídelním koutem, samostatné WC, hala 10 m² se schodištěm 6 m², předsíň a zádveří. Ve 2. NP podkroví jsou 4 neprůchozí ložnice 18 m², 18 m², 15 m² a 11 m² s dostatečně vysokými bočními stěnami, koupelna s vanou, umyvadlem a WC, a spojovací chodba 9 m². V 1. PP suterénu je prostorná garáž 40 m² pro 2 vozidla, technické zázemí domu, sušárna a elektrická vestavná sauna – kamínka s možností závlahy, od firmy SAUNA TOP.RD je precizně postavený z bílých tvárnic plynosilikát 30 cm tloušťka zdi, plus perlit 8 cm a 11 cm cihla CDM, celkem tloušťka zdí 53 cm se skvělými tepelně a zvukově izolačními vlastnostmi. Střecha je z velmi kvalitní hliníkové krytiny zn. Alukryt. Plastová okna se šesti komorovým profilem se středovým těsněním a izolačními trojskly U=0,6. Na podlahách koberce a dlažba, schodišťové stupně z masivního dřeva, v domě je bezpečností zařízení. K ohřevu teplé užitkové vody slouží el. bojler o objemu 200 l, k vytápění akumulačně ohřívaná voda v nádrži s tělesem o objemu 3.500 l = velmi nízké náklady.Inženýrské sítě - elektřina, obecní vodovod a studna, odpad sveden do kanalizace, plyn na hranici pozemku.Vhodné pro větší rodinu s dětmi, jako investice k dalšímu pronájmu, nebo i jako sídlo společnosti s dostatkem parkovacích míst na pozemku. V okolí kompletní občanská vybavenost, nedaleko NC Průhonice – Čestlice.",Prodej domu 247 m² s pozemkem 637 m²,beton,,,,dobrý stav,,,,ústřední - elektrické,,,https://reality.idnes.cz/detail/prodej/dum/praha-11-formanska/6625e1d1df43776f0c0aa669/,2,,,,nezařízený,,,,2,,6625e1d1df43776f0c0aa669,fe0983ccfd26d176f8d919b7e3677e70953e83ba11db67a7aab90b28c2c5e0c3,IDNES-205-NP10192
,6 750 000 KčSpočítat hypotéku,18.01.2025,,230V,"50.136613,13.986246",N/A,,,1960,smíšená,,,klidná část,veřejná kanalizace,G (vyhl. č. 264/2020 Sb.),,2,2,,,,samostatný,5,2 podlaží,,,"Prodej RD 5+1 s přístavkem a půdou, užitná pl. 180 m², zast. pl. 147 m², pozemek 498 m², TuchloviceProdej částečně podsklepeného RD o dispozici 5+1, užitné ploše 125 m², zastavěné ploše 88 m², s přístavkem se 3 místnostmi a půdou, o užitné ploše 96 m², zastavěné ploše 60 m², uzavřeným dvorem 125 m² a zahradou 225 m², stojícího na pozemcích o celkové výměře 498 m² v klidné části obce Tuchlovice, nedaleko centrálního náměstí.V 1. NP je obývací pokoj 20 m² se vstupem na zahradu, kuchyně s jídelním koutem 16 m², ložnice 12 m², chodba 6,5 m² se širokým schodištěm a koupelna 5 m² se zděným sprchovým koutem, umyvadlem, WC, prostorem pro pračku a sušičku, plynovým kotlem a bojlerem. Ve 2. NP jsou 3 ložnice 23 m², 20 m² a 13,50 m² a veranda 8,50 m², která má, stejně tak i přilehlý pokoj, zavedený vodovod a odpad. Z verandy tak může být koupelna, případně kuchyně, pro 2. NP.Přístavek má 2 vchody, 3 průchozí místnosti 18 m², 18 m² a 12 m², aktuálně slouží jako dílna a sklady, a prostornou půdu 48 m². Dům je vhodný pro vícečlennou/generační rodinu, případně pro spojení bydlení a podnikání, z přístavku je samostatný přístup přes zahradu. Uvedené výměry, kromě celkové plochy pozemků a místností v RD, jsou přibližné.Na střechách jsou nové tašky Betonpres a Bramac, plechové okapy, okna jsou plastová. Solární panely slouží k ohřevu teplé vody, přebytečná energie se ukládá do baterií a následně používá k provozu elektrospotřebičů v domácnosti. Severní stěna stavby je zateplena minerální vatou 10 cm. RD je napojený na elektřinu, obecní vodovod (plus studna), veřejnou kanalizaci a dálkový plyn (teplá voda a vytápění), do přístavku je přivedena elektřina.Obec Tuchlovice se nachází v sousedství CHKO Křivoklátsko a Lánské obory. V obci jsou lékaři, lékárna, MŠ, 9. letá ZŠ, plavecký bazén, TJ, prodejny potravin, restaurace, pošta, v okolí cyklostezky. Výborné autobusové spojení na metro B Zličín a OC METROPOLE Zličín, autem 15 minut po D6 a 10 minut do Kladna, nebo přes Stochov k Nemocnici Motol.Další informace, vč. sjednání termínu prohlídky, získáte u makléře zakázky.",Prodej domu 125 m² s pozemkem 498 m²,asfalt,,,,dobrý stav,,,,,,,https://reality.idnes.cz/detail/prodej/dum/tuchlovice-na-strazi-ii/678be593ae2684be6e01fb2a/,2,,,,zařízený,,,,2,,678be593ae2684be6e01fb2a,0b1a49a755051c69c23638130217bc478fd2c00a7f43b08c08b9db2ee1c09fb1,IDNES-205-NP11015
,8 390 000 KčSpočítat hypotéku,01.05.2025,,230V,"49.202361,16.659466",N/A,,,,panelová,,klidná část,,,C (vyhl. č. 264/2020 Sb.),,,,,8. patro (9. NP),,,,,9 podlaží,,"Prodej bytu 4+1, 81 m², + lodžie, + sklep, Brno, ul BořetickáNabízím k prodeji velmi hezký, účelně částečně rekonstruovaný (kuchyně, koupelna) byt v osobním vlastnictví, s nádherným výhledem na Brno i dál, na Pálavu. Dispozičně 4+1 (81 m²), velká koupelna, zasklená lodžie (5 m²), sklepní kóje (2 m²). Zateplený dům bez zjevných vad, s chráněným vstupem dvěma dveřmi, osazen kvalitním výtahem. Optický internet dostupný.V prostorném bytě naleznete pohodové bydlení v klidné části města.Byt byl dlouhé roky užíván slušnými majiteli, kteří nyní, po ukončení aktivního pracovního života, tráví další životní etapu mimo Brno.Vážní zájemci, kontaktujte mne prosím pro bližší informace či případnou prohlídku..",Prodej bytu 4+1 81 m²,,,,,,dobrý stav,,,,,,https://reality.idnes.cz/detail/prodej/byt/brno-boreticka/67fe8e0a550df290f503c614/,2,osobní,,částečně zařízený,,,,,,,67fe8e0a550df290f503c614,0c87181533ba65621ab93591cd0897ede7076b85890a0d0ce4782e83d5c32505,IDNES-309-NP00409
,5 900 000 KčSpočítat hypotéku,01.11.2024,,,"49.201671,16.619438",N/A,,,,smíšená,,centrum,,,C (vyhl. č. 264/2020 Sb.),,,,,3. patro (4. NP),,,,,4 podlaží,,"Prodej krásného mezonetového bytuNabízím Vám ke klidnému žití moc hezký mezonetový byt, čerstvě vymalovaný profesionálním malířem. Byt je v klidném, udržovaném a velmi čistém, zatepleném domě v trvale vzkvétající lokalitě ul. Francouzská. Dispozičně 1+1+ galerie. Cenově velmi přijatelná koupě.Nad obývací částí byt disponuje větším prostorem např pro spánek nebo pracovnu (přiloženy tipy - VIZUALIZACE). Byt má kompletně vybavenou kuchyni vč el. spotřebičů - trouba, varná deska, digestoř, v ""technické místnosti"" pak pračka a sušička (mohou - nemusí zde zůstat). Byt je nyní v družstevním vlastnictví, nicméně s plně splacenou anuitou a byl podán návrh na převod bytu do osobního vlastnictví. Byt bude předán vyklizený od nábytku. Nachází se v třetím patře (4 NP) bez výtahu.Pouze jeden další byt na chodbě - velmi slušný soused (člen vedení SVJ). Možnost využití lodžie s krásným výhledem na město.Dole sklepní kóje, lehce přes 2 m².Parkování vedle domu na parkovišti, na ulici zóna ""C"".Dům je zateplený, dle PENB dokumentu třída ""C"".S případným financováním rád pomohu, znám možnosti.Tak se pojďte podívat, na tento vyjímečný byt, jste li vážný zájemce. Byt je připravený k okamžitému nastěhování.",Prodej bytu atypického 79 m²,,,,,,dobrý stav,,,,,,https://reality.idnes.cz/detail/prodej/byt/brno-francouzska/67691724729592a7870599f4/,2,družstevní,,nezařízený,,,,,,,67691724729592a7870599f4,f7042cdfa84be79aa58c6f309906be9375f95d45390e82e46d223529e4994f9a,IDNES-309-NP00360
,2 900 000 KčSpočítat hypotéku,12.05.2025,,230V,"49.483755,16.757455",N/A,,,,smíšená,,,klidná část,,G (vyhl. č. 264/2020 Sb.),,2,,,,,samostatný,3,1 podlaží,,,"Prodej pěkné chaty - rekreační oblast SuchýChata připravena na sezonu. Nabízím k prodeji hezkou chatu ve vyhlášené rekreační oblasti Suchý, kousek od Boskovic. Objekt prošel kvalitní opravou střechy (krytina od známého prémiového norského výrobce). Chata stavěna z finských materiálů. Betonová základová deska pod chatou.Chata stojí na pozemku Lesy ČR, v rekreační oblasti Obce Suchý, ideálních cca 80 metrů od pláže, v klidném, částečně zalesněném prostoru.Pobyt zde nabízí celoročně soukromí, pohodu, útulné žití na vymezeném pozemku obce. Bezproblémový přístup, voda ""městská"" i vlastní studniční, elektřina rozvedena po objektu.Majitel, po dlouhých letech spokojeného užívání, nabízí podobné prožití klidu, odpočinku následným zájemcům. Koupání, letní zábava, kola, rybaření, houbaření, špekáčky - prostě vše, co od chaty očekáváte.Zůstává zde část vybavení, co je/bude potřebné pro další užívání či případnou drobnou údržbu chaty a pozemku.Prodávající si vyhrazuje právo vybrat kupujícího na základě jím zvolených kritérií.Pojďme se tam podívat osobně.",Prodej chaty/chalupy 60 m² s pozemkem 239 m²,,,,,dobrý stav,,,,,,,https://reality.idnes.cz/detail/prodej/dum/velenov/681878ac6cf070797302d997/,2,,,,zařízený,,,,2,,681878ac6cf070797302d997,625eca950595ea52a9617dc79f25a64089f14b252f8007238804fac356f487e3,IDNES-309-NP00415
,28 880 000 KčSpočítat hypotéku,01.11.2025,,,"50.0301044444,15.7666730556",N/A,,,,cihlová,,,,,G (vyhl. č. 78/2013 Sb.),,,,,,2. patro (3. NP),,,3,,,"Prodej komerční, 740 m², PardubiceV RájiExkluzivní investiční příležitost pro Vaše podnikání. Prodej komerční nemovitosti o podlahové ploše cca 740m² v ulici V Ráji nedaleko centra Pardubic. Jedná se o třípatrový dům aktuálně využívaný jako kancelářské prostory a laboratoře, avšak nabízí nepřeberné množství využití dle Vašich představ. Velkou výhodou je možnost parkování za domem pro cca 10 automobilů. Pokud Vás tato nemovitost zaujala, neváhejte si domluvit osobní návštěvu. Rád Vás domem provedu a zodpovím všechny Vaše dotazy. Těším se na viděnou.",Prodej obchodních prostor 740 m²,,,,,dobrý stav,,,,,,obchodní prostory,https://reality.idnes.cz/detail/prodej/komercni-nemovitost/pardubice-v-raji/6836eca8d5f17e9e69028e6c/,2,osobní,,,,,,,,,6836eca8d5f17e9e69028e6c,5acdb536a6e00dff9c49be1a9ac56d6302c161a14ecb24c7113c2faef4d9f9cb,IDNES-72300
,4 927 480 KčSpočítat hypotéku,26.08.2024,,,"49.279895,17.00931",N/A,,,1945,smíšená,,,centrum,veřejná kanalizace,G (vyhl. č. 264/2020 Sb.),,2,,,,,rohový,3,2 podlaží,,,"Prodej RD 3+1 ve VyškověVe výhradním zastoupení majitele nabízíme k prodeji RD 3+1 na ulici Kroměřížské ve Vyškově.Jedná se o rohový dům v řadové zástavbě nedaleko centra Vyškova. Dům je přízemní se sedlovou střechou, částečně zrekonstruovaný.Do domu vstupujeme vchodovými dveřmi z pravé strany, chodbičkou vstoupíme do kuchyně (3,30x3,30m²), obývacího pokoje (3,90x5,20m²) a ložnice (5,20x3,90m²). V přízemí se dále nachází koupelna s WC a navazuje vchod do garáže a na zastřešenou terasu, s posezením a menším dvorkem . V podkroví je zrekonstruovaný pokoj (5,40x3,90) a zbytek je půda, která skýtá možnosti dobudování případného dalšího obytného prostoru.Dům je napojen na městskou kanalizaci a vodovod, energie a plyn.Vzhledem k tomu, že se dům nachází ve velmi atraktivní lokalitě blízko centra Vyškova a je hned k nastěhování , skýtá možnost pohodlného bydlení pro mladou rodinu i pro starší osoby (škola, školka. park, krytý bazén,Máte-li zájem o další informace a prohlídku neváhejte mne kontaktovat, ráda Vás provedu.Nabízíme zdarma finanční poradenství a pomůžeme Vám rádi s vyřízením možnosti čerpání dotací Zelená s úsporami.",Prodej domu 130 m² s pozemkem 144 m²,,,,,dobrý stav,,,,,,,https://reality.idnes.cz/detail/prodej/dum/vyskov-kromerizska/67cc080764b68d27d20535b0/,2,,,,nezařízený,,,,2,,67cc080764b68d27d20535b0,8cc796d1f15e786f893836ec0004cd3aa916393dd39c418c0e1696bcdf6b8dc2,IDNES-058-NP04171
,3 895 000 KčSpočítat hypotéku,,,,N/A,N/A,,,,,,,,,,,2,,,,,,,,,,"Prodej stavebního pozemku BavoryněDumrealit. cz Vám zprostředkuje prodej stavebního pozemku o celkové výměře 851 m v obci Bavoryně. Bavoryně se nachází 29 km od hlavního města. Dostupnost je cca 30 minut. Město Zdice je vzdálené 2km a disponuje veškerou občanskou vybaveností včetně základní 9. leté školy. Pozemek je připraven na realizaci Vašeho vysněného bydlení. V horizontu několika let je plánována přípojka kanalizace. V současné chvíli je zde možnost připojení elektrřiny, plynu a vodovodu. Přístup k pozemku je v tuto chvíli po nezpevněné cestě, která navazuje na hlavní silnici. Pozemek disponuje nádherným výhledem do krajiny. Okresní město Beroun je vzdáleno pouhých 9 km a podobně jako Zdice i zde nechybí vše, co potřebujete k pohodlnému životu. Berounsko je volbou pro svojí vzdálenost k Praze a nepřeberného množství sportovního a kulturního vyžití. V případě zájmu o prohlídku nás neváhejte kontaktovat Ev. číslo: 650526.",Prodej stavebního pozemku 851 m²,,,,,,,,,,,,https://reality.idnes.cz/detail/prodej/pozemek/bavoryne/67dadb00fa1750a3c20b5164/,,osobní,,,,,,,,,67dadb00fa1750a3c20b5164,8cd65451a3cc05bc76f3cfddd6e2c03d0789a4915d691ea71e2fe8665668e209,IDNES-650526
,13 890 000 KčSpočítat hypotéku,,,,"50.2708882,14.3306087",N/A,,,,cihlová,,,,,G (vyhl. č. 264/2020 Sb.),,2,,,,,samostatný,,,,,"Prodej pozemku s výstavbou moderního RD, VeltrusyDumrealit. cz Vám zprostředkuje prodej moderně řešeného rodinného domu o dispozici 5+kk a užitné ploše 191 m.Jedná se o výstavbu domu, která započne nejpozději do 5 měsíců a dokončení je naplánováno do poloviny roku 2023.Tvar domu vychází z běžné venkovské zástavby. Minimalistické řešení, sedlová střecha, radius, který rajišťuje průjezd do dvora a slouží jako prakovací stání a zároveň zajímavý estetický prvek.Přízemí domu tvoří velkorysá hala s průhledem do zahrady a obývací část domu s technikým a hygienickým zázemím a malou pracovnou. Společenská část je v nízké přístavbě a vstrupuje do zahrady. Velké prosklené plochy jsou dominantou tohoto prostoru.V patře jsou jednotlivé ložnice a hygienické zázemí. Ložnice jsou prosvětleny vikýři a francouzskými okny.Umístnění domu je v kliedné ulici, ve stávající zástavbě. Zahrada u domu bude poskytovat naprosté soukromí.Celý projekt je řešen moderními stavebními materiály a barvami.Bližší informace a nahlédnutí do projektu Vám rádi poskytneme. Ev. číslo: 638041.",Prodej domu 191 m² s pozemkem 500 m²,,,,,ve výstavbě,,,,,,,https://reality.idnes.cz/detail/prodej/dum/veltrusy-celakovskeho/683d82f99cb7061b24021a12/,2,osobní,,,nezařízený,,,,2,,683d82f99cb7061b24021a12,fd4ff8abc4a97952b41b02b094837620843f4c7fac2ce9f39295c83e4ceb442f,IDNES-638041
,2 990 000 KčSpočítat hypotéku,,,,N/A,N/A,,,,,,,,,,,2,,,,,,,,,,"Prodej pozemek Bydlení, 1907m², HrabováToužíte po bydlení v přírodě, ale nechcete se vzdát komfortu a dostupnosti města? V nové klidné lokalitě na okraji obce Hrabová nabízíme výjimečný stavební pozemek o rozloze úctyhodných 1907 m².Svažitý terén orientovaný na jihozápad zajistí dostatek slunečního světla po celý den a krásné výhledy do krajiny. Součástí pozemku je i kousek vlastního lesa, který zaručuje ničím nerušené soukromí.Pozemek je určen k výstavbě rodinného domu a je připraven k okamžitému využití – elektřina, vodovod i kanalizace vedou přímo na pozemku. Lokalita je ideální pro ty, kdo hledají harmonii mezi přírodou a moderním bydlením.Skvělá dopravní dostupnost: Zábřeh i Mohelnice jsou vzdálené pouhých 10–15 minut jízdy autem a nabízejí veškerou občanskou vybavenost – školy, školky, obchody, zdravotní péči i vlaková spojení.Máte zájem o prohlídku nebo potřebujete pomoc s financováním? Rádi se o vše postaráme – od prvního kroku až po realizaci vašeho vysněného domova.",Prodej stavebního pozemku 1 907 m²,,,,,,,,,,,,https://reality.idnes.cz/detail/prodej/pozemek/hrabova/681dc851b3d584b0d909e208/,,,,,,,,,,,681dc851b3d584b0d909e208,7afd52f05f07cdf317b46f7e5fb1a0adc4e028cffd0339c8dd7159d34c146287,IDNES-N111679
2,8 390 000 KčSpočítat hypotéku,,,,N/A,N/A,,,,cihlová,,,,,C (vyhl. č. 264/2020 Sb.),,,,,2. patro (3. NP),,,,,8 podlaží,,"Prostorný byt 3+1 po částečné rekonstrukciNabízíme prostorný a částečně zrekonstruovaný byt o dispozici 3+1 s užitnou plochou 76 m² v Brně na ulici Příční. Kromě velkorysého prostoru nabízí byt také balkon o ploše 3 m² a sklep o velikosti 2 m².Byt se nachází ve 2. NP z celkových 7 pater cihlového domu postaveného v roce 1930, který prošel částečnou revitalizací včetně zateplení a rozvodů elektřiny. I přes svůj historický původ je dům udržován v dobrém stavu a má moderní vzhled.Bytová jednotka se skládá z neprůchozích pokojů, které poskytují dostatek soukromí a flexibilitu při zařizování interiéru. Většina podlah je vybavena parketami, které přidávají příjemnou atmosféru, ale v některých místnostech najdete také linoleum a koberec. Koupelna je vybavena vanou a toaleta je oddělená. Okna jsou plastová cca 15 let a elektřina je původní v hliníku.Byt nabízí dostatek úložného prostoru. V ložnici se nachází velká vestavěná skříň a v předsíni jsou další skříně, které pomáhají udržovat prostor čistý a organizovaný. Orientace je na jihozápad, což zajišťujedostatek přirozeného světla a slunečního tepla během dne. Vytápění a ohřev TUV je zajištěno dálkově z tepláren.Náklady na bydlení pro 2 osoby činí 6.354 Kč + elektřina 1.400 Kč a plyn 200 Kč. Co se týče internetu, na této adrese je připojení pevné sítě s rychlostí až 210 Mb/s.Dům, ve kterém se byt nachází, má také zadní vchod a výhodnou polohu v těsné blízkosti centra Brna. To znamená, že obyvatelé mají snadný přístup k veškeré potřebné občanské vybavenosti.V okolí domu se nachází obchodní centrum IBC, které nabízí široký výběr obchodů a služeb. V blízkosti lze také nalézt parky jako je nově modernizované Moravské náměstí a park Lužánky, které poskytují příjemné prostředí pro relaxaci a rekreaci. Kultura je také snadno dostupná díky nedalekému Janáčkovu divadlu.Místní veřejná doprava je dobře dostupná díky zastávce Náměstí 28. října přímo u domu, což usnadňuje cestování po městě. Pro parkování je k dispozici parkoviště za domem a před domem jsou modré zóny určené pro rezidenty.Byt je k nastěhování po domluvě s majiteli.",Prodej bytu 3+1 76 m²,,,103 kWh,,,po rekonstrukci,,,,,,https://reality.idnes.cz/detail/prodej/byt/brno-pricni/67fd13c33535b1d0ab0596d8/,2,osobní,,,,,,,,,67fd13c33535b1d0ab0596d8,64967f0bd5fe313e94352d0fa46fa0ae64d2cb49e01e4ee37c9798ae602960ca,IDNES-953942
,4 581 000 KčSpočítat hypotéku,,,,"25.0761872344,55.2253658359",N/A,,,,cihlová,,,,,G (vyhl. č. 78/2013 Sb.),,,,,,,,,,,,"Prodej byt 1+kk, 40m², Al Barsha, Al Barsha South 2Beverly Grande v Dubai Motor City představuje novou dimenzi bydlení, kde se futuristický design snoubí s harmonií přírody a neomezenými možnostmi pro váš osobní růst.Tento projekt byl stvořen s vizí propojení prostoru, světla a pohybu, což se odráží v každém detailu – od velkorysých dispozic s panoramatickými okny, jež stírají hranice mezi interiérem a okolním světem, až po organickou architekturu podporující volnost a proudění energie. Interiéry s vysokými stropy a flexibilními prostory jsou promyšleně navrženy pro moderní životní styl, doplněné inteligentními technologiemi G Smart Home pro maximální komfort a efektivitu. Beverly Grande nabízí celkem 296 jednotek, od studií po třípokojové apartmány, každý navržený s důrazem na funkčnost a estetiku.Výjimečný standard bydlení podtrhuje široká škála pečlivě navržených komunitních a relaxačních zón. Představte si odpočinek v Inner Water Beach Lounge evokující atmosféru pláže, regeneraci v Indoor Wellness Center, večerní promítání v Outdoor Cinema či sportovní vyžití na Padel Court. Pro chvíle klidu je připravena The Mind Garden Zone nebo Sunset Meditation Terrace. Nezapomíná se ani na rodiny, pro které jsou k dispozici Outdoor Kids Zone a Kids Pool Zone, zatímco Poolside Retreat Zone poskytuje dokonalou relaxaci u hlavního bazénu.Beverly Grande není jen rezidenčním projektem; je to prostředí, které inspiruje k naplnění osobních i profesních cílů a podporuje životní styl bez kompromisů. Je to domov pro ty, kdo touží po větším prostoru, širších možnostech a plnějším životě, kde vaše ambice nejsou omezovány a inspirace má volný průchod.",Prodej bytu 1+kk 40 m²,,,,,projekt,projekt,,,,,,https://reality.idnes.cz/detail/prodej/byt/al-barsha/683d82ce0ab7b051020e4907/,2,osobní,,nezařízený,,,,,,,683d82ce0ab7b051020e4907,9022a6bc5a22be6390851470caa01f511ff4eb6746d36931befbaff24c0892e6,IDNES-N112113
,4 990 000 KčSpočítat hypotéku,02.06.2025,,230V,N/A,N/A,,,1945,cihlová,,,,veřejná kanalizace,G (vyhl. č. 264/2020 Sb.),,2,,,,,samostatný,3,2 podlaží,,,"Prodej rodinného domu ve Velkých HeralticíchNabízím k prodeji prostorný rodinný dům ve Velkých Heralticích, v obci s výbornou dostupností do Opavy. Jedná se o cihlový dům po zdařilé kompletní vnitřní rekonstrukci, která byla dokončena v roce 2024.Aktuální dispozice domu je 3+1 s obytnou plochou 155 m², přičemž díky prostornému podkroví lze snadno rozšířit o další dvě místnosti. Dům disponuje sprchovým koutem, vanou a dvěma oddělenými toaletami, což výrazně zvyšuje komfort bydlení. Kromě toho nabízí také dostatek úložných prostor a prostorné šatny, které ocení každá domácnost. Nemovitost je dvoupodlažní a téměř celá podsklepená.Vytápění zajišťuje plynový kotel, voda i kanalizace jsou napojeny na obecní řad. Jsou zde instalována plastová okna. Exteriér domu je v původním stavu, nicméně plně funkční. Případné zateplení a nová fasáda je snadno realizovatelná – krytina na novou střechu je již připravena a zůstává na pozemku pro nového majitele.Pozemek má ideální výměru 772 m², což nabízí dostatek prostoru pro relaxaci, zahradničení nebo dětské hry – aniž byste museli trávit hodiny sekáním trávy.Dům je ihned obyvatelný, bez nutnosti dalších investic. Rádi vám pomůžeme zajistit i výhodné financování prostřednictvím našeho hypotečního specialisty.",Prodej domu 155 m² s pozemkem 772 m²,asfalt,,,,dobrý stav,,,,,,,https://reality.idnes.cz/detail/prodej/dum/velke-heraltice-opavska/683d82b59e5a41b83b0bcbba/,2,,,,nezařízený,,,,2,,683d82b59e5a41b83b0bcbba,1e854366eeba526e5f541bd5d54db733ecb61d5605f71c6e47482fc4a54fc22d,IDNES-1466
,5 750 000 KčSpočítat hypotéku,,,,"49.20988,15.86092",N/A,,,,cihlová,,,,,C (vyhl. č. 264/2020 Sb.),,,,,1. patro (2. NP),,,,,,,"Prodej bytu 3+kkPředstavte si domov, kde je klid, světlo a prostor jen pro vásNa slunném pozemku v ulici Pražská, přímo v srdci třebíčské čtvrti Borovina, vznikl dům, který propojuje moderní pohodlí s jistotou kvalitního zázemí. Čisté linie, promyšlená rekonstrukce a místo, kde se žije snadno a příjemně – od prvního dne.Baťovský dům na adrese Pražská 55 prošel kompletní modernizací, která přináší nejen výraznou úsporu energií, ale i maximální komfort. Vzduch je tu čerstvý po celý den díky rekuperaci, stěny drží teplo díky kvalitnímu zateplení, a střecha i sklep byly ošetřeny tak, aby chránily domov po desetiletí.Dům má vlastní vstup, zahradu, sklep, parkovací místo a je napojen na všechny inženýrské sítě. Vše bylo zrekonstruováno s ohledem na úsporu, bezpečí a pohodlí – technicky i esteticky.- Klíčové výhody- Dům po precizní rekonstrukci (2025)- Energetická třída C- Rekuperace vzduchu ve všech obytných místnostech- Vysokorychlostní internet- Nové rozvody, elektroinstalace, odpady i přípojky- Zahrada s místem k posezení- Parkování přímo u domu- Sklep 31 m², obytná plocha 76 m²O lokalitěBorovina – tradiční a klidná čtvrť Třebíče, kde najdete vše, co ke každodennímu životu potřebujete. Školka, škola, obchody, lékárna, MHD i vlak jsou v docházkové vzdálenosti. Lokalita má městský charakter s dotekem přírody – v okolí najdete lesy, stezky i klidná místa na procházky. A do budoucna? Díky plánovanému obchvatu se z ulice Pražská stane lokalita s výrazně nižší dopravní zátěží.- Certifikované měření radonu s pozitivním výsledkem- Připraven projekt na parkování a příjezdovou cestu- Veškeré inženýrské sítě: voda, elektřina, plyn- Vytápění: plynový kondenzační kotel- Měsíční provozní náklady: cca 2 500 Kč- Pozemek: prosluněný, s možností dalšího rozvoje❤️ Tento dům není jen o bydlení. Je o prostoru pro každodenní klid, kvalitu a jednoduchost. O místě, kde se dobře dýchá, dobře bydlí a kde všechno dává smysl – od prvního dne.Domluvte si prohlídku a nechte se okouzlit atmosférou, která se nedá popsat – tu musíte zažít na vlastní kůži.Možnost videoprohlídky přes Messenger, WhatsApp nebo Telegram",Prodej bytu 3+kk 76 m²,,,,,po rekonstrukci,po rekonstrukci,,,ústřední - plynové,,,https://reality.idnes.cz/detail/prodej/byt/trebic-prazska/683d829d42ef8ca55207bba9/,2,osobní,,částečně zařízený,,,,,,,683d829d42ef8ca55207bba9,8744b10ce0d67429da8c7b14f9fc5f4801161c60ad9bdc22e57f66250b9774b2,IDNES-2
,2 752 050 KčSpočítat hypotéku,,,,N/A,N/A,,,,cihlová,,,samota,,G (vyhl. č. 148/2007 Sb.),parkování na pozemku,2,,,,,samostatný,5,2 podlaží,,1 podlaží,"Prodej chaty, 176 m², Mlýnská, KrasliceUvolněte se ve vlastním, klidném útočišti v srdci krásné přírody. Nabízíme vám k prodeji chatu o rozloze 176 m², situovanou v malebné lokalitě Kraslice, Mlýnská, obklopenou vzácnou krásou lesů a čisté přírody.Tato chata nabízí útočiště od běžného života - místo, kde můžete odpočívat, relaxovat a opětovně nalézt svůj vnitřní klid. Ať už hledáte místo pro dlouhé procházky, pročištění mysli nebo jen chcete strávit čas v klidu a tichu, tak je tato chata ideální volbou.Chata je v dobrém stavu a nabízí možnost předělání podle vašich představ a potřeb. Máte tak jedinečnou šanci vytvořit svůj vysněný únik přesně podle svých představ.Navzdory své polosamotě je chata blízko města Kraslice, kde naleznete veškerou občanskou vybavenost - obchody, restaurace, školy a mnoho dalšího. Budete tak mít vše potřebné na dosah ruky, aniž byste museli obětovat klid a ticho svého venkovského útočiště.Nenechte si ujít tuto jedinečnou nabídku a ozvěte se již dnes.",Prodej chaty/chalupy 176 m² s pozemkem 298 m²,,,,,dobrý stav,,,,,,,https://reality.idnes.cz/detail/prodej/dum/kraslice/64c2279d434ea4eae60d124c/,2,osobní,jiný zdroj,,částečně zařízený,,,,,,64c2279d434ea4eae60d124c,2e8ded92d0888fbfc2f378657432dac63e9ae0dc1e4bf03001773ac814f1a8e5,IDNES-842978
,5 700 000 KčSpočítat hypotéku,,,,"50.2708882,14.3306087",N/A,,,,,,,,,,,2,,,,,,,,,,"Prodej pozemku s projektem na RD, VeltrusyDumrealit. cz Vám zprostředkuje prodej stavebního pozemku s projektem a stavebním povolením na výstavbu RD ve Veltrusech. Pozemek má plochu 500m a nachází se ve starší zástavbě nedaleko centra obce. Klidná ulice s rodinnými domky nedaleko nákupních možností i známého Veltruského zámku s rozlehlým parkem, zajistí příjemné klidné bydlení s veškerou občanskou vybaveností na dosah.Cena pozemku zahrnuje projekt na na velmi vkusný a moderní rodinný dům se stavebním povolením. Projekt je zpracován renomovanou architektonickou společností ateliér DESTYL. Vyznačuje se mimořádně dobře promyšlenými prvky, designovými detaily jak v interiéru, tak v exteriéru. Například zajímavým vjezdem do domu z úzké ulice. Projekt je promyšlen naprosto precizně s ohledem na možnosti pozemku, světové strany, úzkou ulici a v neposlední řadě potřeby mladé moderní rodiny. Prosklené plochy, nabízející výhled do zahrady jsou samozřejmostí. Soukromí rodičů je zajištěno ložnicí s vlastním sociálním zařízením, v přízemí je technická místnost, která je šachtami propojena s patrem tak, aby hospodyně nemusela běhat po celém domě se špinavým prádlem. Veškeré detaily projektu nelze ve skratce popsat, mohu je poskytnout elektronicky.Na pozemek jsou přivedeny veškeré sítě. Pokud byste měli zájem o podrobnější informace o pozemku a projektu, případně o přibližných nákladech za zhotovení domu, neváhejte mne kontaktovat. Majitel je v programu dotovaná hypotéka. Bližší informace Vám rádi poskytneme. Ev. číslo: 637384.",Prodej stavebního pozemku 500 m²,,,,,,,,,,,,https://reality.idnes.cz/detail/prodej/pozemek/veltrusy-celakovskeho/683d8260900d4e3a140e3e75/,,osobní,,,,,,,,,683d8260900d4e3a140e3e75,38efa7d4c0a249276ff99b54e84761576b1e64d6dac9ddc181966aed913bd18a,IDNES-637384
2,8 390 000 KčSpočítat hypotéku,,,,N/A,N/A,,,,cihlová,,,,,C (vyhl. č. 264/2020 Sb.),,,,,2. patro (3. NP),,,,,8 podlaží,,"Prostorný byt 2,5 +1 po částečné rekonstrukciNabízíme prostorný a částečně zrekonstruovaný byt o dispozici 2,5+1 s užitnou plochou 76 m² v Brně na ulici Příční. Kromě velkorysého prostoru nabízí byt také balkon o ploše 3 m² a sklep o velikosti 2 m².Byt se nachází ve 2. NP z celkových 7 pater cihlového domu postaveného v roce 1930, který prošel částečnou revitalizací včetně zateplení a rozvodů elektřiny. I přes svůj historický původ je dům udržován v dobrém stavu a má moderní vzhled.Bytová jednotka se skládá z neprůchozích pokojů, které poskytují dostatek soukromí a flexibilitu při zařizování interiéru. Většina podlah je vybavena parketami, které přidávají příjemnou atmosféru, ale v některých místnostech najdete také linoleum a koberec. Koupelna je vybavena vanou a toaleta je oddělená. Okna jsou plastová cca 15 let a elektřina je původní v hliníku.Byt nabízí dostatek úložného prostoru. V ložnici se nachází velká vestavěná skříň a v předsíni jsou další skříně, které pomáhají udržovat prostor čistý a organizovaný. Orientace je na jihozápad, což zajišťujedostatek přirozeného světla a slunečního tepla během dne. Vytápění a ohřev TUV je zajištěno dálkově z tepláren.Náklady na bydlení pro 2 osoby činí 6.354 Kč + elektřina 1.400 Kč a plyn 200 Kč. Co se týče internetu, na této adrese je připojení pevné sítě s rychlostí až 210 Mb/s.Dům, ve kterém se byt nachází, má také zadní vchod a výhodnou polohu v těsné blízkosti centra Brna. To znamená, že obyvatelé mají snadný přístup k veškeré potřebné občanské vybavenosti.V okolí domu se nachází obchodní centrum IBC, které nabízí široký výběr obchodů a služeb. V blízkosti lze také nalézt parky jako je nově modernizované Moravské náměstí a park Lužánky, které poskytují příjemné prostředí pro relaxaci a rekreaci. Kultura je také snadno dostupná díky nedalekému Janáčkovu divadlu.Místní veřejná doprava je dobře dostupná díky zastávce Náměstí 28. října přímo u domu, což usnadňuje cestování po městě. Pro parkování je k dispozici parkoviště za domem a před domem jsou modré zóny určené pro rezidenty.Byt je k nastěhování po domluvě s majiteli.",Prodej bytu 2+1 76 m²,,,103 kWh,,,po rekonstrukci,,,,,,https://reality.idnes.cz/detail/prodej/byt/brno-pricni/682ee639da1afcd08f02c83b/,2,osobní,,,,,,,,,682ee639da1afcd08f02c83b,caeee3bba37c50afe24b32e4df1f794a2d14a472f77eac26c3108ca26ab96dc5,IDNES-955416
,6 200 000 KčSpočítat hypotéku,,,,"50.107449,15.607876",N/A,,,1990,smíšená,,,klidná část,veřejná kanalizace,G (vyhl. č. 264/2020 Sb.),,2,,,,,samostatný,5,2 podlaží,,,"Rohovládova Bělá, prodej RD 8+1 s terasou, na pozemku 795 m², okr. Pardubice.Nabízíme k prodeji rodinný dům 8+1, s podlahovou plochou 165 m²+ terasa v 1. patře 45 m², na pozemku o výměře 795 m², v obci Rohovládova Bělá, okres Pardubice.Tento patrový dům má zastavěnou plochu 107 m² a je určený k rekonstrukci. Dům vyžaduje rekonstrukci střechy. Před 7 lety dělaná lepenka, ale do domu zatéká (viz fotografie).Dům byl v posledních letech využívám k rodinnému bydlení a kancelářské činnosti sídla firmy.Dispozice domu přízemí: zádveří, zasedací místnost s kuchyňským koutem, pokoj 1 se vstupem na zahradu a schody do patra, pokoj 2, 2x samostatné WC, spíž, technická místnost s bojlerem a elektrokotlem. Dispozice domu 1. patro: spojovací chodba, koupelna s vanou, 3x pokoj, obývací pokoj s krbem a vstupem na terasu, jídelna se vstupem na terasu (zde příprava pro kuchyňskou linku). Terasa v patře propojena jídelna- obývací pokoj.Vytápění domu zajišťuje elektrokotel a krb, ohřev teplé vody bojlerem.Možnost připojení na plyn, přípojka na pozemku. Na pozemku se nachází přepadová jímka, která je napojena do kanalizace. Dům je napojen na vodu ze studny. Přípojka vody z vodovodního řadu na hranici pozemku.V obci se nachází veškerá občanská vybavenost: lékárna, praktický a dětský lékař, rehabilitace, pošta, základní a mateřská škola, obchody, služby, koupaliště, sportovní a dětské hřiště. Dobré autobusové spojení do Pardubic.Dva nájezdy na dálnici D11 ve vzdálenosti 5 km (Dobřenice) a 8 km (Chýšť).",Prodej domu 165 m² s pozemkem 795 m²,,,,,před rekonstrukcí,,,,,,,https://reality.idnes.cz/detail/prodej/dum/rohovladova-bela/67fd2945f1d9a9748f0f71a4/,2,,,,nezařízený,,,,2,,67fd2945f1d9a9748f0f71a4,68595323e5a0fef9883906da417cca12b614fdca765bd702741d54969757c1aa,IDNES-3857
,11 990 000 KčSpočítat hypotéku,,,230V,"49.9116938363,14.6374904296",N/A,,,2023,cihlová,,,klidná část,veřejná kanalizace,C (vyhl. č. 78/2013 Sb.),parkování na ulici,2,2,zaveden,,,v bloku,,,,,"Prodej rodinného domu 139,37 m², pozemek 388 m²Společnost „Am House“ si dovoluje nabídnout k prodeji rodinný dům 4+kk o celkové ploše 139,37 m², na unikátním pozemku 387,82 m², který se nachází ve Velké Popovice - Brtnice. Předmětem prodeje je polovina dvojdomu.Interiérové dveře budou dodány do konce dubna 2025.Domy jsou již dokončené, ihned k nastěhování.Každý dům má 2x venkovní parkovací stání. V přízemí za vstupem do domu je prostorná chodba (20,41 m²), dále je zde koupelna s WC, technická místnost(5,17 m²), z chodby vejdete do velkorysého obývacího pokoje s přípravou pro kuchyňský kout, o velikosti 32,87 m². Z obývacího pokoje a kuchyně dostanete do zahrady.Ve 2NP domu je větší ložnice o rozměru 20,44 m², a další 2 pokoje 17 a 19 m². Současně jsou koupelna s WC.V ceně domu je plynový kotel s podlahovým vytápěním, Izolační trojskla, vstupní a interiérové dveře, zařizovací předměty koupelen, dlažby, obklady a podlahy všech místností. Z inženýrských sítí je připojen obecní vodovod, kanalizace a elektřina.Poblíž najdete přírodní park Velkopopovicko, a je tu veškerá potřebná občanská vybavenost - školka, škola, obchod, pošta, restaurace. V Praze jste autem za 15 min, autobusová stanice je 150m od domu.Pro více informací ohledně nemovitostí nebo domluvení prohlídky domu nás neváhejte kontaktovat. Rádi se Vám budeme věnovat.",Prodej domu 139 m² s pozemkem 388 m²,,,77 kWh,,novostavba,,,,,,,https://reality.idnes.cz/detail/prodej/dum/velke-popovice/67ebea04bb9d7613f00319e8/,2,,veřejný,,,,,,,,67ebea04bb9d7613f00319e8,eddf257439a5724cb8c2fd6b4decdf6d6f06cc0bd593b59c0d97dd67cb6c760e,IDNES-01544
,9 199 000 KčSpočítat hypotéku,,,,"50.0422638889,15.7830194444",N/A,,,,cihlová,,,,,G (vyhl. č. 78/2013 Sb.),,2,2,,,,řadový,,,,,"Prodej Rodinný dům, 119m², Pardubice, Pardubice I, Bílé PředměstíNabízíme k prodeji rodinný dům v exkluzivní lokalitě samotného centra Pardubic, konkrétně na ulici Na Ležánkách, v těsné blízkosti historických Gočárových Automatických mlýnů. Tento dům se nachází na pozemku o celkové výměře 628 m² a je rozdělen na dvě bytové jednotky.Každá bytová jednotka má svůj samostatný vchod, chodbu, dvě obytné místnosti, koupelnu, toaletu a kuchyň, což nabízí ideální možnost pro rodinné bydlení nebo investici na pronájem. Díky skvělé lokalitě je v okolí veškerá občanská vybavenost a výborná dostupnost veřejné dopravy, což zajišťuje pohodlné a komfortní bydlení.Dům je vhodný i pro rekonstrukci podle vlastních představ, čímž nabízí široké možnosti přizpůsobení. Lze využít půdní prostor pro další jednotky. Tato nemovitost je skvělou příležitostí pro ty, kteří hledají bydlení v prestižní části města s možností přizpůsobení podle svých potřeb.",Prodej domu 119 m² s pozemkem 628 m²,,,,,dobrý stav,,,,,,,https://reality.idnes.cz/detail/prodej/dum/pardubice-na-lezankach/668fae1a111ad1108c0f9fa1/,2,,,,nezařízený,,,,2,,668fae1a111ad1108c0f9fa1,fb1e8d72597f62f71fcd625b8e0a9cc768e4ab5aea0e81c0fe37c5626644c220,IDNES-N106285
,890 000 KčSpočítat hypotéku,,,,"50.14357669,13.95245735",N/A,,,,,,,,,,,2,,,,,,,,,,"Pozemek, zahrada 1044 m², v oblasti Holubín u města StochovNabízím prodej pozemku 1044 m v blízkosti města Stochov. Na pozemku, který je veden v uzemním plánu jako zahrada, lze postavit malou chatku. Elektřina přivedena na pozemek. Pozemek je mírně svažitý, poté svažitý. Příjezd po zpevněné cestě, která vede k chatové oblasti Holubín u města Stochov. Přes pozemek vede v horní části plynovod. V okolí je chatová oblast, zahrady. Stochov má veškerou občanskou vybavenost. Praha 20 min po dálnici D6. Autobusové a vlakové spojení do Kladna a Prahy.",Prodej zahrady 1 044 m²,,,,,,,,,,,,https://reality.idnes.cz/detail/prodej/pozemek/rynholec-na-holubine/66604d18bdf9d0261005e4fa/,,osobní,,,,,,,,,66604d18bdf9d0261005e4fa,df0b71544656a713e8e4991297df2eabfec1509f7b0df3dc7c54fc70e1a6967a,IDNES-N17128
,1 290 000 KčSpočítat hypotéku,,,,"49.4149078,16.3332047",N/A,,,,smíšená,,,předměstí,,G (vyhl. č. 78/2013 Sb.),,,,,,,,,,,,"Prodej zařízeného a plně funkčního mobilního domu (36m)Dumrealit. cz Vám zprostředkuje prodej mobilního domu (36m). Pokud vlastníte pozemek a chcete bydlet za opravdu nízké náklady, pořiďte si mobilní dům / mobilheim. Náš mobilní dům je zhotovený ze stabilních konstrukčních rámů z tenkostěnné oceli a tyto moduly jsou vhodné pro transport. Je zkonstruovaný tak, aby umožňoval celoroční užívání. Rozměry jsou 6x6m včetně 10m venkovní terasy. Maximální výška je 2,4m.Tento mobilní dům poskytuje veškerý komfort v malém prostoru, který je navržen tak, aby uživatele nikde nelimitovat a využil maximálně celou obytnou plochu. Kuchyně i koupelna je plně vybavena a umožní uživateli plnohodnotnou možnost přípravy jak přípravy jídel, tak i možnost hygieny a následně kvalitní odpočinek.Venkovní stěny: konstrukční rámy z lehké tenkostěnné oceli opláštěné z venkovní strany palubkami.Vnitřní stěny obvodové stěny jsou izolovány, tedy konstrukce je ve stěnách vyplněna tepelnou minerální izolací tl. 14cm. (Isover Profi Plus)Pod dřevěným obkladem ze SDK desek je dodatečná 5 cm izolace.Vnitřní příčky – konstrukční rámy oboustranně opláštěné SDK deskami.Okna a venkovní dveře – plastová okna s trojsklem a prosklené plastové vchodové posuvné dveře v černé barvě.Na oknech i dveřích namontovány venkovní rolety + na vstupních dveřích je síť proti hmyzu.Střecha je plochá, povrch z PVC svařovací folie, která je položena na spádových izolačních klínech (celý vnitřek interiéru mobilního domu je izolován 14cm Isover Profi Plus izolačními deskami.Obvodové stěny a střecha ještě dodatečnou 5 cm silnou izolací. Strop – SDK podhled s tepelnou izolací tl. 14cm, strop je zajištěn parotěsnou zábranou. Podlaha – vinyl, izolace i zespodaElektroinstalace je kompletní: PL rozvaděč, jističe, proudová ochrana, zásuvky, vypínače, osvětlovací tělesa.Rekuperační jednotka. Zásuvka pro připojení antény k TV + datové rozvody.Vytápění – kompletní elektroinstalace pro el. vytápění včetně osazení el. přímotopu a koupelnového radiátoru.Koupelna – podlaha vinyl, obklady dřevo, osazena sprchovým koutem s vaničkou o velikosti 1,2x0,8 m. umyvadlo, zrcadlo s osvětlením.WC - v koupelně je umístěna ekologická separační toaleta.Kuchyně - kuchyňská linka vč. dřezu a baterie, vestavěná plynová dvouplotýnková varná deska na PB, lednice (gorenje), přípojka na pračku.Ohřev TUV – el. bojler 30 l (Ariston)MD dále obsahuje: - kompletní vnitřní rozvody vody a kanalizace - veškeré spojovací prostředky a lišty - přípojky pro napojení elektriky, vody a odpadu.BONUSY:-prostorově stabilní ocelová konstrukce - moduly vhodné pro transport-použití kvalitních materiálů-kompletní vybavenost kuchyně i koupelny nábytkem-venkovní terasa 16m-nízké energetické náklady - levné bydlení-možnost modulového rozšíření o další prostor-ex works Pernštejnské Jestřabí - Maňová (Brno-venkov)pro další informace volejte makléři Ev. číslo: 649267.",Prodej zařízeného a plně funkčního mobilního domu (36m),,,,,dobrý stav,,,,,,,https://reality.idnes.cz/detail/prodej/maly-objekt-nebo-garaz/pernstejnske-jestrabi/682da2c2fb5dc3e2ca0274f7/,2,osobní,,,,,,,2,,682da2c2fb5dc3e2ca0274f7,bc07b471469ed9e2a498cefbb3d5f92debf94cc890e4edeebe8dcb5e68021435,IDNES-649267
,11 997 000 KčSpočítat hypotéku,,,,"49.7830706443,13.2870479399",N/A,,,,smíšená,,,,,G (vyhl. č. 78/2013 Sb.),,2,,,,,samostatný,,,,,"Prodej rodinného domu 292 m², pozemek 600 m²Exkluzivně nabízíme prodej nádherného rodinného domu o dispozici 5+kk, který si zamilujete na první pohled. Celý dům je laděn do přírodních luxusních materiálů jako je dřevo, kov a kámen.V přízemí se nachází dvě velké místnosti a technické zázemí. Ve druhém patře se nachází obytná část s kuchyní, dvěma ložnicemi a koupelnou se samostatným WC. Z druhého patra je po schodech přístupné patro půdní galerie se dvěma pokoji.Přízemí domu je možno také využívat k podnikatelským záměrům, má dokonce vlastní vchod z ulice a parkování před domem až pro čtyři vozidla.Dům byl kolaudovaný v roce 2007, má tři podlaží a nabízí dostatek úložného prostoru. Vytápění je zajištěno plynovým kotlem ve spojení s krbovou vložkou s výměníkem a podlahovým topením. Pro větší komfort a úsporu jsou na oknech předokenní hliníkové žaluzie na dálkové ovládání.Součástí domu je zahradní pergola s otevřeným ohněm a udírnou. Pergola a díl oplocení je obložený luxusními lícovými cihlami Brickland. V pergole na podlaze je exotická Garapa, která netřískuje.Celková výměra podlahové plochy domu: 292,3 m².Orientační náklady na provoz domu:Plyn: 2.720 KčElektřina: 1.860 KčVoda: nehradí seDům se nachází na pozemku o celkové výměře 600 m².Parkovat můžete pohodlně na prostorném místě před domem.Dům je napojen na společný vrt, který využívá celkem 5 domů v lokalitě. V průběhu příštího roku se plánuje napojení celé lokality na městský vodovod a kanalizaci – napojení na vodovod a kanalizaci městské části Malesice je nyní v realizaci. Nový vlastník také může realizovat vlastní vrt na vodu na zahradě.Na pozemku je zřízena také vlastní čistička odpadních vod.Dům se nachází v klidné rezidenční ulici s minimálním provozem – slepá komunikace slouží výhradně pro obsluhu místních, což zajišťuje naprostý klid a bezpečné prostředí.Dolní Vlkýš nabízí výbornou dopravní dostupnost, můžete využít MHD – linka č. 53: Dolní Vlkýš – Malesice – Radčice. Lokalita je dobře dostupná i pro cyklisty díky přilehlým cyklotrasám, které vedou malebnou krajinou a propojují okolní obce.Základní občanská vybavenost je dostupná v nedalekých Malesicích nebo Radčicích. Lokalita je vhodná jak pro klidné rodinné bydlení, tak i jako investice do budoucna.Pokud hledáte místo, kde si odpočinete od ruchu města, ale nechcete se vzdát jeho výhod, Dolní Vlkýš je skvělou volbou.",Prodej domu 292 m² s pozemkem 600 m²,,,,,dobrý stav,,,,,,,https://reality.idnes.cz/detail/prodej/dum/plzen-na-strazi/683d8225806c115e06007534/,2,,,,,,,,,,683d8225806c115e06007534,904341e3e47bb3b67106209ec01b18860de05e1a71d2e685dc811506fcb41bd4,IDNES-2010035020
,5 490 000 KčSpočítat hypotéku,,,230V,N/A,N/A,,,,cihlová,,,klidná část,,G (vyhl. č. 78/2013 Sb.),,,,,,přízemí (1. NP = nadzemní podlaží),,,3,,,"Zámecký sklípek, stodola k pořádání akcí, venkovním zázemím eventy, svatby i stylové podnikáníChtěli byste podnikat v oblasti pořádání akcí, eventů a svateb na Jižní Moravě?Hledáte místo s atmosférou, historií a potenciálem, které si zamilují hosté na první pohled?Pak vás nadchne toto výjimečné místo hned vedle zámeckého parku s plně vybaveným zázemím pro jedinečné zážitky.Zámecký sklípek v Miroslavských Knínicích, obklopený zelení a hned u zámeckého parku je exkluzivní komerční nemovitosti s neopakovatelnou atmosférou a historickým kouzlem.Tento areál spojuje historii s moderním využitím a nabízí ideální zázemí pro pořádání svateb, oslav, firemních eventů, ochutnávek vín i stylových setkání s přáteli. Tyto prostory kombinují historickou atmosféru s moderním vybavením, což je činí ideálními pro různé společenské události.Součástí prodeje je:Zámecký sklípek v Miroslavských Knínicích nabízí jedinečné prostory pro pořádání různorodých akcí s kapacitou 65 osob.Sklípek je stylově zrekonstruovaný a velmi vkusně vybaven a upraven na pořádání firemních akcí, rodinných oslav, svatebních hostin, degustací vín či posezení s přáteli.Zámecká stodola je situována v parku mimo silniční ruch, je stylově zařízená a nabízí kapacitu až 130 osob.Stodola Je kompletně vybavená a vhodná pro pořádání svateb, oslav a firemních akcí a je zde možnost vybudování dalšího eventového nebo ubytovacího prostoru.Klenuté prostory 1. PP a 2. PP – levé i pravé křídlo sklepení je ideální pro rozšíření provozu, uskladnění vína nebo umělecké instalace.Venkovní posezení s grilem – romantické místo pro letní večery pod širým nebem.Možnost ubytování v rámci akcí je ve wellness hotelu Ryšavý, vzdáleném 12 km, s dopravou mezi hotelem a sklípkem.Nemovitost se nachází mimo silniční ruch, uprostřed přírody, v zámeckém parku s vynikající dostupností do vinařských a turistických lokalit jižní Moravy.Lokalita s potenciálem a v blízkosti zajímavých městMiroslavské Knínice leží v srdci vinařského kraje s výbornou dostupností do Znojma, Mikulova i na Pálavu – tři místa s jedinečnou atmosférou, historickými památkami a každoročně hojně navštěvovanými turisty.Mikulov – vinařská perla s dominantním zámkem, historickým centrem a bohatou kulturní nabídkou.Znojmo – královské město s gotickou věží, podzemními chodbami a významnými památkami.Pálava a Dolní Věstonice – vinice, výhledy, naučné stezky a archeologické bohatství.Nabídka je ideální pro investory a podnikatele hledající unikátní prostor pro rozvoj stylového eventového místa.Je vhodná pro vinaře nebo gastronomické nadšence, kteří chtějí spojit historii s vínem a zážitky a také pro podnikatele, kteří sní o pořádání svateb v kouzelném prostředí s duší.Více informací na webu zamecky-sklipek. czTahle příležitost je stejně výjimečná jako samotný prostor.V případě zájmu o podrobnosti a sjednání prohlídky vyplňte kontaktní formulář ""NAPSAT PRODEJCI"". Zašleme Vám k prostudování dostupnou dokumentaci a budeme Vás kontaktovat s nabídkou vhodného času prohlídky, které se budou konat v pátek 6.6.2025.Těšíme se na Vás :)",Prodej komerčního objektu (jiného typu) 1 146 m²,asfalt,,,,po rekonstrukci,,,,,,jiného typu,https://reality.idnes.cz/detail/prodej/komercni-nemovitost/miroslavske-kninice/683a132cf2c6a03cdf02b07c/,2,,,částečně zařízený,,,,,2,,683a132cf2c6a03cdf02b07c,a7544d669268d58ac294e8505f0029677984bbc9f045ee07d291e84f93ef1a0c,IDNES-20250024
,6 850 000 KčSpočítat hypotéku,,,"230V, zavedena","49.6210219529,14.0848959437",N/A,,septik / jímka,,,,,,,,,2,,,,,,,,,,"Prodej rovinatého a slunného stavebního pozemku o velkosti 5184m² v malebné obci Pečičky (okr. PříbrDovolujeme si Vám nabídnout ke koupi krásný slunný rovinatý stavební pozemek v malebné obci Pečičky (okr. Příbram) o velikosti 5184m², pozemek viz. studie lze rozdělit na pět stavebních pozemku k výstavbě rodinných domů.Skvělá lokalita na bydlení, v okolí lesy, rybníky a krásná příroda, obec 5km od Milína kde je kompletní občanská vybavenost a 4km (7min) od sjezdu nové dálnice D4 díky nímž bude bude trvat cesta do Prahy 40min.Pozemek je kompletně oplocen, na hranici pozemku elektřina, je potřeba studna a jímka, doporučujeme prohlídku.Pro více info volejte kdykoliv makléři.",Prodej stavebního pozemku 5 184 m²,,,,,,,,,,,,https://reality.idnes.cz/detail/prodej/pozemek/pecice/681dad99073c8ebe520a8f56/,,,,,,,,,,,681dad99073c8ebe520a8f56,8824eeabe529996a05b69c9ae88dd29cc57d9f228577b47142ed12c54fd62915,IDNES-00054
,1 750 170 KčSpočítat hypotéku,,,,N/A,N/A,,,,,,,,,,,2,,,,,,,,,,"Pozemky určené k bydlení 1362 m², StochovNabízíme k prodeji pozemky o celkové výměře 1362 m² v obci Stochov. Pozemky jsou územním plánem určeny k zástavbě - Individuální městské bydlení v rodinných domech (BI). Pozemky jsou rovinaté. Veškeré v přímé blízkosti pozemku. Na pozemky navazují pozemky obce Stochov. Bližší informace v RK.",Prodej stavebního pozemku 1 362 m²,,,,,,,,,,,,https://reality.idnes.cz/detail/prodej/pozemek/stochov-s-k-neumanna/6478684563965572110a9d0f/,,osobní,,,,,,,,,6478684563965572110a9d0f,b652d08c4b47c84e1926074dff1ecef07cf259c8632367b47a1ddabd81d8c237,IDNES-N17741
2,2 850 000 KčSpočítat hypotéku,,,230V,N/A,N/A,,,,cihlová,,klidná část,,,B (vyhl. č. 264/2020 Sb.),,,,,3. patro (4. NP),,,,,5 podlaží,,"Prodej bytu 1+kk v novém developerském projektu Green Garden 3 Mariánské LázněNabízíme Vám možnost koupě bytů ve 3. etapě úspěšného projektu Green Garden v Mariánských Lázních. Projekt Green Garden 3 je vyprojektován jako maximálně úsporný objekt, a to z hlediska zateplení (PENB, třída B), tak i systému vytápění, který bude tvořen energetickým mixem díky plynovým kotlům a tepelným čerpadlům. V nabídce jsou byty dispozice 1+kk, 2+kk a 3+kk, a nově i přízemní byty s prostornými předzahrádkami. Po dohodě lze pro budoucí majitelé připravit byty dle vlastní dispozice a požadavků. Dále si budoucí majitelé mohou zakoupit sklepní kóji nebo parkovací stání v areálu. Projekt Green Garden 3 se nachází ve velmi klidné lokalitě centra města na hranici lesa a blízko nákupně-administrativní zóny Nová Chebská. Dle obvyklého standardu developera jsou byty vybaveny kvalitními zařizovacími předměty (podlahy, dveře, koupelny), celý budoucí areál bude oplocen, hlídán kamerovým systémem a součástí areálu bude samozřejmě i dětské hřiště, vše v těsném sousedstvím s parkem a lesem. Kolaudace je naplánovaná nejpozději do konce 1. kvartálu 2027. Kompletní nabídka volných bytů včetně ceníku a podrobných informací je k dispozici na naších webových stránkách.",Prodej bytu 1+kk 26 m²,,,71 kWh,,,ve výstavbě,,,ústřední - dálkové,,,https://reality.idnes.cz/detail/prodej/byt/marianske-lazne-chebska/68148f505712b688970f7c59/,2,osobní,,,,,,,,,68148f505712b688970f7c59,6262859f7586280aa08e5132adce811ee14403136d6195a2a09b0791ff9c419b,IDNES-01339 (4.1)
,21 900 000 KčSpočítat hypotéku,21.02.2024,,,N/A,N/A,,,2024,cihlová,,,klidná část,,G (vyhl. č. 264/2020 Sb.),,2,,,,,v bloku,,,,,"Rodinný dům 4kk + studio + možnost rozšíření - nové bydlení na Bílé hořeK prodeji atypické a krásné bydlení ze silným Genius Loci na Bílé Hoře v ul. Ve Višňovce, Praha Ruzyně.V blízkosti přírody a přece dobře dostupné do města.Nadstandardně vybavená a zkolaudovaná novostavba 4kk se zadní částí původního domu po pečlivé rekonstrukci, připravená k finálnímu interiérovému dokončení dle představ budoucího majitele.V zadní části pozemku jsou v pískovcové skále vybudovány romantické terasy, propojené s domem, poskytující prostor pro venkovní posezení. Tuto část pozemku (70 m²) lze využít rovněž jako stavení parcelu pro budoucí rozšíření domu o dalších 180 m² hrubé podlažní plochy při zastavění dvěma plnými a jedním ustoupeným podlažím.&#8226; Dům má dispozice 4kk, 2 koupelny, tech. místnost, komoru, čistá podlahová plocha je 140 m². Velká terasa směrem do ulice.&#8226; Dále je na dvorku malý domek - studio 15 m² s jedním pokojem, vlastním wc a koupelnou, původní a udržovaný stav. Možnost využití na bydlení, podnikání, wellness.&#8226; Dvougaráž o výměře 30 m² je vybavena přípravou pro elektro dobíjení.&#8226; Pozemek cca 300 m².&#8226; Za domem skála 70 m² - zahrada. Vzhledem k tomu, že se jedná o pískovcovou skálu, je zde možno se skálou dále pracovat a vytvořit tak unikátní zahradu s posezením nebo přistavět dům.&#8226; Dva vytesané sklípky do skályJedná se o nadstandartní novostavbu s částí rekonstrukce původního domu, materiály jsou vyšší kvality a precizního provedení:&#8226; Zděný systém Porfix, monolitické stropy, ocelové schodiště&#8226; Zateplení stěn 140 EPS grey, střecha - nadkrokevní izolace PIR panely 200mm, zateplení podlahy 150 EPS.&#8226; Kvalitní dřevěná okna Otherm s trojskly.&#8226; Kondenzační plynový kotel Buderus se zásobníkem TUV, podlahové vytápění + radiátory. Každé patro má své autonomní vytápění, tedy svůj vlastní okruh s vlastním čerpadlem. Možnost nastavení vytápění pro jednotlivé místnosti. Systém je možné v budoucnu event. napojit na tepelné čerpadlo.&#8226; Cirkulační oběh teplé užitkové vody.&#8226; Příprava pro krbová kamna s přívodem vzduchu podlahou.K dokončený chybí: čisté podlahy a nášlapy schodů , interiérové dveře, dovybavení koupelen, kuchyňská linka, dokončení skalních teras.Pro dokončení domu je možno využít před domluvenou stavební společnost.Vyžijte možnosti pořídit nemovitost v ojedinělé lokalitě, která nabízí klidné bydlení, veškerou občanskou vybavenost, dopravní dostupnost (cca 10 chůze tram 22, metro Petřiny) i krásu blízké obory Hvězda.Pokud Vás nabídka zaujala, napište si nebo zavolejte o více informací a prohlídku.",Prodej domu 288 m² s pozemkem 300 m²,,2023,,,po rekonstrukci,,,2,,,,https://reality.idnes.cz/detail/prodej/dum/praha-6-ve-visnovce/683d81e60eb6b4cd24045dab/,2,osobní,,,zařízený,,,,2,,683d81e60eb6b4cd24045dab,f92b2fefcb87a5912315866b58d9251fe2b7f7b1becf8771c2bcbb203024ed8f,IDNES-219140
,1 750 000 KčSpočítat hypotéku,,,,"48.9132261,16.8985015",N/A,,,,cihlová,,,klidná část,,G (vyhl. č. 78/2013 Sb.),,,,,,,,,,,,"Prodej vinného sklepa v obci VrbiceVinný sklep k prodeji v srdci vinařského kraje – Vrbice u Velkých PavlovicPředstavujeme jedinečný vinný sklep o užitné ploše 47 m v srdci vyhlášené vinařské oblasti Vrbice, který nabízí nejen prostor pro uchovávání vína, ale i potenciál k přestavbě na stylovou rekreační nemovitost či luxusní chatu, kam se budete vždy rádi vracet.Charakteristika nemovitosti a její možnostiTento cihlový sklep je zasazený v malebné ulici mezi dalšími vinnými sklepy a nabízí ideální prostředí pro relaxaci a únik z každodenního shonu. Nemovitost o zastavěné ploše 40 m je samostatně stojící a snadno přístupná z asfaltové obecní komunikace. I bez přilehlých pozemků či vinice představuje nízkoúdržbovou investici s velkým rekreačním potenciálem.Dispozice a atmosféra interiéru:Lisovna (15 m): Úvodní místnost s autentickým dřevěným lisem a schodištěm do vyššího patra. Její prostor se může snadno přeměnit v útulnou vstupní halu s charakterem tradičního vinařského prostoru.Posezení s krbem (4 m): Zděný krb v samostatné místnosti nabízí možnost útulného posezení u vína – prostor ideální pro degustační zážitky s rodinou a přáteli.Klenutý sklep (25 m): Působivý cihlový sklep s vysokým klenutým stropem a hliněnou podlahou je dokonalý pro skladování vína nebo přestavbu na jedinečnou vinotéku, která bude mít tu správnou atmosféru.První nadzemní podlaží (27 m): Prostorné patro s dřevěnou podlahou a dvojicí oken, které propouští denní světlo. Tento prostor má obrovský potenciál pro vybudování obytné zóny, s možností vytvořit zde dvě ložnice pro víkendové nebo prázdninové pobyty.Plány a možnosti rozšíření:Nemovitost má zpracovaný projekt, který zahrnuje vybudování druhého nadzemního podlaží. Tento plán počítá s útulnou spací zónou, která díky sedlové střeše nabídne maximální výšku až 3,7 m. To vám umožní vytvořit zde komfortní ubytovací prostory s výhledem na malebnou krajinu jižní Moravy.Vybavenost:Napojení na elektřinu zajišťuje pohodlí a možnost přizpůsobit interiér k plnohodnotnému rekreačnímu využití.Lokalita – kouzlo VrbiceObec Vrbice, vzdálená 12 km od vinařského města Hustopeče, je vyhledávanou destinací pro milovníky vína a přírody. Tato vinařská obec v okrese Břeclav nabízí klid, krásné výhledy a atmosféru, která inspiruje k odpočinku i dobrodružstvím v okolních vinicích.Investujte do nemovitosti s duší a obrovským potenciálem – ideální pro rekreační účely nebo jako luxusní chata pro vás a vaše blízké. Pro více informací kontaktujte makléřeEv. číslo: 649041.",Prodej vinného sklepa v obci Vrbice,,,,,dobrý stav,,,,,,,https://reality.idnes.cz/detail/prodej/maly-objekt-nebo-garaz/vrbice/682da2fd7de61008f308b41d/,2,osobní,,,,,,,2,,682da2fd7de61008f308b41d,937b93810876c438b90e087de0064d24d926300fa27d4fb758abcb8427b001f0,IDNES-649041
,461 219 KčSpočítat hypotéku,,,,N/A,N/A,,,,,,,,,,,2,,,,,,,,,,"Louka, prodej, Bohdalov, Městečko Trnávka, SvitavyV exkluzivním zastoupení majitele nabízím k prodeji zemědělské pozemky v katastrálním území Bohdalov u Městečka Trnávky, okres Svitavy. Všechny parcely jsou zapsané na LV 194 a jsou ve 100% vlastnictví.Jedná se o následující parcely: parc. č. 353/5, 353/14, 906, 377/12 a 377/9, které jsou vedené jako trvalý travní porost o celkové výměře 18 876 m. Dále je součástí prodeje parcela č. 377/13, která je vedena jako lesní pozemek s výměrou 1 177 m. Celková výměra prodávaných pozemků činí 20 053 m.Nezaujala vás tato nabídka? Připojte se k MojePole Plus a získejte exkluzivní nabídky přímo do své e-mailové schránky. Stačí vyplnit nezávaznou poptávku na našich stránkách.Pro více informací mě kontaktujte telefonicky nebo e-mailem.Majitel si vyhrazuje právo vybrat kupujícího na základě nabídky.",Prodej louky 20 053 m²,,,,,,,,,,,,https://reality.idnes.cz/detail/prodej/pozemek/mestecko-trnavka/68303f2122e19bed810f1a66/,,osobní,,,,,,,,,68303f2122e19bed810f1a66,aff64d50aafcdf9f5c0a3cd09699a6190dc8e4522f58ea169142032fa996877d,IDNES-6566-4
2,2 875 000 KčSpočítat hypotéku,,,230V,N/A,N/A,,,,cihlová,,klidná část,,,B (vyhl. č. 264/2020 Sb.),,,,,4. patro (5. NP),,,,,5 podlaží,,"Prodej bytu 1+kk v novém developerském projektu Green Garden 3 Mariánské LázněNabízíme Vám možnost koupě bytů ve 3. etapě úspěšného projektu Green Garden v Mariánských Lázních. Projekt Green Garden 3 je vyprojektován jako maximálně úsporný objekt, a to z hlediska zateplení (PENB, třída B), tak i systému vytápění, který bude tvořen energetickým mixem díky plynovým kotlům a tepelným čerpadlům. V nabídce jsou byty dispozice 1+kk, 2+kk a 3+kk, a nově i přízemní byty s prostornými předzahrádkami. Po dohodě lze pro budoucí majitelé připravit byty dle vlastní dispozice a požadavků. Dále si budoucí majitelé mohou zakoupit sklepní kóji nebo parkovací stání v areálu. Projekt Green Garden 3 se nachází ve velmi klidné lokalitě centra města na hranici lesa a blízko nákupně-administrativní zóny Nová Chebská. Dle obvyklého standardu developera jsou byty vybaveny kvalitními zařizovacími předměty (podlahy, dveře, koupelny), celý budoucí areál bude oplocen, hlídán kamerovým systémem a součástí areálu bude samozřejmě i dětské hřiště, vše v těsném sousedstvím s parkem a lesem. Kolaudace je naplánovaná nejpozději do konce 1. kvartálu 2027. Kompletní nabídka volných bytů včetně ceníku a podrobných informací je k dispozici na naších webových stránkách.",Prodej bytu 1+kk 26 m²,,,71 kWh,,,ve výstavbě,,,ústřední - dálkové,,,https://reality.idnes.cz/detail/prodej/byt/marianske-lazne-chebska/68148fb67b978c8d400dd56a/,2,osobní,,,,,,,,,68148fb67b978c8d400dd56a,e1298a9298d527da9c28e6426f49844e8315aff80f30d468bbf5137226972efa,IDNES-01341 (5.7)
,5 990 000 KčSpočítat hypotéku,,,zavedena,"50.3458664,12.827207",N/A,,,,smíšená,,,klidná část,vlastní čistička,A (vyhl. č. 264/2020 Sb.),,,,veřejný přívod,,,samostatný,,,,,"Prodej chaty 3+kk ve Pstruží přímo u lanovky skiareálu PlešivecExkluzivně nabízíme k prodeji novou luxusní, moderně zařízenou chatu s velkou terasou, která je součástí rezidence Horská zahrada v Krušných horách, pouhých 100 metrů od lanovky skiareálu Plešivec s vlastním parkovacím místem v ceně. Nabízí pro nové vlastníky dispozici 3+kk s plochou 33 m s terasou o ploše 28 m a veškeré komfortní vybavení včetně internetového připojení. Nehledejte dál, tady najdete svůj nový domov v horském ráji. Zde si nepořizujete pouze apartmán, ale soukromý kousek hor - pořizujete si horskou zahradu na slunečním jižním svahu pro váš klid a relaxaci. Součástí koupě apartmánu je i podíl na pozemku (zdarma) v uzavřeném areálu o velikosti 3800 m, s krytým posezením a grilem. Dále zde najdete lyžárnu, kolárnu, dětské hřiště, parkoviště a mnohé další. Možností je i koupě dalších volných apartmánů v hlavní budově různých dispozic. Pro více informací nás neváhejte kontaktovat nebo navštivte web nemovitosti. Ev. číslo: 651272.",Prodej chaty/chalupy 61 m²,,,236 kWh,,novostavba,,,,lokální - elektrické,,,https://reality.idnes.cz/detail/prodej/dum/merklin/682f393a9add671f4d041358/,2,osobní,vlastní zdroj,,zařízený,,,,2,,682f393a9add671f4d041358,58af36a839a5dfb5f1323c941d3e833dda130866aadf310722b507a1e0e2b3cb,IDNES-651272
,7 280 000 KčSpočítat hypotéku,,,,"50.2856959,14.5939794",N/A,,,,smíšená,,,klidná část,,G (vyhl. č. 264/2020 Sb.),,2,,,,,rohový,,,,,"Prodej rodinného domu 183 m, pozemek 333 m, VšetatyProdej rodinného domu s užitnou plochou, více než 183 m a pozemek 333 m v obci Všetaty. Současná dispozice domu je 4+1, vy však dům určený k rekonstrukci můžete využít dle vlastních potřeb a libosti. Tato malebná obec (Městys) je vzdálena od Prahy (do 30 minut). Samotný dům je o 2. podlaží a nabízí několik možností využití. Rekonstrukcí zde můžete získat vskutku velký rodinný dům, nebo si místo plně přetvořit, například pro sídlo firmy.Dispozice stávajícího domu je tvořena následovně: ze zádveří je přístup do dvou průchozích místností. Doposud ta první fungovala, jako samostatná kuchyně. Ta druhá, jako pokoj pro hosty. Ihned ze zádveří se dostaneme na samostatnou toaletu a dále vstup na prostornou chodbu, odkud jsou přístupné všechny ostatní místnosti. Tedy další 3 pokoje a samostatní koupelna. Vy se však nemusíte držet stávající dispozice a můžete si upravit dům tak, aby vyhovoval přímo Vám.Oddělený vstup z venku, vede přes schodiště do podkroví. Zde se nabízí vybudovat další místnosti a rozšířit tak již dostatečně velký dům. Záleží tedy jen na Vás. V současné době, půda sloužila jako úložný prostor a byla zde vybodovaná hobby dílna, ze které vede vstup na terasu.Na pozemku, který není sice nikterak velký, za to se tu nenadřete s několika hodinovou týdenní prací na zahradě, stojí také další stavení. Zde je k dispozici sklad, kolna, garáž a nad nimi vyhřívaný skleník. Šel by zde vybudovat například ateliér. Vše je zakresleno v katastru, jak má být.- Dispozice 4+1, patrový dům, v ideální lokalitě pro život.- Malý pozemek 333 m – ideální velikost, která nezabere hodiny sekáním, ale dům umožní dostatek prostoru i pro početnější rodinu.- Dvě parkovací stání – jedno garážové, druhá otevřené, ve dvoře.- Výborná obecní vybavenost, která Vás jistě překvapí.- Velký vyhřívaný skleníkTato nemovitost lze financovat hypotečním úvěrem, který pro Vás vyřídíme zdarma. Pro více informací kontaktujte makléře. Ev. číslo: 651107.",Prodej domu 183 m² s pozemkem 333 m²,,,519 kWh,,před rekonstrukcí,,,,,,,https://reality.idnes.cz/detail/prodej/dum/vsetaty-palackeho/682ef2ed800752bada0334e2/,2,osobní,,,nezařízený,,,,2,,682ef2ed800752bada0334e2,b2d010d1a2a5ad03d222f0e4a90d22d0fce6d523dd3186069ebcba4952b4b780,IDNES-651107
